Starting ML training batch job at Sat Aug  9 15:48:01 +01 2025
Job ID: 5077956
Running on node: slurm-himem-h22a8-u3-sv
==================================
Starting batch processing: 3 total runs
Models: knn pca rf
Datasets: Fox
Window sizes: 60
==================================
[1/3] Processing: knn | Fox | window_size=60
Using 8 workers for data loading.
Starting TRAIN and VALID for knn on Fox with window size 60...
--- Step 1: Loading input files ---
Loaded 687989 log events and a map of 6132 template vectors.
--- Step 2: Generating and processing sequences with window_size=60 ---
Found 1463 zero vectors in the aggregated feature vectors. out of 687929
--- Step 3: Performing chronological train-val-test split ---

Sanity Checking: |          | 0/? [00:00<?, ?it/s]
Sanity Checking:   0%|          | 0/2 [00:00<?, ?it/s]
Sanity Checking DataLoader 0:   0%|          | 0/2 [00:00<?, ?it/s]
Sanity Checking DataLoader 0:  50%|█████     | 1/2 [00:00<00:00, 1154.82it/s]
Sanity Checking DataLoader 0: 100%|██████████| 2/2 [00:00<00:00, 845.20it/s] 
                                                                            

Training: |          | 0/? [00:00<?, ?it/s]
--- Fitting sklearn model: KNN ---
Model fitting complete.

Training:   0%|          | 0/1935 [00:00<?, ?it/s]
Epoch 0:   0%|          | 0/1935 [00:00<?, ?it/s] 
Epoch 0:   0%|          | 1/1935 [00:00<00:06, 288.61it/s]
Epoch 0:   0%|          | 1/1935 [00:00<00:07, 273.80it/s]
Epoch 0:   0%|          | 2/1935 [00:00<00:04, 445.89it/s]
Epoch 0:   0%|          | 2/1935 [00:00<00:04, 429.41it/s]
Epoch 0:   0%|          | 3/1935 [00:00<00:07, 253.60it/s]
Epoch 0:   0%|          | 3/1935 [00:00<00:07, 249.82it/s]
Epoch 0:   0%|          | 4/1935 [00:00<00:06, 315.09it/s]
Epoch 0:   0%|          | 4/1935 [00:00<00:06, 311.03it/s]
Epoch 0:   0%|          | 5/1935 [00:00<00:05, 368.89it/s]
Epoch 0:   0%|          | 5/1935 [00:00<00:05, 364.42it/s]
Epoch 0:   0%|          | 6/1935 [00:00<00:04, 416.89it/s]
Epoch 0:   0%|          | 6/1935 [00:00<00:04, 412.19it/s]
Epoch 0:   0%|          | 7/1935 [00:00<00:04, 459.82it/s]
Epoch 0:   0%|          | 7/1935 [00:00<00:04, 454.10it/s]
Epoch 0:   0%|          | 8/1935 [00:00<00:04, 426.94it/s]
Epoch 0:   0%|          | 8/1935 [00:00<00:04, 423.01it/s]
Epoch 0:   0%|          | 9/1935 [00:00<00:04, 459.88it/s]
Epoch 0:   0%|          | 9/1935 [00:00<00:04, 456.08it/s]
Epoch 0:   1%|          | 10/1935 [00:00<00:03, 490.55it/s]
Epoch 0:   1%|          | 10/1935 [00:00<00:03, 486.76it/s]
Epoch 0:   1%|          | 11/1935 [00:00<00:03, 518.90it/s]
Epoch 0:   1%|          | 11/1935 [00:00<00:03, 515.32it/s]
Epoch 0:   1%|          | 12/1935 [00:00<00:03, 545.62it/s]
Epoch 0:   1%|          | 12/1935 [00:00<00:03, 541.66it/s]
Epoch 0:   1%|          | 13/1935 [00:00<00:03, 569.56it/s]
Epoch 0:   1%|          | 13/1935 [00:00<00:03, 565.41it/s]
Epoch 0:   1%|          | 14/1935 [00:00<00:03, 592.04it/s]
Epoch 0:   1%|          | 14/1935 [00:00<00:03, 588.43it/s]
Epoch 0:   1%|          | 15/1935 [00:00<00:03, 613.29it/s]
Epoch 0:   1%|          | 15/1935 [00:00<00:03, 608.63it/s]
Epoch 0:   1%|          | 16/1935 [00:00<00:03, 618.59it/s]
Epoch 0:   1%|          | 16/1935 [00:00<00:03, 614.72it/s]
Epoch 0:   1%|          | 17/1935 [00:00<00:03, 624.21it/s]
Epoch 0:   1%|          | 17/1935 [00:00<00:03, 620.48it/s]
Epoch 0:   1%|          | 18/1935 [00:00<00:03, 629.18it/s]
Epoch 0:   1%|          | 18/1935 [00:00<00:03, 625.89it/s]
Epoch 0:   1%|          | 19/1935 [00:00<00:03, 633.05it/s]
Epoch 0:   1%|          | 19/1935 [00:00<00:03, 629.25it/s]
Epoch 0:   1%|          | 20/1935 [00:00<00:03, 636.52it/s]
Epoch 0:   1%|          | 20/1935 [00:00<00:03, 633.21it/s]
Epoch 0:   1%|          | 21/1935 [00:00<00:02, 639.90it/s]
Epoch 0:   1%|          | 21/1935 [00:00<00:03, 636.72it/s]
Epoch 0:   1%|          | 22/1935 [00:00<00:02, 641.97it/s]
Epoch 0:   1%|          | 22/1935 [00:00<00:02, 638.66it/s]
Epoch 0:   1%|          | 23/1935 [00:00<00:02, 645.28it/s]
Epoch 0:   1%|          | 23/1935 [00:00<00:02, 642.10it/s]
Epoch 0:   1%|          | 24/1935 [00:00<00:02, 647.75it/s]
Epoch 0:   1%|          | 24/1935 [00:00<00:02, 644.58it/s]
Epoch 0:   1%|▏         | 25/1935 [00:00<00:02, 650.33it/s]
Epoch 0:   1%|▏         | 25/1935 [00:00<00:02, 647.47it/s]
Epoch 0:   1%|▏         | 26/1935 [00:00<00:02, 653.33it/s]
Epoch 0:   1%|▏         | 26/1935 [00:00<00:02, 650.88it/s]
Epoch 0:   1%|▏         | 27/1935 [00:00<00:02, 655.45it/s]
Epoch 0:   1%|▏         | 27/1935 [00:00<00:02, 652.76it/s]
Epoch 0:   1%|▏         | 28/1935 [00:00<00:02, 657.42it/s]
Epoch 0:   1%|▏         | 28/1935 [00:00<00:02, 654.86it/s]
Epoch 0:   1%|▏         | 29/1935 [00:00<00:02, 659.37it/s]
Epoch 0:   1%|▏         | 29/1935 [00:00<00:02, 657.03it/s]
Epoch 0:   2%|▏         | 30/1935 [00:00<00:02, 661.20it/s]
Epoch 0:   2%|▏         | 30/1935 [00:00<00:02, 658.63it/s]
Epoch 0:   2%|▏         | 31/1935 [00:00<00:02, 662.79it/s]
Epoch 0:   2%|▏         | 31/1935 [00:00<00:02, 660.28it/s]
Epoch 0:   2%|▏         | 32/1935 [00:00<00:02, 664.30it/s]
Epoch 0:   2%|▏         | 32/1935 [00:00<00:02, 662.21it/s]
Epoch 0:   2%|▏         | 33/1935 [00:00<00:02, 666.46it/s]
Epoch 0:   2%|▏         | 33/1935 [00:00<00:02, 664.21it/s]
Epoch 0:   2%|▏         | 34/1935 [00:00<00:02, 668.17it/s]
Epoch 0:   2%|▏         | 34/1935 [00:00<00:02, 666.00it/s]
Epoch 0:   2%|▏         | 35/1935 [00:00<00:02, 669.30it/s]
Epoch 0:   2%|▏         | 35/1935 [00:00<00:02, 667.14it/s]
Epoch 0:   2%|▏         | 36/1935 [00:00<00:02, 670.61it/s]
Epoch 0:   2%|▏         | 36/1935 [00:00<00:02, 668.54it/s]
Epoch 0:   2%|▏         | 37/1935 [00:00<00:02, 671.39it/s]
Epoch 0:   2%|▏         | 37/1935 [00:00<00:02, 669.36it/s]
Epoch 0:   2%|▏         | 38/1935 [00:00<00:02, 671.97it/s]
Epoch 0:   2%|▏         | 38/1935 [00:00<00:02, 670.23it/s]
Epoch 0:   2%|▏         | 39/1935 [00:00<00:02, 673.58it/s]
Epoch 0:   2%|▏         | 39/1935 [00:00<00:02, 671.45it/s]
Epoch 0:   2%|▏         | 40/1935 [00:00<00:02, 674.52it/s]
Epoch 0:   2%|▏         | 40/1935 [00:00<00:02, 672.65it/s]
Epoch 0:   2%|▏         | 41/1935 [00:00<00:02, 675.37it/s]
Epoch 0:   2%|▏         | 41/1935 [00:00<00:02, 673.48it/s]
Epoch 0:   2%|▏         | 42/1935 [00:00<00:02, 676.67it/s]
Epoch 0:   2%|▏         | 42/1935 [00:00<00:02, 674.82it/s]
Epoch 0:   2%|▏         | 43/1935 [00:00<00:02, 677.71it/s]
Epoch 0:   2%|▏         | 43/1935 [00:00<00:02, 675.92it/s]
Epoch 0:   2%|▏         | 44/1935 [00:00<00:02, 678.22it/s]
Epoch 0:   2%|▏         | 44/1935 [00:00<00:02, 676.52it/s]
Epoch 0:   2%|▏         | 45/1935 [00:00<00:02, 678.87it/s]
Epoch 0:   2%|▏         | 45/1935 [00:00<00:02, 677.31it/s]
Epoch 0:   2%|▏         | 46/1935 [00:00<00:02, 679.70it/s]
Epoch 0:   2%|▏         | 46/1935 [00:00<00:02, 678.19it/s]
Epoch 0:   2%|▏         | 47/1935 [00:00<00:02, 680.92it/s]
Epoch 0:   2%|▏         | 47/1935 [00:00<00:02, 678.95it/s]
Epoch 0:   2%|▏         | 48/1935 [00:00<00:02, 681.51it/s]
Epoch 0:   2%|▏         | 48/1935 [00:00<00:02, 679.77it/s]
Epoch 0:   3%|▎         | 49/1935 [00:00<00:02, 682.36it/s]
Epoch 0:   3%|▎         | 49/1935 [00:00<00:02, 680.77it/s]
Epoch 0:   3%|▎         | 50/1935 [00:00<00:02, 683.08it/s]
Epoch 0:   3%|▎         | 50/1935 [00:00<00:02, 681.66it/s]
Epoch 0:   3%|▎         | 51/1935 [00:00<00:02, 683.63it/s]
Epoch 0:   3%|▎         | 51/1935 [00:00<00:02, 682.07it/s]
Epoch 0:   3%|▎         | 52/1935 [00:00<00:02, 684.30it/s]
Epoch 0:   3%|▎         | 52/1935 [00:00<00:02, 682.87it/s]
Epoch 0:   3%|▎         | 53/1935 [00:00<00:02, 684.75it/s]
Epoch 0:   3%|▎         | 53/1935 [00:00<00:02, 683.41it/s]
Epoch 0:   3%|▎         | 54/1935 [00:00<00:02, 685.66it/s]
Epoch 0:   3%|▎         | 54/1935 [00:00<00:02, 684.12it/s]
Epoch 0:   3%|▎         | 55/1935 [00:00<00:02, 686.36it/s]
Epoch 0:   3%|▎         | 55/1935 [00:00<00:02, 684.94it/s]
Epoch 0:   3%|▎         | 56/1935 [00:00<00:02, 686.97it/s]
Epoch 0:   3%|▎         | 56/1935 [00:00<00:02, 685.48it/s]
Epoch 0:   3%|▎         | 57/1935 [00:00<00:02, 687.68it/s]
Epoch 0:   3%|▎         | 57/1935 [00:00<00:02, 686.29it/s]
Epoch 0:   3%|▎         | 58/1935 [00:00<00:02, 688.54it/s]
Epoch 0:   3%|▎         | 58/1935 [00:00<00:02, 687.31it/s]
Epoch 0:   3%|▎         | 59/1935 [00:00<00:02, 689.07it/s]
Epoch 0:   3%|▎         | 59/1935 [00:00<00:02, 687.71it/s]
Epoch 0:   3%|▎         | 60/1935 [00:00<00:02, 689.57it/s]
Epoch 0:   3%|▎         | 60/1935 [00:00<00:02, 688.21it/s]
Epoch 0:   3%|▎         | 61/1935 [00:00<00:02, 689.91it/s]
Epoch 0:   3%|▎         | 61/1935 [00:00<00:02, 688.72it/s]
Epoch 0:   3%|▎         | 62/1935 [00:00<00:02, 690.47it/s]
Epoch 0:   3%|▎         | 62/1935 [00:00<00:02, 689.11it/s]
Epoch 0:   3%|▎         | 63/1935 [00:00<00:02, 690.92it/s]
Epoch 0:   3%|▎         | 63/1935 [00:00<00:02, 689.70it/s]
Epoch 0:   3%|▎         | 64/1935 [00:00<00:02, 691.55it/s]
Epoch 0:   3%|▎         | 64/1935 [00:00<00:02, 690.22it/s]
Epoch 0:   3%|▎         | 65/1935 [00:00<00:02, 692.14it/s]
Epoch 0:   3%|▎         | 65/1935 [00:00<00:02, 690.80it/s]
Epoch 0:   3%|▎         | 66/1935 [00:00<00:02, 692.58it/s]
Epoch 0:   3%|▎         | 66/1935 [00:00<00:02, 691.38it/s]
Epoch 0:   3%|▎         | 67/1935 [00:00<00:02, 692.86it/s]
Epoch 0:   3%|▎         | 67/1935 [00:00<00:02, 691.63it/s]
Epoch 0:   4%|▎         | 68/1935 [00:00<00:02, 693.03it/s]
Epoch 0:   4%|▎         | 68/1935 [00:00<00:02, 691.85it/s]
Epoch 0:   4%|▎         | 69/1935 [00:00<00:02, 693.48it/s]
Epoch 0:   4%|▎         | 69/1935 [00:00<00:02, 692.44it/s]
Epoch 0:   4%|▎         | 70/1935 [00:00<00:02, 694.09it/s]
Epoch 0:   4%|▎         | 70/1935 [00:00<00:02, 692.88it/s]
Epoch 0:   4%|▎         | 71/1935 [00:00<00:02, 694.62it/s]
Epoch 0:   4%|▎         | 71/1935 [00:00<00:02, 693.52it/s]
Epoch 0:   4%|▎         | 72/1935 [00:00<00:02, 695.19it/s]
Epoch 0:   4%|▎         | 72/1935 [00:00<00:02, 694.00it/s]
Epoch 0:   4%|▍         | 73/1935 [00:00<00:02, 695.69it/s]
Epoch 0:   4%|▍         | 73/1935 [00:00<00:02, 694.54it/s]
Epoch 0:   4%|▍         | 74/1935 [00:00<00:02, 696.21it/s]
Epoch 0:   4%|▍         | 74/1935 [00:00<00:02, 695.22it/s]
Epoch 0:   4%|▍         | 75/1935 [00:00<00:02, 696.70it/s]
Epoch 0:   4%|▍         | 75/1935 [00:00<00:02, 695.62it/s]
Epoch 0:   4%|▍         | 76/1935 [00:00<00:02, 697.14it/s]
Epoch 0:   4%|▍         | 76/1935 [00:00<00:02, 696.04it/s]
Epoch 0:   4%|▍         | 77/1935 [00:00<00:02, 697.43it/s]
Epoch 0:   4%|▍         | 77/1935 [00:00<00:02, 696.48it/s]
Epoch 0:   4%|▍         | 78/1935 [00:00<00:02, 697.84it/s]
Epoch 0:   4%|▍         | 78/1935 [00:00<00:02, 696.73it/s]
Epoch 0:   4%|▍         | 79/1935 [00:00<00:02, 698.22it/s]
Epoch 0:   4%|▍         | 79/1935 [00:00<00:02, 697.19it/s]
Epoch 0:   4%|▍         | 80/1935 [00:00<00:02, 698.58it/s]
Epoch 0:   4%|▍         | 80/1935 [00:00<00:02, 697.50it/s]
Epoch 0:   4%|▍         | 81/1935 [00:00<00:02, 698.97it/s]
Epoch 0:   4%|▍         | 81/1935 [00:00<00:02, 697.96it/s]
Epoch 0:   4%|▍         | 82/1935 [00:00<00:02, 699.43it/s]
Epoch 0:   4%|▍         | 82/1935 [00:00<00:02, 698.53it/s]
Epoch 0:   4%|▍         | 83/1935 [00:00<00:02, 699.80it/s]
Epoch 0:   4%|▍         | 83/1935 [00:00<00:02, 698.80it/s]
Epoch 0:   4%|▍         | 84/1935 [00:00<00:02, 700.10it/s]
Epoch 0:   4%|▍         | 84/1935 [00:00<00:02, 699.11it/s]
Epoch 0:   4%|▍         | 85/1935 [00:00<00:02, 700.41it/s]
Epoch 0:   4%|▍         | 85/1935 [00:00<00:02, 699.54it/s]
Epoch 0:   4%|▍         | 86/1935 [00:00<00:02, 700.77it/s]
Epoch 0:   4%|▍         | 86/1935 [00:00<00:02, 699.75it/s]
Epoch 0:   4%|▍         | 87/1935 [00:00<00:02, 700.98it/s]
Epoch 0:   4%|▍         | 87/1935 [00:00<00:02, 700.06it/s]
Epoch 0:   5%|▍         | 88/1935 [00:00<00:02, 701.41it/s]
Epoch 0:   5%|▍         | 88/1935 [00:00<00:02, 700.43it/s]
Epoch 0:   5%|▍         | 89/1935 [00:00<00:02, 701.76it/s]
Epoch 0:   5%|▍         | 89/1935 [00:00<00:02, 700.84it/s]
Epoch 0:   5%|▍         | 90/1935 [00:00<00:02, 702.04it/s]
Epoch 0:   5%|▍         | 90/1935 [00:00<00:02, 701.23it/s]
Epoch 0:   5%|▍         | 91/1935 [00:00<00:02, 702.39it/s]
Epoch 0:   5%|▍         | 91/1935 [00:00<00:02, 701.49it/s]
Epoch 0:   5%|▍         | 92/1935 [00:00<00:02, 702.70it/s]
Epoch 0:   5%|▍         | 92/1935 [00:00<00:02, 701.80it/s]
Epoch 0:   5%|▍         | 93/1935 [00:00<00:02, 702.68it/s]
Epoch 0:   5%|▍         | 93/1935 [00:00<00:02, 701.87it/s]
Epoch 0:   5%|▍         | 94/1935 [00:00<00:02, 702.95it/s]
Epoch 0:   5%|▍         | 94/1935 [00:00<00:02, 702.02it/s]
Epoch 0:   5%|▍         | 95/1935 [00:00<00:02, 703.25it/s]
Epoch 0:   5%|▍         | 95/1935 [00:00<00:02, 702.40it/s]
Epoch 0:   5%|▍         | 96/1935 [00:00<00:02, 703.57it/s]
Epoch 0:   5%|▍         | 96/1935 [00:00<00:02, 702.66it/s]
Epoch 0:   5%|▌         | 97/1935 [00:00<00:02, 703.93it/s]
Epoch 0:   5%|▌         | 97/1935 [00:00<00:02, 703.08it/s]
Epoch 0:   5%|▌         | 98/1935 [00:00<00:02, 704.19it/s]
Epoch 0:   5%|▌         | 98/1935 [00:00<00:02, 703.43it/s]
Epoch 0:   5%|▌         | 99/1935 [00:00<00:02, 704.47it/s]
Epoch 0:   5%|▌         | 99/1935 [00:00<00:02, 703.64it/s]
Epoch 0:   5%|▌         | 100/1935 [00:00<00:02, 704.72it/s]
Epoch 0:   5%|▌         | 100/1935 [00:00<00:02, 703.91it/s]
Epoch 0:   5%|▌         | 101/1935 [00:00<00:02, 704.66it/s]
Epoch 0:   5%|▌         | 101/1935 [00:00<00:02, 703.94it/s]
Epoch 0:   5%|▌         | 102/1935 [00:00<00:02, 704.97it/s]
Epoch 0:   5%|▌         | 102/1935 [00:00<00:02, 704.11it/s]
Epoch 0:   5%|▌         | 103/1935 [00:00<00:02, 705.22it/s]
Epoch 0:   5%|▌         | 103/1935 [00:00<00:02, 704.38it/s]
Epoch 0:   5%|▌         | 104/1935 [00:00<00:02, 705.35it/s]
Epoch 0:   5%|▌         | 104/1935 [00:00<00:02, 704.50it/s]
Epoch 0:   5%|▌         | 105/1935 [00:00<00:02, 705.59it/s]
Epoch 0:   5%|▌         | 105/1935 [00:00<00:02, 704.80it/s]
Epoch 0:   5%|▌         | 106/1935 [00:00<00:02, 705.76it/s]
Epoch 0:   5%|▌         | 106/1935 [00:00<00:02, 705.05it/s]
Epoch 0:   6%|▌         | 107/1935 [00:00<00:02, 706.02it/s]
Epoch 0:   6%|▌         | 107/1935 [00:00<00:02, 705.24it/s]
Epoch 0:   6%|▌         | 108/1935 [00:00<00:02, 706.22it/s]
Epoch 0:   6%|▌         | 108/1935 [00:00<00:02, 705.41it/s]
Epoch 0:   6%|▌         | 109/1935 [00:00<00:02, 706.29it/s]
Epoch 0:   6%|▌         | 109/1935 [00:00<00:02, 705.55it/s]
Epoch 0:   6%|▌         | 110/1935 [00:00<00:02, 706.49it/s]
Epoch 0:   6%|▌         | 110/1935 [00:00<00:02, 705.69it/s]
Epoch 0:   6%|▌         | 111/1935 [00:00<00:02, 706.78it/s]
Epoch 0:   6%|▌         | 111/1935 [00:00<00:02, 706.02it/s]
Epoch 0:   6%|▌         | 112/1935 [00:00<00:02, 707.05it/s]
Epoch 0:   6%|▌         | 112/1935 [00:00<00:02, 706.26it/s]
Epoch 0:   6%|▌         | 113/1935 [00:00<00:02, 707.33it/s]
Epoch 0:   6%|▌         | 113/1935 [00:00<00:02, 706.59it/s]
Epoch 0:   6%|▌         | 114/1935 [00:00<00:02, 707.56it/s]
Epoch 0:   6%|▌         | 114/1935 [00:00<00:02, 706.90it/s]
Epoch 0:   6%|▌         | 115/1935 [00:00<00:02, 707.68it/s]
Epoch 0:   6%|▌         | 115/1935 [00:00<00:02, 706.95it/s]
Epoch 0:   6%|▌         | 116/1935 [00:00<00:02, 707.85it/s]
Epoch 0:   6%|▌         | 116/1935 [00:00<00:02, 707.13it/s]
Epoch 0:   6%|▌         | 117/1935 [00:00<00:02, 707.91it/s]
Epoch 0:   6%|▌         | 117/1935 [00:00<00:02, 707.27it/s]
Epoch 0:   6%|▌         | 118/1935 [00:00<00:02, 708.13it/s]
Epoch 0:   6%|▌         | 118/1935 [00:00<00:02, 707.38it/s]
Epoch 0:   6%|▌         | 119/1935 [00:00<00:02, 708.21it/s]
Epoch 0:   6%|▌         | 119/1935 [00:00<00:02, 707.49it/s]
Epoch 0:   6%|▌         | 120/1935 [00:00<00:02, 708.37it/s]
Epoch 0:   6%|▌         | 120/1935 [00:00<00:02, 707.63it/s]
Epoch 0:   6%|▋         | 121/1935 [00:00<00:02, 708.60it/s]
Epoch 0:   6%|▋         | 121/1935 [00:00<00:02, 707.91it/s]
Epoch 0:   6%|▋         | 122/1935 [00:00<00:02, 708.78it/s]
Epoch 0:   6%|▋         | 122/1935 [00:00<00:02, 708.11it/s]
Epoch 0:   6%|▋         | 123/1935 [00:00<00:02, 708.83it/s]
Epoch 0:   6%|▋         | 123/1935 [00:00<00:02, 708.14it/s]
Epoch 0:   6%|▋         | 124/1935 [00:00<00:02, 708.93it/s]
Epoch 0:   6%|▋         | 124/1935 [00:00<00:02, 708.19it/s]
Epoch 0:   6%|▋         | 125/1935 [00:00<00:02, 708.91it/s]
Epoch 0:   6%|▋         | 125/1935 [00:00<00:02, 708.26it/s]
Epoch 0:   7%|▋         | 126/1935 [00:00<00:02, 709.06it/s]
Epoch 0:   7%|▋         | 126/1935 [00:00<00:02, 708.35it/s]
Epoch 0:   7%|▋         | 127/1935 [00:00<00:02, 709.22it/s]
Epoch 0:   7%|▋         | 127/1935 [00:00<00:02, 708.53it/s]
Epoch 0:   7%|▋         | 128/1935 [00:00<00:02, 709.35it/s]
Epoch 0:   7%|▋         | 128/1935 [00:00<00:02, 708.66it/s]
Epoch 0:   7%|▋         | 129/1935 [00:00<00:02, 709.58it/s]
Epoch 0:   7%|▋         | 129/1935 [00:00<00:02, 708.93it/s]
Epoch 0:   7%|▋         | 130/1935 [00:00<00:02, 709.79it/s]
Epoch 0:   7%|▋         | 130/1935 [00:00<00:02, 709.20it/s]
Epoch 0:   7%|▋         | 131/1935 [00:00<00:02, 709.99it/s]
Epoch 0:   7%|▋         | 131/1935 [00:00<00:02, 709.35it/s]
Epoch 0:   7%|▋         | 132/1935 [00:00<00:02, 710.11it/s]
Epoch 0:   7%|▋         | 132/1935 [00:00<00:02, 709.49it/s]
Epoch 0:   7%|▋         | 133/1935 [00:00<00:02, 710.07it/s]
Epoch 0:   7%|▋         | 133/1935 [00:00<00:02, 709.49it/s]
Epoch 0:   7%|▋         | 134/1935 [00:00<00:02, 710.17it/s]
Epoch 0:   7%|▋         | 134/1935 [00:00<00:02, 709.50it/s]
Epoch 0:   7%|▋         | 135/1935 [00:00<00:02, 710.37it/s]
Epoch 0:   7%|▋         | 135/1935 [00:00<00:02, 709.73it/s]
Epoch 0:   7%|▋         | 136/1935 [00:00<00:02, 710.55it/s]
Epoch 0:   7%|▋         | 136/1935 [00:00<00:02, 709.90it/s]
Epoch 0:   7%|▋         | 137/1935 [00:00<00:02, 710.47it/s]
Epoch 0:   7%|▋         | 137/1935 [00:00<00:02, 709.85it/s]
Epoch 0:   7%|▋         | 138/1935 [00:00<00:02, 710.61it/s]
Epoch 0:   7%|▋         | 138/1935 [00:00<00:02, 710.01it/s]
Epoch 0:   7%|▋         | 139/1935 [00:00<00:02, 710.67it/s]
Epoch 0:   7%|▋         | 139/1935 [00:00<00:02, 710.05it/s]
Epoch 0:   7%|▋         | 140/1935 [00:00<00:02, 710.72it/s]
Epoch 0:   7%|▋         | 140/1935 [00:00<00:02, 710.14it/s]
Epoch 0:   7%|▋         | 141/1935 [00:00<00:02, 710.81it/s]
Epoch 0:   7%|▋         | 141/1935 [00:00<00:02, 710.27it/s]
Epoch 0:   7%|▋         | 142/1935 [00:00<00:02, 710.96it/s]
Epoch 0:   7%|▋         | 142/1935 [00:00<00:02, 710.33it/s]
Epoch 0:   7%|▋         | 143/1935 [00:00<00:02, 711.13it/s]
Epoch 0:   7%|▋         | 143/1935 [00:00<00:02, 710.55it/s]
Epoch 0:   7%|▋         | 144/1935 [00:00<00:02, 711.32it/s]
Epoch 0:   7%|▋         | 144/1935 [00:00<00:02, 710.70it/s]
Epoch 0:   7%|▋         | 145/1935 [00:00<00:02, 711.51it/s]
Epoch 0:   7%|▋         | 145/1935 [00:00<00:02, 710.93it/s]
Epoch 0:   8%|▊         | 146/1935 [00:00<00:02, 711.75it/s]
Epoch 0:   8%|▊         | 146/1935 [00:00<00:02, 711.23it/s]
Epoch 0:   8%|▊         | 147/1935 [00:00<00:02, 711.84it/s]
Epoch 0:   8%|▊         | 147/1935 [00:00<00:02, 711.26it/s]
Epoch 0:   8%|▊         | 148/1935 [00:00<00:02, 711.93it/s]
Epoch 0:   8%|▊         | 148/1935 [00:00<00:02, 711.38it/s]
Epoch 0:   8%|▊         | 149/1935 [00:00<00:02, 712.00it/s]
Epoch 0:   8%|▊         | 149/1935 [00:00<00:02, 711.48it/s]
Epoch 0:   8%|▊         | 150/1935 [00:00<00:02, 712.14it/s]
Epoch 0:   8%|▊         | 150/1935 [00:00<00:02, 711.54it/s]
Epoch 0:   8%|▊         | 151/1935 [00:00<00:02, 712.17it/s]
Epoch 0:   8%|▊         | 151/1935 [00:00<00:02, 711.62it/s]
Epoch 0:   8%|▊         | 152/1935 [00:00<00:02, 712.34it/s]
Epoch 0:   8%|▊         | 152/1935 [00:00<00:02, 711.75it/s]
Epoch 0:   8%|▊         | 153/1935 [00:00<00:02, 712.54it/s]
Epoch 0:   8%|▊         | 153/1935 [00:00<00:02, 711.99it/s]
Epoch 0:   8%|▊         | 154/1935 [00:00<00:02, 712.61it/s]
Epoch 0:   8%|▊         | 154/1935 [00:00<00:02, 712.10it/s]
Epoch 0:   8%|▊         | 155/1935 [00:00<00:02, 712.70it/s]
Epoch 0:   8%|▊         | 155/1935 [00:00<00:02, 712.13it/s]
Epoch 0:   8%|▊         | 156/1935 [00:00<00:02, 712.75it/s]
Epoch 0:   8%|▊         | 156/1935 [00:00<00:02, 712.21it/s]
Epoch 0:   8%|▊         | 157/1935 [00:00<00:02, 712.74it/s]
Epoch 0:   8%|▊         | 157/1935 [00:00<00:02, 712.26it/s]
Epoch 0:   8%|▊         | 158/1935 [00:00<00:02, 712.88it/s]
Epoch 0:   8%|▊         | 158/1935 [00:00<00:02, 712.31it/s]
Epoch 0:   8%|▊         | 159/1935 [00:00<00:02, 713.04it/s]
Epoch 0:   8%|▊         | 159/1935 [00:00<00:02, 712.54it/s]
Epoch 0:   8%|▊         | 160/1935 [00:00<00:02, 713.23it/s]
Epoch 0:   8%|▊         | 160/1935 [00:00<00:02, 712.66it/s]
Epoch 0:   8%|▊         | 161/1935 [00:00<00:02, 713.40it/s]
Epoch 0:   8%|▊         | 161/1935 [00:00<00:02, 712.87it/s]
Epoch 0:   8%|▊         | 162/1935 [00:00<00:02, 713.54it/s]
Epoch 0:   8%|▊         | 162/1935 [00:00<00:02, 713.00it/s]
Epoch 0:   8%|▊         | 163/1935 [00:00<00:02, 713.59it/s]
Epoch 0:   8%|▊         | 163/1935 [00:00<00:02, 713.07it/s]
Epoch 0:   8%|▊         | 164/1935 [00:00<00:02, 713.66it/s]
Epoch 0:   8%|▊         | 164/1935 [00:00<00:02, 713.15it/s]
Epoch 0:   9%|▊         | 165/1935 [00:00<00:02, 713.63it/s]
Epoch 0:   9%|▊         | 165/1935 [00:00<00:02, 713.17it/s]
Epoch 0:   9%|▊         | 166/1935 [00:00<00:02, 713.77it/s]
Epoch 0:   9%|▊         | 166/1935 [00:00<00:02, 713.23it/s]
Epoch 0:   9%|▊         | 167/1935 [00:00<00:02, 713.91it/s]
Epoch 0:   9%|▊         | 167/1935 [00:00<00:02, 713.39it/s]
Epoch 0:   9%|▊         | 168/1935 [00:00<00:02, 713.98it/s]
Epoch 0:   9%|▊         | 168/1935 [00:00<00:02, 713.45it/s]
Epoch 0:   9%|▊         | 169/1935 [00:00<00:02, 714.10it/s]
Epoch 0:   9%|▊         | 169/1935 [00:00<00:02, 713.60it/s]
Epoch 0:   9%|▉         | 170/1935 [00:00<00:02, 714.26it/s]
Epoch 0:   9%|▉         | 170/1935 [00:00<00:02, 713.78it/s]
Epoch 0:   9%|▉         | 171/1935 [00:00<00:02, 714.35it/s]
Epoch 0:   9%|▉         | 171/1935 [00:00<00:02, 713.86it/s]
Epoch 0:   9%|▉         | 172/1935 [00:00<00:02, 714.44it/s]
Epoch 0:   9%|▉         | 172/1935 [00:00<00:02, 713.95it/s]
Epoch 0:   9%|▉         | 173/1935 [00:00<00:02, 714.51it/s]
Epoch 0:   9%|▉         | 173/1935 [00:00<00:02, 714.07it/s]
Epoch 0:   9%|▉         | 174/1935 [00:00<00:02, 714.63it/s]
Epoch 0:   9%|▉         | 174/1935 [00:00<00:02, 714.10it/s]
Epoch 0:   9%|▉         | 175/1935 [00:00<00:02, 714.76it/s]
Epoch 0:   9%|▉         | 175/1935 [00:00<00:02, 714.27it/s]
Epoch 0:   9%|▉         | 176/1935 [00:00<00:02, 714.84it/s]
Epoch 0:   9%|▉         | 176/1935 [00:00<00:02, 714.33it/s]
Epoch 0:   9%|▉         | 177/1935 [00:00<00:02, 714.99it/s]
Epoch 0:   9%|▉         | 177/1935 [00:00<00:02, 714.51it/s]
Epoch 0:   9%|▉         | 178/1935 [00:00<00:02, 715.18it/s]
Epoch 0:   9%|▉         | 178/1935 [00:00<00:02, 714.75it/s]
Epoch 0:   9%|▉         | 179/1935 [00:00<00:02, 715.24it/s]
Epoch 0:   9%|▉         | 179/1935 [00:00<00:02, 714.77it/s]
Epoch 0:   9%|▉         | 180/1935 [00:00<00:02, 715.26it/s]
Epoch 0:   9%|▉         | 180/1935 [00:00<00:02, 714.79it/s]
Epoch 0:   9%|▉         | 181/1935 [00:00<00:02, 715.29it/s]
Epoch 0:   9%|▉         | 181/1935 [00:00<00:02, 714.82it/s]
Epoch 0:   9%|▉         | 182/1935 [00:00<00:02, 715.36it/s]
Epoch 0:   9%|▉         | 182/1935 [00:00<00:02, 714.87it/s]
Epoch 0:   9%|▉         | 183/1935 [00:00<00:02, 715.48it/s]
Epoch 0:   9%|▉         | 183/1935 [00:00<00:02, 715.02it/s]
Epoch 0:  10%|▉         | 184/1935 [00:00<00:02, 715.53it/s]
Epoch 0:  10%|▉         | 184/1935 [00:00<00:02, 715.04it/s]
Epoch 0:  10%|▉         | 185/1935 [00:00<00:02, 715.63it/s]
Epoch 0:  10%|▉         | 185/1935 [00:00<00:02, 715.17it/s]
Epoch 0:  10%|▉         | 186/1935 [00:00<00:02, 715.76it/s]
Epoch 0:  10%|▉         | 186/1935 [00:00<00:02, 715.30it/s]
Epoch 0:  10%|▉         | 187/1935 [00:00<00:02, 715.68it/s]
Epoch 0:  10%|▉         | 187/1935 [00:00<00:02, 715.22it/s]
Epoch 0:  10%|▉         | 188/1935 [00:00<00:02, 715.68it/s]
Epoch 0:  10%|▉         | 188/1935 [00:00<00:02, 715.24it/s]
Epoch 0:  10%|▉         | 189/1935 [00:00<00:02, 715.76it/s]
Epoch 0:  10%|▉         | 189/1935 [00:00<00:02, 715.33it/s]
Epoch 0:  10%|▉         | 190/1935 [00:00<00:02, 715.84it/s]
Epoch 0:  10%|▉         | 190/1935 [00:00<00:02, 715.35it/s]
Epoch 0:  10%|▉         | 191/1935 [00:00<00:02, 715.94it/s]
Epoch 0:  10%|▉         | 191/1935 [00:00<00:02, 715.50it/s]
Epoch 0:  10%|▉         | 192/1935 [00:00<00:02, 716.00it/s]
Epoch 0:  10%|▉         | 192/1935 [00:00<00:02, 715.52it/s]
Epoch 0:  10%|▉         | 193/1935 [00:00<00:02, 716.09it/s]
Epoch 0:  10%|▉         | 193/1935 [00:00<00:02, 715.64it/s]
Epoch 0:  10%|█         | 194/1935 [00:00<00:02, 716.23it/s]
Epoch 0:  10%|█         | 194/1935 [00:00<00:02, 715.83it/s]
Epoch 0:  10%|█         | 195/1935 [00:00<00:02, 716.32it/s]
Epoch 0:  10%|█         | 195/1935 [00:00<00:02, 715.88it/s]
Epoch 0:  10%|█         | 196/1935 [00:00<00:02, 716.37it/s]
Epoch 0:  10%|█         | 196/1935 [00:00<00:02, 715.93it/s]
Epoch 0:  10%|█         | 197/1935 [00:00<00:02, 716.39it/s]
Epoch 0:  10%|█         | 197/1935 [00:00<00:02, 715.92it/s]
Epoch 0:  10%|█         | 198/1935 [00:00<00:02, 716.40it/s]
Epoch 0:  10%|█         | 198/1935 [00:00<00:02, 715.94it/s]
Epoch 0:  10%|█         | 199/1935 [00:00<00:02, 716.47it/s]
Epoch 0:  10%|█         | 199/1935 [00:00<00:02, 716.04it/s]
Epoch 0:  10%|█         | 200/1935 [00:00<00:02, 716.48it/s]
Epoch 0:  10%|█         | 200/1935 [00:00<00:02, 716.02it/s]
Epoch 0:  10%|█         | 201/1935 [00:00<00:02, 716.54it/s]
Epoch 0:  10%|█         | 201/1935 [00:00<00:02, 716.11it/s]
Epoch 0:  10%|█         | 202/1935 [00:00<00:02, 716.64it/s]
Epoch 0:  10%|█         | 202/1935 [00:00<00:02, 716.26it/s]
Epoch 0:  10%|█         | 203/1935 [00:00<00:02, 716.72it/s]
Epoch 0:  10%|█         | 203/1935 [00:00<00:02, 716.30it/s]
Epoch 0:  11%|█         | 204/1935 [00:00<00:02, 716.79it/s]
Epoch 0:  11%|█         | 204/1935 [00:00<00:02, 716.37it/s]
Epoch 0:  11%|█         | 205/1935 [00:00<00:02, 716.82it/s]
Epoch 0:  11%|█         | 205/1935 [00:00<00:02, 716.40it/s]
Epoch 0:  11%|█         | 206/1935 [00:00<00:02, 716.82it/s]
Epoch 0:  11%|█         | 206/1935 [00:00<00:02, 716.38it/s]
Epoch 0:  11%|█         | 207/1935 [00:00<00:02, 716.89it/s]
Epoch 0:  11%|█         | 207/1935 [00:00<00:02, 716.49it/s]
Epoch 0:  11%|█         | 208/1935 [00:00<00:02, 716.99it/s]
Epoch 0:  11%|█         | 208/1935 [00:00<00:02, 716.55it/s]
Epoch 0:  11%|█         | 209/1935 [00:00<00:02, 717.06it/s]
Epoch 0:  11%|█         | 209/1935 [00:00<00:02, 716.65it/s]
Epoch 0:  11%|█         | 210/1935 [00:00<00:02, 717.18it/s]
Epoch 0:  11%|█         | 210/1935 [00:00<00:02, 716.82it/s]
Epoch 0:  11%|█         | 211/1935 [00:00<00:02, 717.23it/s]
Epoch 0:  11%|█         | 211/1935 [00:00<00:02, 716.82it/s]
Epoch 0:  11%|█         | 212/1935 [00:00<00:02, 717.28it/s]
Epoch 0:  11%|█         | 212/1935 [00:00<00:02, 716.88it/s]
Epoch 0:  11%|█         | 213/1935 [00:00<00:02, 717.23it/s]
Epoch 0:  11%|█         | 213/1935 [00:00<00:02, 716.83it/s]
Epoch 0:  11%|█         | 214/1935 [00:00<00:02, 717.26it/s]
Epoch 0:  11%|█         | 214/1935 [00:00<00:02, 716.84it/s]
Epoch 0:  11%|█         | 215/1935 [00:00<00:02, 717.36it/s]
Epoch 0:  11%|█         | 215/1935 [00:00<00:02, 717.00it/s]
Epoch 0:  11%|█         | 216/1935 [00:00<00:02, 717.39it/s]
Epoch 0:  11%|█         | 216/1935 [00:00<00:02, 716.97it/s]
Epoch 0:  11%|█         | 217/1935 [00:00<00:02, 717.48it/s]
Epoch 0:  11%|█         | 217/1935 [00:00<00:02, 717.09it/s]
Epoch 0:  11%|█▏        | 218/1935 [00:00<00:02, 717.62it/s]
Epoch 0:  11%|█▏        | 218/1935 [00:00<00:02, 717.27it/s]
Epoch 0:  11%|█▏        | 219/1935 [00:00<00:02, 717.67it/s]
Epoch 0:  11%|█▏        | 219/1935 [00:00<00:02, 717.27it/s]
Epoch 0:  11%|█▏        | 220/1935 [00:00<00:02, 717.71it/s]
Epoch 0:  11%|█▏        | 220/1935 [00:00<00:02, 717.34it/s]
Epoch 0:  11%|█▏        | 221/1935 [00:00<00:02, 717.78it/s]
Epoch 0:  11%|█▏        | 221/1935 [00:00<00:02, 717.42it/s]
Epoch 0:  11%|█▏        | 222/1935 [00:00<00:02, 717.78it/s]
Epoch 0:  11%|█▏        | 222/1935 [00:00<00:02, 717.37it/s]
Epoch 0:  12%|█▏        | 223/1935 [00:00<00:02, 717.84it/s]
Epoch 0:  12%|█▏        | 223/1935 [00:00<00:02, 717.47it/s]
Epoch 0:  12%|█▏        | 224/1935 [00:00<00:02, 717.94it/s]
Epoch 0:  12%|█▏        | 224/1935 [00:00<00:02, 717.47it/s]
Epoch 0:  12%|█▏        | 225/1935 [00:00<00:02, 717.97it/s]
Epoch 0:  12%|█▏        | 225/1935 [00:00<00:02, 717.58it/s]
Epoch 0:  12%|█▏        | 226/1935 [00:00<00:02, 718.07it/s]
Epoch 0:  12%|█▏        | 226/1935 [00:00<00:02, 717.70it/s]
Epoch 0:  12%|█▏        | 227/1935 [00:00<00:02, 718.06it/s]
Epoch 0:  12%|█▏        | 227/1935 [00:00<00:02, 717.68it/s]
Epoch 0:  12%|█▏        | 228/1935 [00:00<00:02, 718.11it/s]
Epoch 0:  12%|█▏        | 228/1935 [00:00<00:02, 717.73it/s]
Epoch 0:  12%|█▏        | 229/1935 [00:00<00:02, 718.15it/s]
Epoch 0:  12%|█▏        | 229/1935 [00:00<00:02, 717.79it/s]
Epoch 0:  12%|█▏        | 230/1935 [00:00<00:02, 718.17it/s]
Epoch 0:  12%|█▏        | 230/1935 [00:00<00:02, 717.77it/s]
Epoch 0:  12%|█▏        | 231/1935 [00:00<00:02, 718.23it/s]
Epoch 0:  12%|█▏        | 231/1935 [00:00<00:02, 717.87it/s]
Epoch 0:  12%|█▏        | 232/1935 [00:00<00:02, 718.32it/s]
Epoch 0:  12%|█▏        | 232/1935 [00:00<00:02, 717.91it/s]
Epoch 0:  12%|█▏        | 233/1935 [00:00<00:02, 718.37it/s]
Epoch 0:  12%|█▏        | 233/1935 [00:00<00:02, 718.00it/s]
Epoch 0:  12%|█▏        | 234/1935 [00:00<00:02, 718.48it/s]
Epoch 0:  12%|█▏        | 234/1935 [00:00<00:02, 718.15it/s]
Epoch 0:  12%|█▏        | 235/1935 [00:00<00:02, 718.53it/s]
Epoch 0:  12%|█▏        | 235/1935 [00:00<00:02, 718.12it/s]
Epoch 0:  12%|█▏        | 236/1935 [00:00<00:02, 718.51it/s]
Epoch 0:  12%|█▏        | 236/1935 [00:00<00:02, 718.15it/s]
Epoch 0:  12%|█▏        | 237/1935 [00:00<00:02, 718.53it/s]
Epoch 0:  12%|█▏        | 237/1935 [00:00<00:02, 718.20it/s]
Epoch 0:  12%|█▏        | 238/1935 [00:00<00:02, 718.58it/s]
Epoch 0:  12%|█▏        | 238/1935 [00:00<00:02, 718.19it/s]
Epoch 0:  12%|█▏        | 239/1935 [00:00<00:02, 718.65it/s]
Epoch 0:  12%|█▏        | 239/1935 [00:00<00:02, 718.30it/s]
Epoch 0:  12%|█▏        | 240/1935 [00:00<00:02, 718.72it/s]
Epoch 0:  12%|█▏        | 240/1935 [00:00<00:02, 718.33it/s]
Epoch 0:  12%|█▏        | 241/1935 [00:00<00:02, 718.71it/s]
Epoch 0:  12%|█▏        | 241/1935 [00:00<00:02, 718.34it/s]
Epoch 0:  13%|█▎        | 242/1935 [00:00<00:02, 718.80it/s]
Epoch 0:  13%|█▎        | 242/1935 [00:00<00:02, 718.48it/s]
Epoch 0:  13%|█▎        | 243/1935 [00:00<00:02, 718.85it/s]
Epoch 0:  13%|█▎        | 243/1935 [00:00<00:02, 718.47it/s]
Epoch 0:  13%|█▎        | 244/1935 [00:00<00:02, 718.87it/s]
Epoch 0:  13%|█▎        | 244/1935 [00:00<00:02, 718.52it/s]
Epoch 0:  13%|█▎        | 245/1935 [00:00<00:02, 718.89it/s]
Epoch 0:  13%|█▎        | 245/1935 [00:00<00:02, 718.57it/s]
Epoch 0:  13%|█▎        | 246/1935 [00:00<00:02, 718.94it/s]
Epoch 0:  13%|█▎        | 246/1935 [00:00<00:02, 718.57it/s]
Epoch 0:  13%|█▎        | 247/1935 [00:00<00:02, 719.02it/s]
Epoch 0:  13%|█▎        | 247/1935 [00:00<00:02, 718.70it/s]
Epoch 0:  13%|█▎        | 248/1935 [00:00<00:02, 719.12it/s]
Epoch 0:  13%|█▎        | 248/1935 [00:00<00:02, 718.75it/s]
Epoch 0:  13%|█▎        | 249/1935 [00:00<00:02, 719.20it/s]
Epoch 0:  13%|█▎        | 249/1935 [00:00<00:02, 718.85it/s]
Epoch 0:  13%|█▎        | 250/1935 [00:00<00:02, 719.31it/s]
Epoch 0:  13%|█▎        | 250/1935 [00:00<00:02, 719.00it/s]
Epoch 0:  13%|█▎        | 251/1935 [00:00<00:02, 719.32it/s]
Epoch 0:  13%|█▎        | 251/1935 [00:00<00:02, 718.96it/s]
Epoch 0:  13%|█▎        | 252/1935 [00:00<00:02, 719.31it/s]
Epoch 0:  13%|█▎        | 252/1935 [00:00<00:02, 718.97it/s]
Epoch 0:  13%|█▎        | 253/1935 [00:00<00:02, 719.33it/s]
Epoch 0:  13%|█▎        | 253/1935 [00:00<00:02, 719.00it/s]
Epoch 0:  13%|█▎        | 254/1935 [00:00<00:02, 719.35it/s]
Epoch 0:  13%|█▎        | 254/1935 [00:00<00:02, 718.99it/s]
Epoch 0:  13%|█▎        | 255/1935 [00:00<00:02, 719.39it/s]
Epoch 0:  13%|█▎        | 255/1935 [00:00<00:02, 719.05it/s]
Epoch 0:  13%|█▎        | 256/1935 [00:00<00:02, 719.43it/s]
Epoch 0:  13%|█▎        | 256/1935 [00:00<00:02, 719.07it/s]
Epoch 0:  13%|█▎        | 257/1935 [00:00<00:02, 719.39it/s]
Epoch 0:  13%|█▎        | 257/1935 [00:00<00:02, 719.05it/s]
Epoch 0:  13%|█▎        | 258/1935 [00:00<00:02, 719.45it/s]
Epoch 0:  13%|█▎        | 258/1935 [00:00<00:02, 719.12it/s]
Epoch 0:  13%|█▎        | 259/1935 [00:00<00:02, 719.45it/s]
Epoch 0:  13%|█▎        | 259/1935 [00:00<00:02, 719.09it/s]
Epoch 0:  13%|█▎        | 260/1935 [00:00<00:02, 719.46it/s]
Epoch 0:  13%|█▎        | 260/1935 [00:00<00:02, 719.13it/s]
Epoch 0:  13%|█▎        | 261/1935 [00:00<00:02, 719.50it/s]
Epoch 0:  13%|█▎        | 261/1935 [00:00<00:02, 719.20it/s]
Epoch 0:  14%|█▎        | 262/1935 [00:00<00:02, 719.48it/s]
Epoch 0:  14%|█▎        | 262/1935 [00:00<00:02, 719.13it/s]
Epoch 0:  14%|█▎        | 263/1935 [00:00<00:02, 719.53it/s]
Epoch 0:  14%|█▎        | 263/1935 [00:00<00:02, 719.21it/s]
Epoch 0:  14%|█▎        | 264/1935 [00:00<00:02, 719.57it/s]
Epoch 0:  14%|█▎        | 264/1935 [00:00<00:02, 719.22it/s]
Epoch 0:  14%|█▎        | 265/1935 [00:00<00:02, 719.59it/s]
Epoch 0:  14%|█▎        | 265/1935 [00:00<00:02, 719.27it/s]
Epoch 0:  14%|█▎        | 266/1935 [00:00<00:02, 719.65it/s]
Epoch 0:  14%|█▎        | 266/1935 [00:00<00:02, 719.35it/s]
Epoch 0:  14%|█▍        | 267/1935 [00:00<00:02, 719.68it/s]
Epoch 0:  14%|█▍        | 267/1935 [00:00<00:02, 719.34it/s]
Epoch 0:  14%|█▍        | 268/1935 [00:00<00:02, 719.68it/s]
Epoch 0:  14%|█▍        | 268/1935 [00:00<00:02, 719.37it/s]
Epoch 0:  14%|█▍        | 269/1935 [00:00<00:02, 719.71it/s]
Epoch 0:  14%|█▍        | 269/1935 [00:00<00:02, 719.42it/s]
Epoch 0:  14%|█▍        | 270/1935 [00:00<00:02, 719.73it/s]
Epoch 0:  14%|█▍        | 270/1935 [00:00<00:02, 719.39it/s]
Epoch 0:  14%|█▍        | 271/1935 [00:00<00:02, 719.67it/s]
Epoch 0:  14%|█▍        | 271/1935 [00:00<00:02, 719.35it/s]
Epoch 0:  14%|█▍        | 272/1935 [00:00<00:02, 719.71it/s]
Epoch 0:  14%|█▍        | 272/1935 [00:00<00:02, 719.36it/s]
Epoch 0:  14%|█▍        | 273/1935 [00:00<00:02, 719.79it/s]
Epoch 0:  14%|█▍        | 273/1935 [00:00<00:02, 719.47it/s]
Epoch 0:  14%|█▍        | 274/1935 [00:00<00:02, 719.89it/s]
Epoch 0:  14%|█▍        | 274/1935 [00:00<00:02, 719.60it/s]
Epoch 0:  14%|█▍        | 275/1935 [00:00<00:02, 719.89it/s]
Epoch 0:  14%|█▍        | 275/1935 [00:00<00:02, 719.55it/s]
Epoch 0:  14%|█▍        | 276/1935 [00:00<00:02, 719.89it/s]
Epoch 0:  14%|█▍        | 276/1935 [00:00<00:02, 719.58it/s]
Epoch 0:  14%|█▍        | 277/1935 [00:00<00:02, 719.90it/s]
Epoch 0:  14%|█▍        | 277/1935 [00:00<00:02, 719.61it/s]
Epoch 0:  14%|█▍        | 278/1935 [00:00<00:02, 719.89it/s]
Epoch 0:  14%|█▍        | 278/1935 [00:00<00:02, 719.56it/s]
Epoch 0:  14%|█▍        | 279/1935 [00:00<00:02, 719.93it/s]
Epoch 0:  14%|█▍        | 279/1935 [00:00<00:02, 719.63it/s]
Epoch 0:  14%|█▍        | 280/1935 [00:00<00:02, 720.00it/s]
Epoch 0:  14%|█▍        | 280/1935 [00:00<00:02, 719.67it/s]
Epoch 0:  15%|█▍        | 281/1935 [00:00<00:02, 720.03it/s]
Epoch 0:  15%|█▍        | 281/1935 [00:00<00:02, 719.72it/s]
Epoch 0:  15%|█▍        | 282/1935 [00:00<00:02, 720.08it/s]
Epoch 0:  15%|█▍        | 282/1935 [00:00<00:02, 719.80it/s]
Epoch 0:  15%|█▍        | 283/1935 [00:00<00:02, 720.13it/s]
Epoch 0:  15%|█▍        | 283/1935 [00:00<00:02, 719.82it/s]
Epoch 0:  15%|█▍        | 284/1935 [00:00<00:02, 720.11it/s]
Epoch 0:  15%|█▍        | 284/1935 [00:00<00:02, 719.80it/s]
Epoch 0:  15%|█▍        | 285/1935 [00:00<00:02, 720.10it/s]
Epoch 0:  15%|█▍        | 285/1935 [00:00<00:02, 719.83it/s]
Epoch 0:  15%|█▍        | 286/1935 [00:00<00:02, 720.15it/s]
Epoch 0:  15%|█▍        | 286/1935 [00:00<00:02, 719.83it/s]
Epoch 0:  15%|█▍        | 287/1935 [00:00<00:02, 720.19it/s]
Epoch 0:  15%|█▍        | 287/1935 [00:00<00:02, 719.89it/s]
Epoch 0:  15%|█▍        | 288/1935 [00:00<00:02, 720.22it/s]
Epoch 0:  15%|█▍        | 288/1935 [00:00<00:02, 719.90it/s]
Epoch 0:  15%|█▍        | 289/1935 [00:00<00:02, 720.22it/s]
Epoch 0:  15%|█▍        | 289/1935 [00:00<00:02, 719.92it/s]
Epoch 0:  15%|█▍        | 290/1935 [00:00<00:02, 720.27it/s]
Epoch 0:  15%|█▍        | 290/1935 [00:00<00:02, 719.98it/s]
Epoch 0:  15%|█▌        | 291/1935 [00:00<00:02, 720.27it/s]
Epoch 0:  15%|█▌        | 291/1935 [00:00<00:02, 719.95it/s]
Epoch 0:  15%|█▌        | 292/1935 [00:00<00:02, 720.25it/s]
Epoch 0:  15%|█▌        | 292/1935 [00:00<00:02, 719.96it/s]
Epoch 0:  15%|█▌        | 293/1935 [00:00<00:02, 720.24it/s]
Epoch 0:  15%|█▌        | 293/1935 [00:00<00:02, 719.97it/s]
Epoch 0:  15%|█▌        | 294/1935 [00:00<00:02, 720.25it/s]
Epoch 0:  15%|█▌        | 294/1935 [00:00<00:02, 719.93it/s]
Epoch 0:  15%|█▌        | 295/1935 [00:00<00:02, 720.26it/s]
Epoch 0:  15%|█▌        | 295/1935 [00:00<00:02, 719.97it/s]
Epoch 0:  15%|█▌        | 296/1935 [00:00<00:02, 720.27it/s]
Epoch 0:  15%|█▌        | 296/1935 [00:00<00:02, 719.95it/s]
Epoch 0:  15%|█▌        | 297/1935 [00:00<00:02, 720.33it/s]
Epoch 0:  15%|█▌        | 297/1935 [00:00<00:02, 720.03it/s]
Epoch 0:  15%|█▌        | 298/1935 [00:00<00:02, 720.38it/s]
Epoch 0:  15%|█▌        | 298/1935 [00:00<00:02, 720.11it/s]
Epoch 0:  15%|█▌        | 299/1935 [00:00<00:02, 720.42it/s]
Epoch 0:  15%|█▌        | 299/1935 [00:00<00:02, 720.12it/s]
Epoch 0:  16%|█▌        | 300/1935 [00:00<00:02, 720.43it/s]
Epoch 0:  16%|█▌        | 300/1935 [00:00<00:02, 720.14it/s]
Epoch 0:  16%|█▌        | 301/1935 [00:00<00:02, 720.40it/s]
Epoch 0:  16%|█▌        | 301/1935 [00:00<00:02, 720.14it/s]
Epoch 0:  16%|█▌        | 302/1935 [00:00<00:02, 720.35it/s]
Epoch 0:  16%|█▌        | 302/1935 [00:00<00:02, 720.04it/s]
Epoch 0:  16%|█▌        | 303/1935 [00:00<00:02, 720.38it/s]
Epoch 0:  16%|█▌        | 303/1935 [00:00<00:02, 720.12it/s]
Epoch 0:  16%|█▌        | 304/1935 [00:00<00:02, 720.44it/s]
Epoch 0:  16%|█▌        | 304/1935 [00:00<00:02, 720.08it/s]
Epoch 0:  16%|█▌        | 305/1935 [00:00<00:02, 720.27it/s]
Epoch 0:  16%|█▌        | 305/1935 [00:00<00:02, 719.99it/s]
Epoch 0:  16%|█▌        | 306/1935 [00:00<00:02, 720.33it/s]
Epoch 0:  16%|█▌        | 306/1935 [00:00<00:02, 720.07it/s]
Epoch 0:  16%|█▌        | 307/1935 [00:00<00:02, 720.24it/s]
Epoch 0:  16%|█▌        | 307/1935 [00:00<00:02, 719.95it/s]
Epoch 0:  16%|█▌        | 308/1935 [00:00<00:02, 720.17it/s]
Epoch 0:  16%|█▌        | 308/1935 [00:00<00:02, 719.89it/s]
Epoch 0:  16%|█▌        | 309/1935 [00:00<00:02, 720.17it/s]
Epoch 0:  16%|█▌        | 309/1935 [00:00<00:02, 719.88it/s]
Epoch 0:  16%|█▌        | 310/1935 [00:00<00:02, 720.17it/s]
Epoch 0:  16%|█▌        | 310/1935 [00:00<00:02, 719.88it/s]
Epoch 0:  16%|█▌        | 311/1935 [00:00<00:02, 720.23it/s]
Epoch 0:  16%|█▌        | 311/1935 [00:00<00:02, 719.96it/s]
Epoch 0:  16%|█▌        | 312/1935 [00:00<00:02, 720.26it/s]
Epoch 0:  16%|█▌        | 312/1935 [00:00<00:02, 719.96it/s]
Epoch 0:  16%|█▌        | 313/1935 [00:00<00:02, 720.30it/s]
Epoch 0:  16%|█▌        | 313/1935 [00:00<00:02, 720.02it/s]
Epoch 0:  16%|█▌        | 314/1935 [00:00<00:02, 720.34it/s]
Epoch 0:  16%|█▌        | 314/1935 [00:00<00:02, 720.09it/s]
Epoch 0:  16%|█▋        | 315/1935 [00:00<00:02, 720.32it/s]
Epoch 0:  16%|█▋        | 315/1935 [00:00<00:02, 720.05it/s]
Epoch 0:  16%|█▋        | 316/1935 [00:00<00:02, 720.38it/s]
Epoch 0:  16%|█▋        | 316/1935 [00:00<00:02, 720.11it/s]
Epoch 0:  16%|█▋        | 317/1935 [00:00<00:02, 720.38it/s]
Epoch 0:  16%|█▋        | 317/1935 [00:00<00:02, 720.12it/s]
Epoch 0:  16%|█▋        | 318/1935 [00:00<00:02, 720.41it/s]
Epoch 0:  16%|█▋        | 318/1935 [00:00<00:02, 720.13it/s]
Epoch 0:  16%|█▋        | 319/1935 [00:00<00:02, 720.42it/s]
Epoch 0:  16%|█▋        | 319/1935 [00:00<00:02, 720.16it/s]
Epoch 0:  17%|█▋        | 320/1935 [00:00<00:02, 720.45it/s]
Epoch 0:  17%|█▋        | 320/1935 [00:00<00:02, 720.17it/s]
Epoch 0:  17%|█▋        | 321/1935 [00:00<00:02, 720.52it/s]
Epoch 0:  17%|█▋        | 321/1935 [00:00<00:02, 720.25it/s]
Epoch 0:  17%|█▋        | 322/1935 [00:00<00:02, 720.60it/s]
Epoch 0:  17%|█▋        | 322/1935 [00:00<00:02, 720.36it/s]
Epoch 0:  17%|█▋        | 323/1935 [00:00<00:02, 720.61it/s]
Epoch 0:  17%|█▋        | 323/1935 [00:00<00:02, 720.34it/s]
Epoch 0:  17%|█▋        | 324/1935 [00:00<00:02, 720.67it/s]
Epoch 0:  17%|█▋        | 324/1935 [00:00<00:02, 720.40it/s]
Epoch 0:  17%|█▋        | 325/1935 [00:00<00:02, 720.65it/s]
Epoch 0:  17%|█▋        | 325/1935 [00:00<00:02, 720.37it/s]
Epoch 0:  17%|█▋        | 326/1935 [00:00<00:02, 720.64it/s]
Epoch 0:  17%|█▋        | 326/1935 [00:00<00:02, 720.36it/s]
Epoch 0:  17%|█▋        | 327/1935 [00:00<00:02, 720.70it/s]
Epoch 0:  17%|█▋        | 327/1935 [00:00<00:02, 720.43it/s]
Epoch 0:  17%|█▋        | 328/1935 [00:00<00:02, 720.70it/s]
Epoch 0:  17%|█▋        | 328/1935 [00:00<00:02, 720.42it/s]
Epoch 0:  17%|█▋        | 329/1935 [00:00<00:02, 720.72it/s]
Epoch 0:  17%|█▋        | 329/1935 [00:00<00:02, 720.45it/s]
Epoch 0:  17%|█▋        | 330/1935 [00:00<00:02, 720.76it/s]
Epoch 0:  17%|█▋        | 330/1935 [00:00<00:02, 720.52it/s]
Epoch 0:  17%|█▋        | 331/1935 [00:00<00:02, 720.76it/s]
Epoch 0:  17%|█▋        | 331/1935 [00:00<00:02, 720.49it/s]
Epoch 0:  17%|█▋        | 332/1935 [00:00<00:02, 720.81it/s]
Epoch 0:  17%|█▋        | 332/1935 [00:00<00:02, 720.55it/s]
Epoch 0:  17%|█▋        | 333/1935 [00:00<00:02, 720.80it/s]
Epoch 0:  17%|█▋        | 333/1935 [00:00<00:02, 720.54it/s]
Epoch 0:  17%|█▋        | 334/1935 [00:00<00:02, 720.76it/s]
Epoch 0:  17%|█▋        | 334/1935 [00:00<00:02, 720.49it/s]
Epoch 0:  17%|█▋        | 335/1935 [00:00<00:02, 720.79it/s]
Epoch 0:  17%|█▋        | 335/1935 [00:00<00:02, 720.53it/s]
Epoch 0:  17%|█▋        | 336/1935 [00:00<00:02, 720.81it/s]
Epoch 0:  17%|█▋        | 336/1935 [00:00<00:02, 720.54it/s]
Epoch 0:  17%|█▋        | 337/1935 [00:00<00:02, 720.85it/s]
Epoch 0:  17%|█▋        | 337/1935 [00:00<00:02, 720.59it/s]
Epoch 0:  17%|█▋        | 338/1935 [00:00<00:02, 720.92it/s]
Epoch 0:  17%|█▋        | 338/1935 [00:00<00:02, 720.69it/s]
Epoch 0:  18%|█▊        | 339/1935 [00:00<00:02, 720.95it/s]
Epoch 0:  18%|█▊        | 339/1935 [00:00<00:02, 720.69it/s]
Epoch 0:  18%|█▊        | 340/1935 [00:00<00:02, 721.03it/s]
Epoch 0:  18%|█▊        | 340/1935 [00:00<00:02, 720.78it/s]
Epoch 0:  18%|█▊        | 341/1935 [00:00<00:02, 721.05it/s]
Epoch 0:  18%|█▊        | 341/1935 [00:00<00:02, 720.82it/s]
Epoch 0:  18%|█▊        | 342/1935 [00:00<00:02, 721.02it/s]
Epoch 0:  18%|█▊        | 342/1935 [00:00<00:02, 720.76it/s]
Epoch 0:  18%|█▊        | 343/1935 [00:00<00:02, 721.07it/s]
Epoch 0:  18%|█▊        | 343/1935 [00:00<00:02, 720.83it/s]
Epoch 0:  18%|█▊        | 344/1935 [00:00<00:02, 721.11it/s]
Epoch 0:  18%|█▊        | 344/1935 [00:00<00:02, 720.81it/s]
Epoch 0:  18%|█▊        | 345/1935 [00:00<00:02, 721.12it/s]
Epoch 0:  18%|█▊        | 345/1935 [00:00<00:02, 720.87it/s]
Epoch 0:  18%|█▊        | 346/1935 [00:00<00:02, 721.19it/s]
Epoch 0:  18%|█▊        | 346/1935 [00:00<00:02, 720.95it/s]
Epoch 0:  18%|█▊        | 347/1935 [00:00<00:02, 721.18it/s]
Epoch 0:  18%|█▊        | 347/1935 [00:00<00:02, 720.93it/s]
Epoch 0:  18%|█▊        | 348/1935 [00:00<00:02, 721.21it/s]
Epoch 0:  18%|█▊        | 348/1935 [00:00<00:02, 720.96it/s]
Epoch 0:  18%|█▊        | 349/1935 [00:00<00:02, 721.21it/s]
Epoch 0:  18%|█▊        | 349/1935 [00:00<00:02, 720.98it/s]
Epoch 0:  18%|█▊        | 350/1935 [00:00<00:02, 721.22it/s]
Epoch 0:  18%|█▊        | 350/1935 [00:00<00:02, 720.96it/s]
Epoch 0:  18%|█▊        | 351/1935 [00:00<00:02, 721.25it/s]
Epoch 0:  18%|█▊        | 351/1935 [00:00<00:02, 721.01it/s]
Epoch 0:  18%|█▊        | 352/1935 [00:00<00:02, 721.27it/s]
Epoch 0:  18%|█▊        | 352/1935 [00:00<00:02, 721.00it/s]
Epoch 0:  18%|█▊        | 353/1935 [00:00<00:02, 721.29it/s]
Epoch 0:  18%|█▊        | 353/1935 [00:00<00:02, 721.04it/s]
Epoch 0:  18%|█▊        | 354/1935 [00:00<00:02, 721.33it/s]
Epoch 0:  18%|█▊        | 354/1935 [00:00<00:02, 721.10it/s]
Epoch 0:  18%|█▊        | 355/1935 [00:00<00:02, 721.33it/s]
Epoch 0:  18%|█▊        | 355/1935 [00:00<00:02, 721.08it/s]
Epoch 0:  18%|█▊        | 356/1935 [00:00<00:02, 721.38it/s]
Epoch 0:  18%|█▊        | 356/1935 [00:00<00:02, 721.14it/s]
Epoch 0:  18%|█▊        | 357/1935 [00:00<00:02, 721.37it/s]
Epoch 0:  18%|█▊        | 357/1935 [00:00<00:02, 721.16it/s]
Epoch 0:  19%|█▊        | 358/1935 [00:00<00:02, 721.41it/s]
Epoch 0:  19%|█▊        | 358/1935 [00:00<00:02, 721.16it/s]
Epoch 0:  19%|█▊        | 359/1935 [00:00<00:02, 721.42it/s]
Epoch 0:  19%|█▊        | 359/1935 [00:00<00:02, 721.17it/s]
Epoch 0:  19%|█▊        | 360/1935 [00:00<00:02, 721.35it/s]
Epoch 0:  19%|█▊        | 360/1935 [00:00<00:02, 721.13it/s]
Epoch 0:  19%|█▊        | 361/1935 [00:00<00:02, 721.44it/s]
Epoch 0:  19%|█▊        | 361/1935 [00:00<00:02, 721.19it/s]
Epoch 0:  19%|█▊        | 362/1935 [00:00<00:02, 721.50it/s]
Epoch 0:  19%|█▊        | 362/1935 [00:00<00:02, 721.26it/s]
Epoch 0:  19%|█▉        | 363/1935 [00:00<00:02, 721.48it/s]
Epoch 0:  19%|█▉        | 363/1935 [00:00<00:02, 721.24it/s]
Epoch 0:  19%|█▉        | 364/1935 [00:00<00:02, 721.54it/s]
Epoch 0:  19%|█▉        | 364/1935 [00:00<00:02, 721.31it/s]
Epoch 0:  19%|█▉        | 365/1935 [00:00<00:02, 721.54it/s]
Epoch 0:  19%|█▉        | 365/1935 [00:00<00:02, 721.31it/s]
Epoch 0:  19%|█▉        | 366/1935 [00:00<00:02, 721.54it/s]
Epoch 0:  19%|█▉        | 366/1935 [00:00<00:02, 721.29it/s]
Epoch 0:  19%|█▉        | 367/1935 [00:00<00:02, 721.55it/s]
Epoch 0:  19%|█▉        | 367/1935 [00:00<00:02, 721.32it/s]
Epoch 0:  19%|█▉        | 368/1935 [00:00<00:02, 721.58it/s]
Epoch 0:  19%|█▉        | 368/1935 [00:00<00:02, 721.32it/s]
Epoch 0:  19%|█▉        | 369/1935 [00:00<00:02, 721.57it/s]
Epoch 0:  19%|█▉        | 369/1935 [00:00<00:02, 721.37it/s]
Epoch 0:  19%|█▉        | 370/1935 [00:00<00:02, 721.66it/s]
Epoch 0:  19%|█▉        | 370/1935 [00:00<00:02, 721.44it/s]
Epoch 0:  19%|█▉        | 371/1935 [00:00<00:02, 721.62it/s]
Epoch 0:  19%|█▉        | 371/1935 [00:00<00:02, 721.38it/s]
Epoch 0:  19%|█▉        | 372/1935 [00:00<00:02, 721.67it/s]
Epoch 0:  19%|█▉        | 372/1935 [00:00<00:02, 721.43it/s]
Epoch 0:  19%|█▉        | 373/1935 [00:00<00:02, 721.66it/s]
Epoch 0:  19%|█▉        | 373/1935 [00:00<00:02, 721.43it/s]
Epoch 0:  19%|█▉        | 374/1935 [00:00<00:02, 721.64it/s]
Epoch 0:  19%|█▉        | 374/1935 [00:00<00:02, 721.40it/s]
Epoch 0:  19%|█▉        | 375/1935 [00:00<00:02, 721.66it/s]
Epoch 0:  19%|█▉        | 375/1935 [00:00<00:02, 721.43it/s]
Epoch 0:  19%|█▉        | 376/1935 [00:00<00:02, 721.67it/s]
Epoch 0:  19%|█▉        | 376/1935 [00:00<00:02, 721.39it/s]
Epoch 0:  19%|█▉        | 377/1935 [00:00<00:02, 721.64it/s]
Epoch 0:  19%|█▉        | 377/1935 [00:00<00:02, 721.41it/s]
Epoch 0:  20%|█▉        | 378/1935 [00:00<00:02, 721.66it/s]
Epoch 0:  20%|█▉        | 378/1935 [00:00<00:02, 721.43it/s]
Epoch 0:  20%|█▉        | 379/1935 [00:00<00:02, 721.64it/s]
Epoch 0:  20%|█▉        | 379/1935 [00:00<00:02, 721.41it/s]
Epoch 0:  20%|█▉        | 380/1935 [00:00<00:02, 721.68it/s]
Epoch 0:  20%|█▉        | 380/1935 [00:00<00:02, 721.45it/s]
Epoch 0:  20%|█▉        | 381/1935 [00:00<00:02, 721.66it/s]
Epoch 0:  20%|█▉        | 381/1935 [00:00<00:02, 721.44it/s]
Epoch 0:  20%|█▉        | 382/1935 [00:00<00:02, 721.66it/s]
Epoch 0:  20%|█▉        | 382/1935 [00:00<00:02, 721.42it/s]
Epoch 0:  20%|█▉        | 383/1935 [00:00<00:02, 721.68it/s]
Epoch 0:  20%|█▉        | 383/1935 [00:00<00:02, 721.45it/s]
Epoch 0:  20%|█▉        | 384/1935 [00:00<00:02, 721.66it/s]
Epoch 0:  20%|█▉        | 384/1935 [00:00<00:02, 721.42it/s]
Epoch 0:  20%|█▉        | 385/1935 [00:00<00:02, 721.70it/s]
Epoch 0:  20%|█▉        | 385/1935 [00:00<00:02, 721.48it/s]
Epoch 0:  20%|█▉        | 386/1935 [00:00<00:02, 721.77it/s]
Epoch 0:  20%|█▉        | 386/1935 [00:00<00:02, 721.57it/s]
Epoch 0:  20%|██        | 387/1935 [00:00<00:02, 721.82it/s]
Epoch 0:  20%|██        | 387/1935 [00:00<00:02, 721.58it/s]
Epoch 0:  20%|██        | 388/1935 [00:00<00:02, 721.86it/s]
Epoch 0:  20%|██        | 388/1935 [00:00<00:02, 721.63it/s]
Epoch 0:  20%|██        | 389/1935 [00:00<00:02, 721.85it/s]
Epoch 0:  20%|██        | 389/1935 [00:00<00:02, 721.65it/s]
Epoch 0:  20%|██        | 390/1935 [00:00<00:02, 721.84it/s]
Epoch 0:  20%|██        | 390/1935 [00:00<00:02, 721.61it/s]
Epoch 0:  20%|██        | 391/1935 [00:00<00:02, 721.89it/s]
Epoch 0:  20%|██        | 391/1935 [00:00<00:02, 721.67it/s]
Epoch 0:  20%|██        | 392/1935 [00:00<00:02, 721.92it/s]
Epoch 0:  20%|██        | 392/1935 [00:00<00:02, 721.66it/s]
Epoch 0:  20%|██        | 393/1935 [00:00<00:02, 721.90it/s]
Epoch 0:  20%|██        | 393/1935 [00:00<00:02, 721.68it/s]
Epoch 0:  20%|██        | 394/1935 [00:00<00:02, 721.92it/s]
Epoch 0:  20%|██        | 394/1935 [00:00<00:02, 721.72it/s]
Epoch 0:  20%|██        | 395/1935 [00:00<00:02, 721.89it/s]
Epoch 0:  20%|██        | 395/1935 [00:00<00:02, 721.66it/s]
Epoch 0:  20%|██        | 396/1935 [00:00<00:02, 721.94it/s]
Epoch 0:  20%|██        | 396/1935 [00:00<00:02, 721.72it/s]
Epoch 0:  21%|██        | 397/1935 [00:00<00:02, 721.94it/s]
Epoch 0:  21%|██        | 397/1935 [00:00<00:02, 721.74it/s]
Epoch 0:  21%|██        | 398/1935 [00:00<00:02, 721.95it/s]
Epoch 0:  21%|██        | 398/1935 [00:00<00:02, 721.72it/s]
Epoch 0:  21%|██        | 399/1935 [00:00<00:02, 722.00it/s]
Epoch 0:  21%|██        | 399/1935 [00:00<00:02, 721.78it/s]
Epoch 0:  21%|██        | 400/1935 [00:00<00:02, 722.03it/s]
Epoch 0:  21%|██        | 400/1935 [00:00<00:02, 721.79it/s]
Epoch 0:  21%|██        | 401/1935 [00:00<00:02, 722.03it/s]
Epoch 0:  21%|██        | 401/1935 [00:00<00:02, 721.82it/s]
Epoch 0:  21%|██        | 402/1935 [00:00<00:02, 722.09it/s]
Epoch 0:  21%|██        | 402/1935 [00:00<00:02, 721.90it/s]
Epoch 0:  21%|██        | 403/1935 [00:00<00:02, 722.14it/s]
Epoch 0:  21%|██        | 403/1935 [00:00<00:02, 721.91it/s]
Epoch 0:  21%|██        | 404/1935 [00:00<00:02, 722.19it/s]
Epoch 0:  21%|██        | 404/1935 [00:00<00:02, 721.98it/s]
Epoch 0:  21%|██        | 405/1935 [00:00<00:02, 722.18it/s]
Epoch 0:  21%|██        | 405/1935 [00:00<00:02, 721.96it/s]
Epoch 0:  21%|██        | 406/1935 [00:00<00:02, 722.16it/s]
Epoch 0:  21%|██        | 406/1935 [00:00<00:02, 721.93it/s]
Epoch 0:  21%|██        | 407/1935 [00:00<00:02, 722.08it/s]
Epoch 0:  21%|██        | 407/1935 [00:00<00:02, 721.86it/s]
Epoch 0:  21%|██        | 408/1935 [00:00<00:02, 722.09it/s]
Epoch 0:  21%|██        | 408/1935 [00:00<00:02, 721.85it/s]
Epoch 0:  21%|██        | 409/1935 [00:00<00:02, 722.11it/s]
Epoch 0:  21%|██        | 409/1935 [00:00<00:02, 721.89it/s]
Epoch 0:  21%|██        | 410/1935 [00:00<00:02, 722.16it/s]
Epoch 0:  21%|██        | 410/1935 [00:00<00:02, 721.95it/s]
Epoch 0:  21%|██        | 411/1935 [00:00<00:02, 722.17it/s]
Epoch 0:  21%|██        | 411/1935 [00:00<00:02, 721.96it/s]
Epoch 0:  21%|██▏       | 412/1935 [00:00<00:02, 722.21it/s]
Epoch 0:  21%|██▏       | 412/1935 [00:00<00:02, 722.00it/s]
Epoch 0:  21%|██▏       | 413/1935 [00:00<00:02, 722.21it/s]
Epoch 0:  21%|██▏       | 413/1935 [00:00<00:02, 722.00it/s]
Epoch 0:  21%|██▏       | 414/1935 [00:00<00:02, 722.22it/s]
Epoch 0:  21%|██▏       | 414/1935 [00:00<00:02, 722.00it/s]
Epoch 0:  21%|██▏       | 415/1935 [00:00<00:02, 722.24it/s]
Epoch 0:  21%|██▏       | 415/1935 [00:00<00:02, 722.03it/s]
Epoch 0:  21%|██▏       | 416/1935 [00:00<00:02, 722.24it/s]
Epoch 0:  21%|██▏       | 416/1935 [00:00<00:02, 722.02it/s]
Epoch 0:  22%|██▏       | 417/1935 [00:00<00:02, 722.26it/s]
Epoch 0:  22%|██▏       | 417/1935 [00:00<00:02, 722.05it/s]
Epoch 0:  22%|██▏       | 418/1935 [00:00<00:02, 722.30it/s]
Epoch 0:  22%|██▏       | 418/1935 [00:00<00:02, 722.11it/s]
Epoch 0:  22%|██▏       | 419/1935 [00:00<00:02, 722.33it/s]
Epoch 0:  22%|██▏       | 419/1935 [00:00<00:02, 722.11it/s]
Epoch 0:  22%|██▏       | 420/1935 [00:00<00:02, 722.37it/s]
Epoch 0:  22%|██▏       | 420/1935 [00:00<00:02, 722.17it/s]
Epoch 0:  22%|██▏       | 421/1935 [00:00<00:02, 722.38it/s]
Epoch 0:  22%|██▏       | 421/1935 [00:00<00:02, 722.20it/s]
Epoch 0:  22%|██▏       | 422/1935 [00:00<00:02, 722.36it/s]
Epoch 0:  22%|██▏       | 422/1935 [00:00<00:02, 722.14it/s]
Epoch 0:  22%|██▏       | 423/1935 [00:00<00:02, 722.39it/s]
Epoch 0:  22%|██▏       | 423/1935 [00:00<00:02, 722.19it/s]
Epoch 0:  22%|██▏       | 424/1935 [00:00<00:02, 722.43it/s]
Epoch 0:  22%|██▏       | 424/1935 [00:00<00:02, 722.18it/s]
Epoch 0:  22%|██▏       | 425/1935 [00:00<00:02, 722.41it/s]
Epoch 0:  22%|██▏       | 425/1935 [00:00<00:02, 722.21it/s]
Epoch 0:  22%|██▏       | 426/1935 [00:00<00:02, 722.45it/s]
Epoch 0:  22%|██▏       | 426/1935 [00:00<00:02, 722.25it/s]
Epoch 0:  22%|██▏       | 427/1935 [00:00<00:02, 722.47it/s]
Epoch 0:  22%|██▏       | 427/1935 [00:00<00:02, 722.24it/s]
Epoch 0:  22%|██▏       | 428/1935 [00:00<00:02, 722.49it/s]
Epoch 0:  22%|██▏       | 428/1935 [00:00<00:02, 722.29it/s]
Epoch 0:  22%|██▏       | 429/1935 [00:00<00:02, 722.50it/s]
Epoch 0:  22%|██▏       | 429/1935 [00:00<00:02, 722.32it/s]
Epoch 0:  22%|██▏       | 430/1935 [00:00<00:02, 722.54it/s]
Epoch 0:  22%|██▏       | 430/1935 [00:00<00:02, 722.33it/s]
Epoch 0:  22%|██▏       | 431/1935 [00:00<00:02, 722.55it/s]
Epoch 0:  22%|██▏       | 431/1935 [00:00<00:02, 722.35it/s]
Epoch 0:  22%|██▏       | 432/1935 [00:00<00:02, 722.52it/s]
Epoch 0:  22%|██▏       | 432/1935 [00:00<00:02, 722.34it/s]
Epoch 0:  22%|██▏       | 433/1935 [00:00<00:02, 722.59it/s]
Epoch 0:  22%|██▏       | 433/1935 [00:00<00:02, 722.38it/s]
Epoch 0:  22%|██▏       | 434/1935 [00:00<00:02, 722.62it/s]
Epoch 0:  22%|██▏       | 434/1935 [00:00<00:02, 722.44it/s]
Epoch 0:  22%|██▏       | 435/1935 [00:00<00:02, 722.65it/s]
Epoch 0:  22%|██▏       | 435/1935 [00:00<00:02, 722.44it/s]
Epoch 0:  23%|██▎       | 436/1935 [00:00<00:02, 722.69it/s]
Epoch 0:  23%|██▎       | 436/1935 [00:00<00:02, 722.49it/s]
Epoch 0:  23%|██▎       | 437/1935 [00:00<00:02, 722.70it/s]
Epoch 0:  23%|██▎       | 437/1935 [00:00<00:02, 722.52it/s]
Epoch 0:  23%|██▎       | 438/1935 [00:00<00:02, 722.71it/s]
Epoch 0:  23%|██▎       | 438/1935 [00:00<00:02, 722.49it/s]
Epoch 0:  23%|██▎       | 439/1935 [00:00<00:02, 722.74it/s]
Epoch 0:  23%|██▎       | 439/1935 [00:00<00:02, 722.54it/s]
Epoch 0:  23%|██▎       | 440/1935 [00:00<00:02, 722.75it/s]
Epoch 0:  23%|██▎       | 440/1935 [00:00<00:02, 722.54it/s]
Epoch 0:  23%|██▎       | 441/1935 [00:00<00:02, 722.76it/s]
Epoch 0:  23%|██▎       | 441/1935 [00:00<00:02, 722.56it/s]
Epoch 0:  23%|██▎       | 442/1935 [00:00<00:02, 722.81it/s]
Epoch 0:  23%|██▎       | 442/1935 [00:00<00:02, 722.63it/s]
Epoch 0:  23%|██▎       | 443/1935 [00:00<00:02, 722.84it/s]
Epoch 0:  23%|██▎       | 443/1935 [00:00<00:02, 722.65it/s]
Epoch 0:  23%|██▎       | 444/1935 [00:00<00:02, 722.89it/s]
Epoch 0:  23%|██▎       | 444/1935 [00:00<00:02, 722.69it/s]
Epoch 0:  23%|██▎       | 445/1935 [00:00<00:02, 722.89it/s]
Epoch 0:  23%|██▎       | 445/1935 [00:00<00:02, 722.72it/s]
Epoch 0:  23%|██▎       | 446/1935 [00:00<00:02, 722.93it/s]
Epoch 0:  23%|██▎       | 446/1935 [00:00<00:02, 722.70it/s]
Epoch 0:  23%|██▎       | 447/1935 [00:00<00:02, 722.93it/s]
Epoch 0:  23%|██▎       | 447/1935 [00:00<00:02, 722.74it/s]
Epoch 0:  23%|██▎       | 448/1935 [00:00<00:02, 722.95it/s]
Epoch 0:  23%|██▎       | 448/1935 [00:00<00:02, 722.75it/s]
Epoch 0:  23%|██▎       | 449/1935 [00:00<00:02, 722.99it/s]
Epoch 0:  23%|██▎       | 449/1935 [00:00<00:02, 722.79it/s]
Epoch 0:  23%|██▎       | 450/1935 [00:00<00:02, 723.01it/s]
Epoch 0:  23%|██▎       | 450/1935 [00:00<00:02, 722.84it/s]
Epoch 0:  23%|██▎       | 451/1935 [00:00<00:02, 723.02it/s]
Epoch 0:  23%|██▎       | 451/1935 [00:00<00:02, 722.82it/s]
Epoch 0:  23%|██▎       | 452/1935 [00:00<00:02, 723.04it/s]
Epoch 0:  23%|██▎       | 452/1935 [00:00<00:02, 722.84it/s]
Epoch 0:  23%|██▎       | 453/1935 [00:00<00:02, 723.02it/s]
Epoch 0:  23%|██▎       | 453/1935 [00:00<00:02, 722.83it/s]
Epoch 0:  23%|██▎       | 454/1935 [00:00<00:02, 723.02it/s]
Epoch 0:  23%|██▎       | 454/1935 [00:00<00:02, 722.81it/s]
Epoch 0:  24%|██▎       | 455/1935 [00:00<00:02, 723.02it/s]
Epoch 0:  24%|██▎       | 455/1935 [00:00<00:02, 722.83it/s]
Epoch 0:  24%|██▎       | 456/1935 [00:00<00:02, 723.02it/s]
Epoch 0:  24%|██▎       | 456/1935 [00:00<00:02, 722.81it/s]
Epoch 0:  24%|██▎       | 457/1935 [00:00<00:02, 723.05it/s]
Epoch 0:  24%|██▎       | 457/1935 [00:00<00:02, 722.85it/s]
Epoch 0:  24%|██▎       | 458/1935 [00:00<00:02, 723.07it/s]
Epoch 0:  24%|██▎       | 458/1935 [00:00<00:02, 722.88it/s]
Epoch 0:  24%|██▎       | 459/1935 [00:00<00:02, 723.04it/s]
Epoch 0:  24%|██▎       | 459/1935 [00:00<00:02, 722.84it/s]
Epoch 0:  24%|██▍       | 460/1935 [00:00<00:02, 723.07it/s]
Epoch 0:  24%|██▍       | 460/1935 [00:00<00:02, 722.88it/s]
Epoch 0:  24%|██▍       | 461/1935 [00:00<00:02, 723.08it/s]
Epoch 0:  24%|██▍       | 461/1935 [00:00<00:02, 722.91it/s]
Epoch 0:  24%|██▍       | 462/1935 [00:00<00:02, 723.10it/s]
Epoch 0:  24%|██▍       | 462/1935 [00:00<00:02, 722.90it/s]
Epoch 0:  24%|██▍       | 463/1935 [00:00<00:02, 723.13it/s]
Epoch 0:  24%|██▍       | 463/1935 [00:00<00:02, 722.94it/s]
Epoch 0:  24%|██▍       | 464/1935 [00:00<00:02, 723.16it/s]
Epoch 0:  24%|██▍       | 464/1935 [00:00<00:02, 722.97it/s]
Epoch 0:  24%|██▍       | 465/1935 [00:00<00:02, 723.15it/s]
Epoch 0:  24%|██▍       | 465/1935 [00:00<00:02, 722.98it/s]
Epoch 0:  24%|██▍       | 466/1935 [00:00<00:02, 723.17it/s]
Epoch 0:  24%|██▍       | 466/1935 [00:00<00:02, 723.00it/s]
Epoch 0:  24%|██▍       | 467/1935 [00:00<00:02, 723.21it/s]
Epoch 0:  24%|██▍       | 467/1935 [00:00<00:02, 723.02it/s]
Epoch 0:  24%|██▍       | 468/1935 [00:00<00:02, 723.26it/s]
Epoch 0:  24%|██▍       | 468/1935 [00:00<00:02, 723.04it/s]
Epoch 0:  24%|██▍       | 469/1935 [00:00<00:02, 723.25it/s]
Epoch 0:  24%|██▍       | 469/1935 [00:00<00:02, 723.08it/s]
Epoch 0:  24%|██▍       | 470/1935 [00:00<00:02, 723.29it/s]
Epoch 0:  24%|██▍       | 470/1935 [00:00<00:02, 723.09it/s]
Epoch 0:  24%|██▍       | 471/1935 [00:00<00:02, 723.30it/s]
Epoch 0:  24%|██▍       | 471/1935 [00:00<00:02, 723.11it/s]
Epoch 0:  24%|██▍       | 472/1935 [00:00<00:02, 723.32it/s]
Epoch 0:  24%|██▍       | 472/1935 [00:00<00:02, 723.14it/s]
Epoch 0:  24%|██▍       | 473/1935 [00:00<00:02, 723.36it/s]
Epoch 0:  24%|██▍       | 473/1935 [00:00<00:02, 723.18it/s]
Epoch 0:  24%|██▍       | 474/1935 [00:00<00:02, 723.40it/s]
Epoch 0:  24%|██▍       | 474/1935 [00:00<00:02, 723.22it/s]
Epoch 0:  25%|██▍       | 475/1935 [00:00<00:02, 723.42it/s]
Epoch 0:  25%|██▍       | 475/1935 [00:00<00:02, 723.25it/s]
Epoch 0:  25%|██▍       | 476/1935 [00:00<00:02, 723.46it/s]
Epoch 0:  25%|██▍       | 476/1935 [00:00<00:02, 723.27it/s]
Epoch 0:  25%|██▍       | 477/1935 [00:00<00:02, 723.39it/s]
Epoch 0:  25%|██▍       | 477/1935 [00:00<00:02, 723.22it/s]
Epoch 0:  25%|██▍       | 478/1935 [00:00<00:02, 723.41it/s]
Epoch 0:  25%|██▍       | 478/1935 [00:00<00:02, 723.22it/s]
Epoch 0:  25%|██▍       | 479/1935 [00:00<00:02, 723.43it/s]
Epoch 0:  25%|██▍       | 479/1935 [00:00<00:02, 723.25it/s]
Epoch 0:  25%|██▍       | 480/1935 [00:00<00:02, 723.42it/s]
Epoch 0:  25%|██▍       | 480/1935 [00:00<00:02, 723.24it/s]
Epoch 0:  25%|██▍       | 481/1935 [00:00<00:02, 723.46it/s]
Epoch 0:  25%|██▍       | 481/1935 [00:00<00:02, 723.28it/s]
Epoch 0:  25%|██▍       | 482/1935 [00:00<00:02, 723.48it/s]
Epoch 0:  25%|██▍       | 482/1935 [00:00<00:02, 723.30it/s]
Epoch 0:  25%|██▍       | 483/1935 [00:00<00:02, 723.50it/s]
Epoch 0:  25%|██▍       | 483/1935 [00:00<00:02, 723.34it/s]
Epoch 0:  25%|██▌       | 484/1935 [00:00<00:02, 723.56it/s]
Epoch 0:  25%|██▌       | 484/1935 [00:00<00:02, 723.38it/s]
Epoch 0:  25%|██▌       | 485/1935 [00:00<00:02, 723.55it/s]
Epoch 0:  25%|██▌       | 485/1935 [00:00<00:02, 723.37it/s]
Epoch 0:  25%|██▌       | 486/1935 [00:00<00:02, 723.54it/s]
Epoch 0:  25%|██▌       | 486/1935 [00:00<00:02, 723.36it/s]
Epoch 0:  25%|██▌       | 487/1935 [00:00<00:02, 723.58it/s]
Epoch 0:  25%|██▌       | 487/1935 [00:00<00:02, 723.39it/s]
Epoch 0:  25%|██▌       | 488/1935 [00:00<00:01, 723.55it/s]
Epoch 0:  25%|██▌       | 488/1935 [00:00<00:02, 723.37it/s]
Epoch 0:  25%|██▌       | 489/1935 [00:00<00:01, 723.59it/s]
Epoch 0:  25%|██▌       | 489/1935 [00:00<00:01, 723.41it/s]
Epoch 0:  25%|██▌       | 490/1935 [00:00<00:01, 723.61it/s]
Epoch 0:  25%|██▌       | 490/1935 [00:00<00:01, 723.45it/s]
Epoch 0:  25%|██▌       | 491/1935 [00:00<00:01, 723.60it/s]
Epoch 0:  25%|██▌       | 491/1935 [00:00<00:01, 723.44it/s]
Epoch 0:  25%|██▌       | 492/1935 [00:00<00:01, 723.65it/s]
Epoch 0:  25%|██▌       | 492/1935 [00:00<00:01, 723.47it/s]
Epoch 0:  25%|██▌       | 493/1935 [00:00<00:01, 723.64it/s]
Epoch 0:  25%|██▌       | 493/1935 [00:00<00:01, 723.48it/s]
Epoch 0:  26%|██▌       | 494/1935 [00:00<00:01, 723.63it/s]
Epoch 0:  26%|██▌       | 494/1935 [00:00<00:01, 723.45it/s]
Epoch 0:  26%|██▌       | 495/1935 [00:00<00:01, 723.65it/s]
Epoch 0:  26%|██▌       | 495/1935 [00:00<00:01, 723.46it/s]
Epoch 0:  26%|██▌       | 496/1935 [00:00<00:01, 723.64it/s]
Epoch 0:  26%|██▌       | 496/1935 [00:00<00:01, 723.46it/s]
Epoch 0:  26%|██▌       | 497/1935 [00:00<00:01, 723.67it/s]
Epoch 0:  26%|██▌       | 497/1935 [00:00<00:01, 723.50it/s]
Epoch 0:  26%|██▌       | 498/1935 [00:00<00:01, 723.71it/s]
Epoch 0:  26%|██▌       | 498/1935 [00:00<00:01, 723.55it/s]
Epoch 0:  26%|██▌       | 499/1935 [00:00<00:01, 723.73it/s]
Epoch 0:  26%|██▌       | 499/1935 [00:00<00:01, 723.57it/s]
Epoch 0:  26%|██▌       | 500/1935 [00:00<00:01, 723.77it/s]
Epoch 0:  26%|██▌       | 500/1935 [00:00<00:01, 723.60it/s]
Epoch 0:  26%|██▌       | 501/1935 [00:00<00:01, 723.75it/s]
Epoch 0:  26%|██▌       | 501/1935 [00:00<00:01, 723.59it/s]
Epoch 0:  26%|██▌       | 502/1935 [00:00<00:01, 723.72it/s]
Epoch 0:  26%|██▌       | 502/1935 [00:00<00:01, 723.57it/s]
Epoch 0:  26%|██▌       | 503/1935 [00:00<00:01, 723.77it/s]
Epoch 0:  26%|██▌       | 503/1935 [00:00<00:01, 723.57it/s]
Epoch 0:  26%|██▌       | 504/1935 [00:00<00:01, 723.74it/s]
Epoch 0:  26%|██▌       | 504/1935 [00:00<00:01, 723.56it/s]
Epoch 0:  26%|██▌       | 505/1935 [00:00<00:01, 723.76it/s]
Epoch 0:  26%|██▌       | 505/1935 [00:00<00:01, 723.59it/s]
Epoch 0:  26%|██▌       | 506/1935 [00:00<00:01, 723.78it/s]
Epoch 0:  26%|██▌       | 506/1935 [00:00<00:01, 723.62it/s]
Epoch 0:  26%|██▌       | 507/1935 [00:00<00:01, 723.76it/s]
Epoch 0:  26%|██▌       | 507/1935 [00:00<00:01, 723.60it/s]
Epoch 0:  26%|██▋       | 508/1935 [00:00<00:01, 723.79it/s]
Epoch 0:  26%|██▋       | 508/1935 [00:00<00:01, 723.62it/s]
Epoch 0:  26%|██▋       | 509/1935 [00:00<00:01, 723.77it/s]
Epoch 0:  26%|██▋       | 509/1935 [00:00<00:01, 723.61it/s]
Epoch 0:  26%|██▋       | 510/1935 [00:00<00:01, 723.77it/s]
Epoch 0:  26%|██▋       | 510/1935 [00:00<00:01, 723.60it/s]
Epoch 0:  26%|██▋       | 511/1935 [00:00<00:01, 723.80it/s]
Epoch 0:  26%|██▋       | 511/1935 [00:00<00:01, 723.62it/s]
Epoch 0:  26%|██▋       | 512/1935 [00:00<00:01, 723.81it/s]
Epoch 0:  26%|██▋       | 512/1935 [00:00<00:01, 723.65it/s]
Epoch 0:  27%|██▋       | 513/1935 [00:00<00:01, 723.87it/s]
Epoch 0:  27%|██▋       | 513/1935 [00:00<00:01, 723.70it/s]
Epoch 0:  27%|██▋       | 514/1935 [00:00<00:01, 719.65it/s]
Epoch 0:  27%|██▋       | 514/1935 [00:00<00:01, 719.48it/s]
Epoch 0:  27%|██▋       | 515/1935 [00:00<00:01, 719.67it/s]
Epoch 0:  27%|██▋       | 515/1935 [00:00<00:01, 719.52it/s]
Epoch 0:  27%|██▋       | 516/1935 [00:00<00:01, 719.73it/s]
Epoch 0:  27%|██▋       | 516/1935 [00:00<00:01, 719.57it/s]
Epoch 0:  27%|██▋       | 517/1935 [00:00<00:01, 719.74it/s]
Epoch 0:  27%|██▋       | 517/1935 [00:00<00:01, 719.58it/s]
Epoch 0:  27%|██▋       | 518/1935 [00:00<00:01, 719.76it/s]
Epoch 0:  27%|██▋       | 518/1935 [00:00<00:01, 719.59it/s]
Epoch 0:  27%|██▋       | 519/1935 [00:00<00:01, 719.81it/s]
Epoch 0:  27%|██▋       | 519/1935 [00:00<00:01, 719.64it/s]
Epoch 0:  27%|██▋       | 520/1935 [00:00<00:01, 719.85it/s]
Epoch 0:  27%|██▋       | 520/1935 [00:00<00:01, 719.68it/s]
Epoch 0:  27%|██▋       | 521/1935 [00:00<00:01, 719.90it/s]
Epoch 0:  27%|██▋       | 521/1935 [00:00<00:01, 719.73it/s]
Epoch 0:  27%|██▋       | 522/1935 [00:00<00:01, 719.96it/s]
Epoch 0:  27%|██▋       | 522/1935 [00:00<00:01, 719.80it/s]
Epoch 0:  27%|██▋       | 523/1935 [00:00<00:01, 719.96it/s]
Epoch 0:  27%|██▋       | 523/1935 [00:00<00:01, 719.80it/s]
Epoch 0:  27%|██▋       | 524/1935 [00:00<00:01, 720.02it/s]
Epoch 0:  27%|██▋       | 524/1935 [00:00<00:01, 719.86it/s]
Epoch 0:  27%|██▋       | 525/1935 [00:00<00:01, 720.05it/s]
Epoch 0:  27%|██▋       | 525/1935 [00:00<00:01, 719.90it/s]
Epoch 0:  27%|██▋       | 526/1935 [00:00<00:01, 720.08it/s]
Epoch 0:  27%|██▋       | 526/1935 [00:00<00:01, 719.91it/s]
Epoch 0:  27%|██▋       | 527/1935 [00:00<00:01, 720.11it/s]
Epoch 0:  27%|██▋       | 527/1935 [00:00<00:01, 719.95it/s]
Epoch 0:  27%|██▋       | 528/1935 [00:00<00:01, 720.13it/s]
Epoch 0:  27%|██▋       | 528/1935 [00:00<00:01, 719.96it/s]
Epoch 0:  27%|██▋       | 529/1935 [00:00<00:01, 720.15it/s]
Epoch 0:  27%|██▋       | 529/1935 [00:00<00:01, 719.99it/s]
Epoch 0:  27%|██▋       | 530/1935 [00:00<00:01, 720.17it/s]
Epoch 0:  27%|██▋       | 530/1935 [00:00<00:01, 720.01it/s]
Epoch 0:  27%|██▋       | 531/1935 [00:00<00:01, 720.19it/s]
Epoch 0:  27%|██▋       | 531/1935 [00:00<00:01, 720.04it/s]
Epoch 0:  27%|██▋       | 532/1935 [00:00<00:01, 720.25it/s]
Epoch 0:  27%|██▋       | 532/1935 [00:00<00:01, 720.09it/s]
Epoch 0:  28%|██▊       | 533/1935 [00:00<00:01, 720.28it/s]
Epoch 0:  28%|██▊       | 533/1935 [00:00<00:01, 720.13it/s]
Epoch 0:  28%|██▊       | 534/1935 [00:00<00:01, 720.31it/s]
Epoch 0:  28%|██▊       | 534/1935 [00:00<00:01, 720.15it/s]
Epoch 0:  28%|██▊       | 535/1935 [00:00<00:01, 720.35it/s]
Epoch 0:  28%|██▊       | 535/1935 [00:00<00:01, 720.19it/s]
Epoch 0:  28%|██▊       | 536/1935 [00:00<00:01, 720.37it/s]
Epoch 0:  28%|██▊       | 536/1935 [00:00<00:01, 720.21it/s]
Epoch 0:  28%|██▊       | 537/1935 [00:00<00:01, 720.41it/s]
Epoch 0:  28%|██▊       | 537/1935 [00:00<00:01, 720.25it/s]
Epoch 0:  28%|██▊       | 538/1935 [00:00<00:01, 720.43it/s]
Epoch 0:  28%|██▊       | 538/1935 [00:00<00:01, 720.28it/s]
Epoch 0:  28%|██▊       | 539/1935 [00:00<00:01, 720.43it/s]
Epoch 0:  28%|██▊       | 539/1935 [00:00<00:01, 720.29it/s]
Epoch 0:  28%|██▊       | 540/1935 [00:00<00:01, 720.48it/s]
Epoch 0:  28%|██▊       | 540/1935 [00:00<00:01, 720.32it/s]
Epoch 0:  28%|██▊       | 541/1935 [00:00<00:01, 720.44it/s]
Epoch 0:  28%|██▊       | 541/1935 [00:00<00:01, 720.27it/s]
Epoch 0:  28%|██▊       | 542/1935 [00:00<00:01, 720.43it/s]
Epoch 0:  28%|██▊       | 542/1935 [00:00<00:01, 720.26it/s]
Epoch 0:  28%|██▊       | 543/1935 [00:00<00:01, 720.47it/s]
Epoch 0:  28%|██▊       | 543/1935 [00:00<00:01, 720.31it/s]
Epoch 0:  28%|██▊       | 544/1935 [00:00<00:01, 720.50it/s]
Epoch 0:  28%|██▊       | 544/1935 [00:00<00:01, 720.32it/s]
Epoch 0:  28%|██▊       | 545/1935 [00:00<00:01, 720.52it/s]
Epoch 0:  28%|██▊       | 545/1935 [00:00<00:01, 720.36it/s]
Epoch 0:  28%|██▊       | 546/1935 [00:00<00:01, 720.55it/s]
Epoch 0:  28%|██▊       | 546/1935 [00:00<00:01, 720.40it/s]
Epoch 0:  28%|██▊       | 547/1935 [00:00<00:01, 720.56it/s]
Epoch 0:  28%|██▊       | 547/1935 [00:00<00:01, 720.39it/s]
Epoch 0:  28%|██▊       | 548/1935 [00:00<00:01, 720.58it/s]
Epoch 0:  28%|██▊       | 548/1935 [00:00<00:01, 720.42it/s]
Epoch 0:  28%|██▊       | 549/1935 [00:00<00:01, 720.56it/s]
Epoch 0:  28%|██▊       | 549/1935 [00:00<00:01, 720.42it/s]
Epoch 0:  28%|██▊       | 550/1935 [00:00<00:01, 720.59it/s]
Epoch 0:  28%|██▊       | 550/1935 [00:00<00:01, 720.43it/s]
Epoch 0:  28%|██▊       | 551/1935 [00:00<00:01, 720.61it/s]
Epoch 0:  28%|██▊       | 551/1935 [00:00<00:01, 720.46it/s]
Epoch 0:  29%|██▊       | 552/1935 [00:00<00:01, 720.61it/s]
Epoch 0:  29%|██▊       | 552/1935 [00:00<00:01, 720.44it/s]
Epoch 0:  29%|██▊       | 553/1935 [00:00<00:01, 720.64it/s]
Epoch 0:  29%|██▊       | 553/1935 [00:00<00:01, 720.49it/s]
Epoch 0:  29%|██▊       | 554/1935 [00:00<00:01, 720.67it/s]
Epoch 0:  29%|██▊       | 554/1935 [00:00<00:01, 720.53it/s]
Epoch 0:  29%|██▊       | 555/1935 [00:00<00:01, 720.69it/s]
Epoch 0:  29%|██▊       | 555/1935 [00:00<00:01, 720.53it/s]
Epoch 0:  29%|██▊       | 556/1935 [00:00<00:01, 720.72it/s]
Epoch 0:  29%|██▊       | 556/1935 [00:00<00:01, 720.57it/s]
Epoch 0:  29%|██▉       | 557/1935 [00:00<00:01, 720.74it/s]
Epoch 0:  29%|██▉       | 557/1935 [00:00<00:01, 720.60it/s]
Epoch 0:  29%|██▉       | 558/1935 [00:00<00:01, 720.76it/s]
Epoch 0:  29%|██▉       | 558/1935 [00:00<00:01, 720.60it/s]
Epoch 0:  29%|██▉       | 559/1935 [00:00<00:01, 720.78it/s]
Epoch 0:  29%|██▉       | 559/1935 [00:00<00:01, 720.63it/s]
Epoch 0:  29%|██▉       | 560/1935 [00:00<00:01, 720.81it/s]
Epoch 0:  29%|██▉       | 560/1935 [00:00<00:01, 720.64it/s]
Epoch 0:  29%|██▉       | 561/1935 [00:00<00:01, 720.82it/s]
Epoch 0:  29%|██▉       | 561/1935 [00:00<00:01, 720.66it/s]
Epoch 0:  29%|██▉       | 562/1935 [00:00<00:01, 720.85it/s]
Epoch 0:  29%|██▉       | 562/1935 [00:00<00:01, 720.71it/s]
Epoch 0:  29%|██▉       | 563/1935 [00:00<00:01, 720.87it/s]
Epoch 0:  29%|██▉       | 563/1935 [00:00<00:01, 720.70it/s]
Epoch 0:  29%|██▉       | 564/1935 [00:00<00:01, 720.90it/s]
Epoch 0:  29%|██▉       | 564/1935 [00:00<00:01, 720.74it/s]
Epoch 0:  29%|██▉       | 565/1935 [00:00<00:01, 720.91it/s]
Epoch 0:  29%|██▉       | 565/1935 [00:00<00:01, 720.78it/s]
Epoch 0:  29%|██▉       | 566/1935 [00:00<00:01, 720.90it/s]
Epoch 0:  29%|██▉       | 566/1935 [00:00<00:01, 720.76it/s]
Epoch 0:  29%|██▉       | 567/1935 [00:00<00:01, 720.96it/s]
Epoch 0:  29%|██▉       | 567/1935 [00:00<00:01, 720.81it/s]
Epoch 0:  29%|██▉       | 568/1935 [00:00<00:01, 720.99it/s]
Epoch 0:  29%|██▉       | 568/1935 [00:00<00:01, 720.83it/s]
Epoch 0:  29%|██▉       | 569/1935 [00:00<00:01, 721.01it/s]
Epoch 0:  29%|██▉       | 569/1935 [00:00<00:01, 720.86it/s]
Epoch 0:  29%|██▉       | 570/1935 [00:00<00:01, 721.06it/s]
Epoch 0:  29%|██▉       | 570/1935 [00:00<00:01, 720.92it/s]
Epoch 0:  30%|██▉       | 571/1935 [00:00<00:01, 721.10it/s]
Epoch 0:  30%|██▉       | 571/1935 [00:00<00:01, 720.94it/s]
Epoch 0:  30%|██▉       | 572/1935 [00:00<00:01, 721.10it/s]
Epoch 0:  30%|██▉       | 572/1935 [00:00<00:01, 720.95it/s]
Epoch 0:  30%|██▉       | 573/1935 [00:00<00:01, 721.12it/s]
Epoch 0:  30%|██▉       | 573/1935 [00:00<00:01, 720.99it/s]
Epoch 0:  30%|██▉       | 574/1935 [00:00<00:01, 721.03it/s]
Epoch 0:  30%|██▉       | 574/1935 [00:00<00:01, 720.87it/s]
Epoch 0:  30%|██▉       | 575/1935 [00:00<00:01, 721.07it/s]
Epoch 0:  30%|██▉       | 575/1935 [00:00<00:01, 720.93it/s]
Epoch 0:  30%|██▉       | 576/1935 [00:00<00:01, 721.11it/s]
Epoch 0:  30%|██▉       | 576/1935 [00:00<00:01, 720.95it/s]
Epoch 0:  30%|██▉       | 577/1935 [00:00<00:01, 721.14it/s]
Epoch 0:  30%|██▉       | 577/1935 [00:00<00:01, 720.99it/s]
Epoch 0:  30%|██▉       | 578/1935 [00:00<00:01, 721.18it/s]
Epoch 0:  30%|██▉       | 578/1935 [00:00<00:01, 721.04it/s]
Epoch 0:  30%|██▉       | 579/1935 [00:00<00:01, 721.21it/s]
Epoch 0:  30%|██▉       | 579/1935 [00:00<00:01, 721.05it/s]
Epoch 0:  30%|██▉       | 580/1935 [00:00<00:01, 721.24it/s]
Epoch 0:  30%|██▉       | 580/1935 [00:00<00:01, 721.09it/s]
Epoch 0:  30%|███       | 581/1935 [00:00<00:01, 721.25it/s]
Epoch 0:  30%|███       | 581/1935 [00:00<00:01, 721.12it/s]
Epoch 0:  30%|███       | 582/1935 [00:00<00:01, 721.28it/s]
Epoch 0:  30%|███       | 582/1935 [00:00<00:01, 721.12it/s]
Epoch 0:  30%|███       | 583/1935 [00:00<00:01, 721.30it/s]
Epoch 0:  30%|███       | 583/1935 [00:00<00:01, 721.15it/s]
Epoch 0:  30%|███       | 584/1935 [00:00<00:01, 721.30it/s]
Epoch 0:  30%|███       | 584/1935 [00:00<00:01, 721.14it/s]
Epoch 0:  30%|███       | 585/1935 [00:00<00:01, 721.34it/s]
Epoch 0:  30%|███       | 585/1935 [00:00<00:01, 721.18it/s]
Epoch 0:  30%|███       | 586/1935 [00:00<00:01, 721.34it/s]
Epoch 0:  30%|███       | 586/1935 [00:00<00:01, 721.21it/s]
Epoch 0:  30%|███       | 587/1935 [00:00<00:01, 721.38it/s]
Epoch 0:  30%|███       | 587/1935 [00:00<00:01, 721.22it/s]
Epoch 0:  30%|███       | 588/1935 [00:00<00:01, 721.38it/s]
Epoch 0:  30%|███       | 588/1935 [00:00<00:01, 721.23it/s]
Epoch 0:  30%|███       | 589/1935 [00:00<00:01, 721.39it/s]
Epoch 0:  30%|███       | 589/1935 [00:00<00:01, 721.25it/s]
Epoch 0:  30%|███       | 590/1935 [00:00<00:01, 721.41it/s]
Epoch 0:  30%|███       | 590/1935 [00:00<00:01, 721.26it/s]
Epoch 0:  31%|███       | 591/1935 [00:00<00:01, 721.43it/s]
Epoch 0:  31%|███       | 591/1935 [00:00<00:01, 721.28it/s]
Epoch 0:  31%|███       | 592/1935 [00:00<00:01, 721.43it/s]
Epoch 0:  31%|███       | 592/1935 [00:00<00:01, 721.28it/s]
Epoch 0:  31%|███       | 593/1935 [00:00<00:01, 721.44it/s]
Epoch 0:  31%|███       | 593/1935 [00:00<00:01, 721.27it/s]
Epoch 0:  31%|███       | 594/1935 [00:00<00:01, 721.45it/s]
Epoch 0:  31%|███       | 594/1935 [00:00<00:01, 721.32it/s]
Epoch 0:  31%|███       | 595/1935 [00:00<00:01, 721.47it/s]
Epoch 0:  31%|███       | 595/1935 [00:00<00:01, 721.32it/s]
Epoch 0:  31%|███       | 596/1935 [00:00<00:01, 721.49it/s]
Epoch 0:  31%|███       | 596/1935 [00:00<00:01, 721.34it/s]
Epoch 0:  31%|███       | 597/1935 [00:00<00:01, 721.48it/s]
Epoch 0:  31%|███       | 597/1935 [00:00<00:01, 721.35it/s]
Epoch 0:  31%|███       | 598/1935 [00:00<00:01, 721.51it/s]
Epoch 0:  31%|███       | 598/1935 [00:00<00:01, 721.36it/s]
Epoch 0:  31%|███       | 599/1935 [00:00<00:01, 721.54it/s]
Epoch 0:  31%|███       | 599/1935 [00:00<00:01, 721.40it/s]
Epoch 0:  31%|███       | 600/1935 [00:00<00:01, 721.55it/s]
Epoch 0:  31%|███       | 600/1935 [00:00<00:01, 721.40it/s]
Epoch 0:  31%|███       | 601/1935 [00:00<00:01, 721.54it/s]
Epoch 0:  31%|███       | 601/1935 [00:00<00:01, 721.39it/s]
Epoch 0:  31%|███       | 602/1935 [00:00<00:01, 721.55it/s]
Epoch 0:  31%|███       | 602/1935 [00:00<00:01, 721.42it/s]
Epoch 0:  31%|███       | 603/1935 [00:00<00:01, 721.57it/s]
Epoch 0:  31%|███       | 603/1935 [00:00<00:01, 721.42it/s]
Epoch 0:  31%|███       | 604/1935 [00:00<00:01, 721.58it/s]
Epoch 0:  31%|███       | 604/1935 [00:00<00:01, 721.44it/s]
Epoch 0:  31%|███▏      | 605/1935 [00:00<00:01, 721.60it/s]
Epoch 0:  31%|███▏      | 605/1935 [00:00<00:01, 721.47it/s]
Epoch 0:  31%|███▏      | 606/1935 [00:00<00:01, 721.61it/s]
Epoch 0:  31%|███▏      | 606/1935 [00:00<00:01, 721.48it/s]
Epoch 0:  31%|███▏      | 607/1935 [00:00<00:01, 721.65it/s]
Epoch 0:  31%|███▏      | 607/1935 [00:00<00:01, 721.51it/s]
Epoch 0:  31%|███▏      | 608/1935 [00:00<00:01, 721.68it/s]
Epoch 0:  31%|███▏      | 608/1935 [00:00<00:01, 721.52it/s]
Epoch 0:  31%|███▏      | 609/1935 [00:00<00:01, 721.70it/s]
Epoch 0:  31%|███▏      | 609/1935 [00:00<00:01, 721.56it/s]
Epoch 0:  32%|███▏      | 610/1935 [00:00<00:01, 721.73it/s]
Epoch 0:  32%|███▏      | 610/1935 [00:00<00:01, 721.60it/s]
Epoch 0:  32%|███▏      | 611/1935 [00:00<00:01, 721.75it/s]
Epoch 0:  32%|███▏      | 611/1935 [00:00<00:01, 721.60it/s]
Epoch 0:  32%|███▏      | 612/1935 [00:00<00:01, 721.76it/s]
Epoch 0:  32%|███▏      | 612/1935 [00:00<00:01, 721.61it/s]
Epoch 0:  32%|███▏      | 613/1935 [00:00<00:01, 721.77it/s]
Epoch 0:  32%|███▏      | 613/1935 [00:00<00:01, 721.64it/s]
Epoch 0:  32%|███▏      | 614/1935 [00:00<00:01, 721.81it/s]
Epoch 0:  32%|███▏      | 614/1935 [00:00<00:01, 721.67it/s]
Epoch 0:  32%|███▏      | 615/1935 [00:00<00:01, 721.84it/s]
Epoch 0:  32%|███▏      | 615/1935 [00:00<00:01, 721.69it/s]
Epoch 0:  32%|███▏      | 616/1935 [00:00<00:01, 721.83it/s]
Epoch 0:  32%|███▏      | 616/1935 [00:00<00:01, 721.68it/s]
Epoch 0:  32%|███▏      | 617/1935 [00:00<00:01, 721.84it/s]
Epoch 0:  32%|███▏      | 617/1935 [00:00<00:01, 721.70it/s]
Epoch 0:  32%|███▏      | 618/1935 [00:00<00:01, 721.85it/s]
Epoch 0:  32%|███▏      | 618/1935 [00:00<00:01, 721.72it/s]
Epoch 0:  32%|███▏      | 619/1935 [00:00<00:01, 721.86it/s]
Epoch 0:  32%|███▏      | 619/1935 [00:00<00:01, 721.71it/s]
Epoch 0:  32%|███▏      | 620/1935 [00:00<00:01, 721.88it/s]
Epoch 0:  32%|███▏      | 620/1935 [00:00<00:01, 721.73it/s]
Epoch 0:  32%|███▏      | 621/1935 [00:00<00:01, 721.88it/s]
Epoch 0:  32%|███▏      | 621/1935 [00:00<00:01, 721.75it/s]
Epoch 0:  32%|███▏      | 622/1935 [00:00<00:01, 721.92it/s]
Epoch 0:  32%|███▏      | 622/1935 [00:00<00:01, 721.78it/s]
Epoch 0:  32%|███▏      | 623/1935 [00:00<00:01, 721.95it/s]
Epoch 0:  32%|███▏      | 623/1935 [00:00<00:01, 721.79it/s]
Epoch 0:  32%|███▏      | 624/1935 [00:00<00:01, 721.95it/s]
Epoch 0:  32%|███▏      | 624/1935 [00:00<00:01, 721.80it/s]
Epoch 0:  32%|███▏      | 625/1935 [00:00<00:01, 721.98it/s]
Epoch 0:  32%|███▏      | 625/1935 [00:00<00:01, 721.84it/s]
Epoch 0:  32%|███▏      | 626/1935 [00:00<00:01, 722.00it/s]
Epoch 0:  32%|███▏      | 626/1935 [00:00<00:01, 721.87it/s]
Epoch 0:  32%|███▏      | 627/1935 [00:00<00:01, 722.01it/s]
Epoch 0:  32%|███▏      | 627/1935 [00:00<00:01, 721.86it/s]
Epoch 0:  32%|███▏      | 628/1935 [00:00<00:01, 722.02it/s]
Epoch 0:  32%|███▏      | 628/1935 [00:00<00:01, 721.88it/s]
Epoch 0:  33%|███▎      | 629/1935 [00:00<00:01, 722.01it/s]
Epoch 0:  33%|███▎      | 629/1935 [00:00<00:01, 721.88it/s]
Epoch 0:  33%|███▎      | 630/1935 [00:00<00:01, 722.03it/s]
Epoch 0:  33%|███▎      | 630/1935 [00:00<00:01, 721.89it/s]
Epoch 0:  33%|███▎      | 631/1935 [00:00<00:01, 722.05it/s]
Epoch 0:  33%|███▎      | 631/1935 [00:00<00:01, 721.92it/s]
Epoch 0:  33%|███▎      | 632/1935 [00:00<00:01, 722.05it/s]
Epoch 0:  33%|███▎      | 632/1935 [00:00<00:01, 721.90it/s]
Epoch 0:  33%|███▎      | 633/1935 [00:00<00:01, 722.07it/s]
Epoch 0:  33%|███▎      | 633/1935 [00:00<00:01, 721.93it/s]
Epoch 0:  33%|███▎      | 634/1935 [00:00<00:01, 721.98it/s]
Epoch 0:  33%|███▎      | 634/1935 [00:00<00:01, 721.85it/s]
Epoch 0:  33%|███▎      | 635/1935 [00:00<00:01, 722.02it/s]
Epoch 0:  33%|███▎      | 635/1935 [00:00<00:01, 721.88it/s]
Epoch 0:  33%|███▎      | 636/1935 [00:00<00:01, 722.05it/s]
Epoch 0:  33%|███▎      | 636/1935 [00:00<00:01, 721.91it/s]
Epoch 0:  33%|███▎      | 637/1935 [00:00<00:01, 722.07it/s]
Epoch 0:  33%|███▎      | 637/1935 [00:00<00:01, 721.94it/s]
Epoch 0:  33%|███▎      | 638/1935 [00:00<00:01, 722.10it/s]
Epoch 0:  33%|███▎      | 638/1935 [00:00<00:01, 721.96it/s]
Epoch 0:  33%|███▎      | 639/1935 [00:00<00:01, 722.14it/s]
Epoch 0:  33%|███▎      | 639/1935 [00:00<00:01, 722.00it/s]
Epoch 0:  33%|███▎      | 640/1935 [00:00<00:01, 722.15it/s]
Epoch 0:  33%|███▎      | 640/1935 [00:00<00:01, 722.00it/s]
Epoch 0:  33%|███▎      | 641/1935 [00:00<00:01, 722.18it/s]
Epoch 0:  33%|███▎      | 641/1935 [00:00<00:01, 722.05it/s]
Epoch 0:  33%|███▎      | 642/1935 [00:00<00:01, 722.23it/s]
Epoch 0:  33%|███▎      | 642/1935 [00:00<00:01, 722.11it/s]
Epoch 0:  33%|███▎      | 643/1935 [00:00<00:01, 722.22it/s]
Epoch 0:  33%|███▎      | 643/1935 [00:00<00:01, 722.08it/s]
Epoch 0:  33%|███▎      | 644/1935 [00:00<00:01, 722.23it/s]
Epoch 0:  33%|███▎      | 644/1935 [00:00<00:01, 722.10it/s]
Epoch 0:  33%|███▎      | 645/1935 [00:00<00:01, 722.23it/s]
Epoch 0:  33%|███▎      | 645/1935 [00:00<00:01, 722.09it/s]
Epoch 0:  33%|███▎      | 646/1935 [00:00<00:01, 722.24it/s]
Epoch 0:  33%|███▎      | 646/1935 [00:00<00:01, 722.09it/s]
Epoch 0:  33%|███▎      | 647/1935 [00:00<00:01, 722.26it/s]
Epoch 0:  33%|███▎      | 647/1935 [00:00<00:01, 722.13it/s]
Epoch 0:  33%|███▎      | 648/1935 [00:00<00:01, 722.27it/s]
Epoch 0:  33%|███▎      | 648/1935 [00:00<00:01, 722.12it/s]
Epoch 0:  34%|███▎      | 649/1935 [00:00<00:01, 722.28it/s]
Epoch 0:  34%|███▎      | 649/1935 [00:00<00:01, 722.15it/s]
Epoch 0:  34%|███▎      | 650/1935 [00:00<00:01, 722.31it/s]
Epoch 0:  34%|███▎      | 650/1935 [00:00<00:01, 722.19it/s]
Epoch 0:  34%|███▎      | 651/1935 [00:00<00:01, 722.31it/s]
Epoch 0:  34%|███▎      | 651/1935 [00:00<00:01, 722.17it/s]
Epoch 0:  34%|███▎      | 652/1935 [00:00<00:01, 722.33it/s]
Epoch 0:  34%|███▎      | 652/1935 [00:00<00:01, 722.21it/s]
Epoch 0:  34%|███▎      | 653/1935 [00:00<00:01, 722.35it/s]
Epoch 0:  34%|███▎      | 653/1935 [00:00<00:01, 722.21it/s]
Epoch 0:  34%|███▍      | 654/1935 [00:00<00:01, 722.36it/s]
Epoch 0:  34%|███▍      | 654/1935 [00:00<00:01, 722.23it/s]
Epoch 0:  34%|███▍      | 655/1935 [00:00<00:01, 722.39it/s]
Epoch 0:  34%|███▍      | 655/1935 [00:00<00:01, 722.26it/s]
Epoch 0:  34%|███▍      | 656/1935 [00:00<00:01, 722.35it/s]
Epoch 0:  34%|███▍      | 656/1935 [00:00<00:01, 722.24it/s]
Epoch 0:  34%|███▍      | 657/1935 [00:00<00:01, 722.40it/s]
Epoch 0:  34%|███▍      | 657/1935 [00:00<00:01, 722.27it/s]
Epoch 0:  34%|███▍      | 658/1935 [00:00<00:01, 722.43it/s]
Epoch 0:  34%|███▍      | 658/1935 [00:00<00:01, 722.31it/s]
Epoch 0:  34%|███▍      | 659/1935 [00:00<00:01, 722.45it/s]
Epoch 0:  34%|███▍      | 659/1935 [00:00<00:01, 722.31it/s]
Epoch 0:  34%|███▍      | 660/1935 [00:00<00:01, 722.47it/s]
Epoch 0:  34%|███▍      | 660/1935 [00:00<00:01, 722.34it/s]
Epoch 0:  34%|███▍      | 661/1935 [00:00<00:01, 722.48it/s]
Epoch 0:  34%|███▍      | 661/1935 [00:00<00:01, 722.36it/s]
Epoch 0:  34%|███▍      | 662/1935 [00:00<00:01, 722.49it/s]
Epoch 0:  34%|███▍      | 662/1935 [00:00<00:01, 722.35it/s]
Epoch 0:  34%|███▍      | 663/1935 [00:00<00:01, 722.51it/s]
Epoch 0:  34%|███▍      | 663/1935 [00:00<00:01, 722.38it/s]
Epoch 0:  34%|███▍      | 664/1935 [00:00<00:01, 722.51it/s]
Epoch 0:  34%|███▍      | 664/1935 [00:00<00:01, 722.36it/s]
Epoch 0:  34%|███▍      | 665/1935 [00:00<00:01, 722.52it/s]
Epoch 0:  34%|███▍      | 665/1935 [00:00<00:01, 722.39it/s]
Epoch 0:  34%|███▍      | 666/1935 [00:00<00:01, 722.55it/s]
Epoch 0:  34%|███▍      | 666/1935 [00:00<00:01, 722.43it/s]
Epoch 0:  34%|███▍      | 667/1935 [00:00<00:01, 722.55it/s]
Epoch 0:  34%|███▍      | 667/1935 [00:00<00:01, 722.42it/s]
Epoch 0:  35%|███▍      | 668/1935 [00:00<00:01, 722.57it/s]
Epoch 0:  35%|███▍      | 668/1935 [00:00<00:01, 722.44it/s]
Epoch 0:  35%|███▍      | 669/1935 [00:00<00:01, 722.57it/s]
Epoch 0:  35%|███▍      | 669/1935 [00:00<00:01, 722.45it/s]
Epoch 0:  35%|███▍      | 670/1935 [00:00<00:01, 722.56it/s]
Epoch 0:  35%|███▍      | 670/1935 [00:00<00:01, 722.43it/s]
Epoch 0:  35%|███▍      | 671/1935 [00:00<00:01, 722.57it/s]
Epoch 0:  35%|███▍      | 671/1935 [00:00<00:01, 722.45it/s]
Epoch 0:  35%|███▍      | 672/1935 [00:00<00:01, 722.58it/s]
Epoch 0:  35%|███▍      | 672/1935 [00:00<00:01, 722.44it/s]
Epoch 0:  35%|███▍      | 673/1935 [00:00<00:01, 722.60it/s]
Epoch 0:  35%|███▍      | 673/1935 [00:00<00:01, 722.48it/s]
Epoch 0:  35%|███▍      | 674/1935 [00:00<00:01, 722.65it/s]
Epoch 0:  35%|███▍      | 674/1935 [00:00<00:01, 722.53it/s]
Epoch 0:  35%|███▍      | 675/1935 [00:00<00:01, 722.66it/s]
Epoch 0:  35%|███▍      | 675/1935 [00:00<00:01, 722.52it/s]
Epoch 0:  35%|███▍      | 676/1935 [00:00<00:01, 722.67it/s]
Epoch 0:  35%|███▍      | 676/1935 [00:00<00:01, 722.54it/s]
Epoch 0:  35%|███▍      | 677/1935 [00:00<00:01, 722.68it/s]
Epoch 0:  35%|███▍      | 677/1935 [00:00<00:01, 722.56it/s]
Epoch 0:  35%|███▌      | 678/1935 [00:00<00:01, 722.70it/s]
Epoch 0:  35%|███▌      | 678/1935 [00:00<00:01, 722.57it/s]
Epoch 0:  35%|███▌      | 679/1935 [00:00<00:01, 722.71it/s]
Epoch 0:  35%|███▌      | 679/1935 [00:00<00:01, 722.59it/s]
Epoch 0:  35%|███▌      | 680/1935 [00:00<00:01, 722.71it/s]
Epoch 0:  35%|███▌      | 680/1935 [00:00<00:01, 722.57it/s]
Epoch 0:  35%|███▌      | 681/1935 [00:00<00:01, 722.71it/s]
Epoch 0:  35%|███▌      | 681/1935 [00:00<00:01, 722.58it/s]
Epoch 0:  35%|███▌      | 682/1935 [00:00<00:01, 722.74it/s]
Epoch 0:  35%|███▌      | 682/1935 [00:00<00:01, 722.61it/s]
Epoch 0:  35%|███▌      | 683/1935 [00:00<00:01, 722.76it/s]
Epoch 0:  35%|███▌      | 683/1935 [00:00<00:01, 722.62it/s]
Epoch 0:  35%|███▌      | 684/1935 [00:00<00:01, 722.78it/s]
Epoch 0:  35%|███▌      | 684/1935 [00:00<00:01, 722.66it/s]
Epoch 0:  35%|███▌      | 685/1935 [00:00<00:01, 722.78it/s]
Epoch 0:  35%|███▌      | 685/1935 [00:00<00:01, 722.66it/s]
Epoch 0:  35%|███▌      | 686/1935 [00:00<00:01, 722.82it/s]
Epoch 0:  35%|███▌      | 686/1935 [00:00<00:01, 722.68it/s]
Epoch 0:  36%|███▌      | 687/1935 [00:00<00:01, 722.82it/s]
Epoch 0:  36%|███▌      | 687/1935 [00:00<00:01, 722.70it/s]
Epoch 0:  36%|███▌      | 688/1935 [00:00<00:01, 722.84it/s]
Epoch 0:  36%|███▌      | 688/1935 [00:00<00:01, 722.70it/s]
Epoch 0:  36%|███▌      | 689/1935 [00:00<00:01, 722.85it/s]
Epoch 0:  36%|███▌      | 689/1935 [00:00<00:01, 722.72it/s]
Epoch 0:  36%|███▌      | 690/1935 [00:00<00:01, 722.87it/s]
Epoch 0:  36%|███▌      | 690/1935 [00:00<00:01, 722.75it/s]
Epoch 0:  36%|███▌      | 691/1935 [00:00<00:01, 722.89it/s]
Epoch 0:  36%|███▌      | 691/1935 [00:00<00:01, 722.76it/s]
Epoch 0:  36%|███▌      | 692/1935 [00:00<00:01, 722.90it/s]
Epoch 0:  36%|███▌      | 692/1935 [00:00<00:01, 722.77it/s]
Epoch 0:  36%|███▌      | 693/1935 [00:00<00:01, 722.91it/s]
Epoch 0:  36%|███▌      | 693/1935 [00:00<00:01, 722.80it/s]
Epoch 0:  36%|███▌      | 694/1935 [00:00<00:01, 722.82it/s]
Epoch 0:  36%|███▌      | 694/1935 [00:00<00:01, 722.69it/s]
Epoch 0:  36%|███▌      | 695/1935 [00:00<00:01, 722.84it/s]
Epoch 0:  36%|███▌      | 695/1935 [00:00<00:01, 722.72it/s]
Epoch 0:  36%|███▌      | 696/1935 [00:00<00:01, 722.87it/s]
Epoch 0:  36%|███▌      | 696/1935 [00:00<00:01, 722.73it/s]
Epoch 0:  36%|███▌      | 697/1935 [00:00<00:01, 722.88it/s]
Epoch 0:  36%|███▌      | 697/1935 [00:00<00:01, 722.76it/s]
Epoch 0:  36%|███▌      | 698/1935 [00:00<00:01, 722.93it/s]
Epoch 0:  36%|███▌      | 698/1935 [00:00<00:01, 722.82it/s]
Epoch 0:  36%|███▌      | 699/1935 [00:00<00:01, 722.96it/s]
Epoch 0:  36%|███▌      | 699/1935 [00:00<00:01, 722.84it/s]
Epoch 0:  36%|███▌      | 700/1935 [00:00<00:01, 722.99it/s]
Epoch 0:  36%|███▌      | 700/1935 [00:00<00:01, 722.87it/s]
Epoch 0:  36%|███▌      | 701/1935 [00:00<00:01, 723.00it/s]
Epoch 0:  36%|███▌      | 701/1935 [00:00<00:01, 722.89it/s]
Epoch 0:  36%|███▋      | 702/1935 [00:00<00:01, 723.05it/s]
Epoch 0:  36%|███▋      | 702/1935 [00:00<00:01, 722.92it/s]
Epoch 0:  36%|███▋      | 703/1935 [00:00<00:01, 723.06it/s]
Epoch 0:  36%|███▋      | 703/1935 [00:00<00:01, 722.94it/s]
Epoch 0:  36%|███▋      | 704/1935 [00:00<00:01, 723.08it/s]
Epoch 0:  36%|███▋      | 704/1935 [00:00<00:01, 722.95it/s]
Epoch 0:  36%|███▋      | 705/1935 [00:00<00:01, 723.11it/s]
Epoch 0:  36%|███▋      | 705/1935 [00:00<00:01, 722.97it/s]
Epoch 0:  36%|███▋      | 706/1935 [00:00<00:01, 723.13it/s]
Epoch 0:  36%|███▋      | 706/1935 [00:00<00:01, 723.02it/s]
Epoch 0:  37%|███▋      | 707/1935 [00:00<00:01, 723.16it/s]
Epoch 0:  37%|███▋      | 707/1935 [00:00<00:01, 723.03it/s]
Epoch 0:  37%|███▋      | 708/1935 [00:00<00:01, 723.18it/s]
Epoch 0:  37%|███▋      | 708/1935 [00:00<00:01, 723.05it/s]
Epoch 0:  37%|███▋      | 709/1935 [00:00<00:01, 723.16it/s]
Epoch 0:  37%|███▋      | 709/1935 [00:00<00:01, 723.06it/s]
Epoch 0:  37%|███▋      | 710/1935 [00:00<00:01, 723.18it/s]
Epoch 0:  37%|███▋      | 710/1935 [00:00<00:01, 723.06it/s]
Epoch 0:  37%|███▋      | 711/1935 [00:00<00:01, 723.20it/s]
Epoch 0:  37%|███▋      | 711/1935 [00:00<00:01, 723.08it/s]
Epoch 0:  37%|███▋      | 712/1935 [00:00<00:01, 723.20it/s]
Epoch 0:  37%|███▋      | 712/1935 [00:00<00:01, 723.07it/s]
Epoch 0:  37%|███▋      | 713/1935 [00:00<00:01, 723.23it/s]
Epoch 0:  37%|███▋      | 713/1935 [00:00<00:01, 723.11it/s]
Epoch 0:  37%|███▋      | 714/1935 [00:00<00:01, 723.25it/s]
Epoch 0:  37%|███▋      | 714/1935 [00:00<00:01, 723.14it/s]
Epoch 0:  37%|███▋      | 715/1935 [00:00<00:01, 723.27it/s]
Epoch 0:  37%|███▋      | 715/1935 [00:00<00:01, 723.14it/s]
Epoch 0:  37%|███▋      | 716/1935 [00:00<00:01, 723.29it/s]
Epoch 0:  37%|███▋      | 716/1935 [00:00<00:01, 723.17it/s]
Epoch 0:  37%|███▋      | 717/1935 [00:00<00:01, 723.29it/s]
Epoch 0:  37%|███▋      | 717/1935 [00:00<00:01, 723.18it/s]
Epoch 0:  37%|███▋      | 718/1935 [00:00<00:01, 723.31it/s]
Epoch 0:  37%|███▋      | 718/1935 [00:00<00:01, 723.19it/s]
Epoch 0:  37%|███▋      | 719/1935 [00:00<00:01, 723.31it/s]
Epoch 0:  37%|███▋      | 719/1935 [00:00<00:01, 723.19it/s]
Epoch 0:  37%|███▋      | 720/1935 [00:00<00:01, 723.32it/s]
Epoch 0:  37%|███▋      | 720/1935 [00:00<00:01, 723.19it/s]
Epoch 0:  37%|███▋      | 721/1935 [00:00<00:01, 723.33it/s]
Epoch 0:  37%|███▋      | 721/1935 [00:00<00:01, 723.21it/s]
Epoch 0:  37%|███▋      | 722/1935 [00:00<00:01, 723.34it/s]
Epoch 0:  37%|███▋      | 722/1935 [00:00<00:01, 723.23it/s]
Epoch 0:  37%|███▋      | 723/1935 [00:00<00:01, 723.36it/s]
Epoch 0:  37%|███▋      | 723/1935 [00:00<00:01, 723.23it/s]
Epoch 0:  37%|███▋      | 724/1935 [00:01<00:01, 723.37it/s]
Epoch 0:  37%|███▋      | 724/1935 [00:01<00:01, 723.25it/s]
Epoch 0:  37%|███▋      | 725/1935 [00:01<00:01, 723.36it/s]
Epoch 0:  37%|███▋      | 725/1935 [00:01<00:01, 723.25it/s]
Epoch 0:  38%|███▊      | 726/1935 [00:01<00:01, 723.38it/s]
Epoch 0:  38%|███▊      | 726/1935 [00:01<00:01, 723.26it/s]
Epoch 0:  38%|███▊      | 727/1935 [00:01<00:01, 723.39it/s]
Epoch 0:  38%|███▊      | 727/1935 [00:01<00:01, 723.27it/s]
Epoch 0:  38%|███▊      | 728/1935 [00:01<00:01, 723.40it/s]
Epoch 0:  38%|███▊      | 728/1935 [00:01<00:01, 723.27it/s]
Epoch 0:  38%|███▊      | 729/1935 [00:01<00:01, 723.41it/s]
Epoch 0:  38%|███▊      | 729/1935 [00:01<00:01, 723.29it/s]
Epoch 0:  38%|███▊      | 730/1935 [00:01<00:01, 723.42it/s]
Epoch 0:  38%|███▊      | 730/1935 [00:01<00:01, 723.31it/s]
Epoch 0:  38%|███▊      | 731/1935 [00:01<00:01, 723.42it/s]
Epoch 0:  38%|███▊      | 731/1935 [00:01<00:01, 723.30it/s]
Epoch 0:  38%|███▊      | 732/1935 [00:01<00:01, 723.43it/s]
Epoch 0:  38%|███▊      | 732/1935 [00:01<00:01, 723.31it/s]
Epoch 0:  38%|███▊      | 733/1935 [00:01<00:01, 723.42it/s]
Epoch 0:  38%|███▊      | 733/1935 [00:01<00:01, 723.31it/s]
Epoch 0:  38%|███▊      | 734/1935 [00:01<00:01, 723.45it/s]
Epoch 0:  38%|███▊      | 734/1935 [00:01<00:01, 723.32it/s]
Epoch 0:  38%|███▊      | 735/1935 [00:01<00:01, 723.46it/s]
Epoch 0:  38%|███▊      | 735/1935 [00:01<00:01, 723.34it/s]
Epoch 0:  38%|███▊      | 736/1935 [00:01<00:01, 723.42it/s]
Epoch 0:  38%|███▊      | 736/1935 [00:01<00:01, 723.32it/s]
Epoch 0:  38%|███▊      | 737/1935 [00:01<00:01, 723.46it/s]
Epoch 0:  38%|███▊      | 737/1935 [00:01<00:01, 723.34it/s]
Epoch 0:  38%|███▊      | 738/1935 [00:01<00:01, 723.49it/s]
Epoch 0:  38%|███▊      | 738/1935 [00:01<00:01, 723.37it/s]
Epoch 0:  38%|███▊      | 739/1935 [00:01<00:01, 723.51it/s]
Epoch 0:  38%|███▊      | 739/1935 [00:01<00:01, 723.39it/s]
Epoch 0:  38%|███▊      | 740/1935 [00:01<00:01, 723.53it/s]
Epoch 0:  38%|███▊      | 740/1935 [00:01<00:01, 723.42it/s]
Epoch 0:  38%|███▊      | 741/1935 [00:01<00:01, 723.54it/s]
Epoch 0:  38%|███▊      | 741/1935 [00:01<00:01, 723.43it/s]
Epoch 0:  38%|███▊      | 742/1935 [00:01<00:01, 723.54it/s]
Epoch 0:  38%|███▊      | 742/1935 [00:01<00:01, 723.42it/s]
Epoch 0:  38%|███▊      | 743/1935 [00:01<00:01, 723.56it/s]
Epoch 0:  38%|███▊      | 743/1935 [00:01<00:01, 723.44it/s]
Epoch 0:  38%|███▊      | 744/1935 [00:01<00:01, 723.56it/s]
Epoch 0:  38%|███▊      | 744/1935 [00:01<00:01, 723.44it/s]
Epoch 0:  39%|███▊      | 745/1935 [00:01<00:01, 723.57it/s]
Epoch 0:  39%|███▊      | 745/1935 [00:01<00:01, 723.46it/s]
Epoch 0:  39%|███▊      | 746/1935 [00:01<00:01, 723.59it/s]
Epoch 0:  39%|███▊      | 746/1935 [00:01<00:01, 723.48it/s]
Epoch 0:  39%|███▊      | 747/1935 [00:01<00:01, 723.60it/s]
Epoch 0:  39%|███▊      | 747/1935 [00:01<00:01, 723.48it/s]
Epoch 0:  39%|███▊      | 748/1935 [00:01<00:01, 723.61it/s]
Epoch 0:  39%|███▊      | 748/1935 [00:01<00:01, 723.50it/s]
Epoch 0:  39%|███▊      | 749/1935 [00:01<00:01, 723.59it/s]
Epoch 0:  39%|███▊      | 749/1935 [00:01<00:01, 723.48it/s]
Epoch 0:  39%|███▉      | 750/1935 [00:01<00:01, 723.60it/s]
Epoch 0:  39%|███▉      | 750/1935 [00:01<00:01, 723.48it/s]
Epoch 0:  39%|███▉      | 751/1935 [00:01<00:01, 723.61it/s]
Epoch 0:  39%|███▉      | 751/1935 [00:01<00:01, 723.50it/s]
Epoch 0:  39%|███▉      | 752/1935 [00:01<00:01, 723.62it/s]
Epoch 0:  39%|███▉      | 752/1935 [00:01<00:01, 723.49it/s]
Epoch 0:  39%|███▉      | 753/1935 [00:01<00:01, 723.63it/s]
Epoch 0:  39%|███▉      | 753/1935 [00:01<00:01, 723.52it/s]
Epoch 0:  39%|███▉      | 754/1935 [00:01<00:01, 723.55it/s]
Epoch 0:  39%|███▉      | 754/1935 [00:01<00:01, 723.44it/s]
Epoch 0:  39%|███▉      | 755/1935 [00:01<00:01, 723.57it/s]
Epoch 0:  39%|███▉      | 755/1935 [00:01<00:01, 723.45it/s]
Epoch 0:  39%|███▉      | 756/1935 [00:01<00:01, 723.58it/s]
Epoch 0:  39%|███▉      | 756/1935 [00:01<00:01, 723.47it/s]
Epoch 0:  39%|███▉      | 757/1935 [00:01<00:01, 723.57it/s]
Epoch 0:  39%|███▉      | 757/1935 [00:01<00:01, 723.47it/s]
Epoch 0:  39%|███▉      | 758/1935 [00:01<00:01, 723.59it/s]
Epoch 0:  39%|███▉      | 758/1935 [00:01<00:01, 723.48it/s]
Epoch 0:  39%|███▉      | 759/1935 [00:01<00:01, 723.63it/s]
Epoch 0:  39%|███▉      | 759/1935 [00:01<00:01, 723.52it/s]
Epoch 0:  39%|███▉      | 760/1935 [00:01<00:01, 723.63it/s]
Epoch 0:  39%|███▉      | 760/1935 [00:01<00:01, 723.51it/s]
Epoch 0:  39%|███▉      | 761/1935 [00:01<00:01, 723.65it/s]
Epoch 0:  39%|███▉      | 761/1935 [00:01<00:01, 723.53it/s]
Epoch 0:  39%|███▉      | 762/1935 [00:01<00:01, 723.65it/s]
Epoch 0:  39%|███▉      | 762/1935 [00:01<00:01, 723.54it/s]
Epoch 0:  39%|███▉      | 763/1935 [00:01<00:01, 723.68it/s]
Epoch 0:  39%|███▉      | 763/1935 [00:01<00:01, 723.56it/s]
Epoch 0:  39%|███▉      | 764/1935 [00:01<00:01, 723.71it/s]
Epoch 0:  39%|███▉      | 764/1935 [00:01<00:01, 723.60it/s]
Epoch 0:  40%|███▉      | 765/1935 [00:01<00:01, 723.72it/s]
Epoch 0:  40%|███▉      | 765/1935 [00:01<00:01, 723.61it/s]
Epoch 0:  40%|███▉      | 766/1935 [00:01<00:01, 723.74it/s]
Epoch 0:  40%|███▉      | 766/1935 [00:01<00:01, 723.63it/s]
Epoch 0:  40%|███▉      | 767/1935 [00:01<00:01, 723.77it/s]
Epoch 0:  40%|███▉      | 767/1935 [00:01<00:01, 723.66it/s]
Epoch 0:  40%|███▉      | 768/1935 [00:01<00:01, 723.76it/s]
Epoch 0:  40%|███▉      | 768/1935 [00:01<00:01, 723.66it/s]
Epoch 0:  40%|███▉      | 769/1935 [00:01<00:01, 723.81it/s]
Epoch 0:  40%|███▉      | 769/1935 [00:01<00:01, 723.70it/s]
Epoch 0:  40%|███▉      | 770/1935 [00:01<00:01, 723.85it/s]
Epoch 0:  40%|███▉      | 770/1935 [00:01<00:01, 723.74it/s]
Epoch 0:  40%|███▉      | 771/1935 [00:01<00:01, 723.89it/s]
Epoch 0:  40%|███▉      | 771/1935 [00:01<00:01, 723.77it/s]
Epoch 0:  40%|███▉      | 772/1935 [00:01<00:01, 723.91it/s]
Epoch 0:  40%|███▉      | 772/1935 [00:01<00:01, 723.81it/s]
Epoch 0:  40%|███▉      | 773/1935 [00:01<00:01, 723.92it/s]
Epoch 0:  40%|███▉      | 773/1935 [00:01<00:01, 723.82it/s]
Epoch 0:  40%|████      | 774/1935 [00:01<00:01, 723.92it/s]
Epoch 0:  40%|████      | 774/1935 [00:01<00:01, 723.80it/s]
Epoch 0:  40%|████      | 775/1935 [00:01<00:01, 723.93it/s]
Epoch 0:  40%|████      | 775/1935 [00:01<00:01, 723.82it/s]
Epoch 0:  40%|████      | 776/1935 [00:01<00:01, 723.93it/s]
Epoch 0:  40%|████      | 776/1935 [00:01<00:01, 723.81it/s]
Epoch 0:  40%|████      | 777/1935 [00:01<00:01, 723.93it/s]
Epoch 0:  40%|████      | 777/1935 [00:01<00:01, 723.82it/s]
Epoch 0:  40%|████      | 778/1935 [00:01<00:01, 723.95it/s]
Epoch 0:  40%|████      | 778/1935 [00:01<00:01, 723.85it/s]
Epoch 0:  40%|████      | 779/1935 [00:01<00:01, 723.98it/s]
Epoch 0:  40%|████      | 779/1935 [00:01<00:01, 723.86it/s]
Epoch 0:  40%|████      | 780/1935 [00:01<00:01, 724.00it/s]
Epoch 0:  40%|████      | 780/1935 [00:01<00:01, 723.89it/s]
Epoch 0:  40%|████      | 781/1935 [00:01<00:01, 724.00it/s]
Epoch 0:  40%|████      | 781/1935 [00:01<00:01, 723.90it/s]
Epoch 0:  40%|████      | 782/1935 [00:01<00:01, 724.00it/s]
Epoch 0:  40%|████      | 782/1935 [00:01<00:01, 723.88it/s]
Epoch 0:  40%|████      | 783/1935 [00:01<00:01, 724.02it/s]
Epoch 0:  40%|████      | 783/1935 [00:01<00:01, 723.91it/s]
Epoch 0:  41%|████      | 784/1935 [00:01<00:01, 724.02it/s]
Epoch 0:  41%|████      | 784/1935 [00:01<00:01, 723.92it/s]
Epoch 0:  41%|████      | 785/1935 [00:01<00:01, 724.04it/s]
Epoch 0:  41%|████      | 785/1935 [00:01<00:01, 723.93it/s]
Epoch 0:  41%|████      | 786/1935 [00:01<00:01, 724.07it/s]
Epoch 0:  41%|████      | 786/1935 [00:01<00:01, 723.98it/s]
Epoch 0:  41%|████      | 787/1935 [00:01<00:01, 724.11it/s]
Epoch 0:  41%|████      | 787/1935 [00:01<00:01, 724.00it/s]
Epoch 0:  41%|████      | 788/1935 [00:01<00:01, 724.12it/s]
Epoch 0:  41%|████      | 788/1935 [00:01<00:01, 724.01it/s]
Epoch 0:  41%|████      | 789/1935 [00:01<00:01, 724.08it/s]
Epoch 0:  41%|████      | 789/1935 [00:01<00:01, 723.98it/s]
Epoch 0:  41%|████      | 790/1935 [00:01<00:01, 724.09it/s]
Epoch 0:  41%|████      | 790/1935 [00:01<00:01, 723.96it/s]
Epoch 0:  41%|████      | 791/1935 [00:01<00:01, 724.09it/s]
Epoch 0:  41%|████      | 791/1935 [00:01<00:01, 723.99it/s]
Epoch 0:  41%|████      | 792/1935 [00:01<00:01, 724.10it/s]
Epoch 0:  41%|████      | 792/1935 [00:01<00:01, 723.98it/s]
Epoch 0:  41%|████      | 793/1935 [00:01<00:01, 724.10it/s]
Epoch 0:  41%|████      | 793/1935 [00:01<00:01, 723.99it/s]
Epoch 0:  41%|████      | 794/1935 [00:01<00:01, 724.09it/s]
Epoch 0:  41%|████      | 794/1935 [00:01<00:01, 723.99it/s]
Epoch 0:  41%|████      | 795/1935 [00:01<00:01, 724.12it/s]
Epoch 0:  41%|████      | 795/1935 [00:01<00:01, 724.01it/s]
Epoch 0:  41%|████      | 796/1935 [00:01<00:01, 724.13it/s]
Epoch 0:  41%|████      | 796/1935 [00:01<00:01, 724.03it/s]
Epoch 0:  41%|████      | 797/1935 [00:01<00:01, 724.15it/s]
Epoch 0:  41%|████      | 797/1935 [00:01<00:01, 724.05it/s]
Epoch 0:  41%|████      | 798/1935 [00:01<00:01, 724.17it/s]
Epoch 0:  41%|████      | 798/1935 [00:01<00:01, 724.05it/s]
Epoch 0:  41%|████▏     | 799/1935 [00:01<00:01, 724.16it/s]
Epoch 0:  41%|████▏     | 799/1935 [00:01<00:01, 724.06it/s]
Epoch 0:  41%|████▏     | 800/1935 [00:01<00:01, 724.18it/s]
Epoch 0:  41%|████▏     | 800/1935 [00:01<00:01, 724.07it/s]
Epoch 0:  41%|████▏     | 801/1935 [00:01<00:01, 724.18it/s]
Epoch 0:  41%|████▏     | 801/1935 [00:01<00:01, 724.07it/s]
Epoch 0:  41%|████▏     | 802/1935 [00:01<00:01, 724.18it/s]
Epoch 0:  41%|████▏     | 802/1935 [00:01<00:01, 724.08it/s]
Epoch 0:  41%|████▏     | 803/1935 [00:01<00:01, 724.22it/s]
Epoch 0:  41%|████▏     | 803/1935 [00:01<00:01, 724.11it/s]
Epoch 0:  42%|████▏     | 804/1935 [00:01<00:01, 724.24it/s]
Epoch 0:  42%|████▏     | 804/1935 [00:01<00:01, 724.13it/s]
Epoch 0:  42%|████▏     | 805/1935 [00:01<00:01, 724.24it/s]
Epoch 0:  42%|████▏     | 805/1935 [00:01<00:01, 724.14it/s]
Epoch 0:  42%|████▏     | 806/1935 [00:01<00:01, 724.26it/s]
Epoch 0:  42%|████▏     | 806/1935 [00:01<00:01, 724.15it/s]
Epoch 0:  42%|████▏     | 807/1935 [00:01<00:01, 724.27it/s]
Epoch 0:  42%|████▏     | 807/1935 [00:01<00:01, 724.16it/s]
Epoch 0:  42%|████▏     | 808/1935 [00:01<00:01, 724.26it/s]
Epoch 0:  42%|████▏     | 808/1935 [00:01<00:01, 724.15it/s]
Epoch 0:  42%|████▏     | 809/1935 [00:01<00:01, 724.25it/s]
Epoch 0:  42%|████▏     | 809/1935 [00:01<00:01, 724.14it/s]
Epoch 0:  42%|████▏     | 810/1935 [00:01<00:01, 724.25it/s]
Epoch 0:  42%|████▏     | 810/1935 [00:01<00:01, 724.16it/s]
Epoch 0:  42%|████▏     | 811/1935 [00:01<00:01, 724.28it/s]
Epoch 0:  42%|████▏     | 811/1935 [00:01<00:01, 724.17it/s]
Epoch 0:  42%|████▏     | 812/1935 [00:01<00:01, 724.29it/s]
Epoch 0:  42%|████▏     | 812/1935 [00:01<00:01, 724.18it/s]
Epoch 0:  42%|████▏     | 813/1935 [00:01<00:01, 724.30it/s]
Epoch 0:  42%|████▏     | 813/1935 [00:01<00:01, 724.20it/s]
Epoch 0:  42%|████▏     | 814/1935 [00:01<00:01, 724.22it/s]
Epoch 0:  42%|████▏     | 814/1935 [00:01<00:01, 724.10it/s]
Epoch 0:  42%|████▏     | 815/1935 [00:01<00:01, 724.23it/s]
Epoch 0:  42%|████▏     | 815/1935 [00:01<00:01, 724.12it/s]
Epoch 0:  42%|████▏     | 816/1935 [00:01<00:01, 724.23it/s]
Epoch 0:  42%|████▏     | 816/1935 [00:01<00:01, 724.12it/s]
Epoch 0:  42%|████▏     | 817/1935 [00:01<00:01, 724.24it/s]
Epoch 0:  42%|████▏     | 817/1935 [00:01<00:01, 724.12it/s]
Epoch 0:  42%|████▏     | 818/1935 [00:01<00:01, 724.22it/s]
Epoch 0:  42%|████▏     | 818/1935 [00:01<00:01, 724.13it/s]
Epoch 0:  42%|████▏     | 819/1935 [00:01<00:01, 724.26it/s]
Epoch 0:  42%|████▏     | 819/1935 [00:01<00:01, 724.16it/s]
Epoch 0:  42%|████▏     | 820/1935 [00:01<00:01, 724.28it/s]
Epoch 0:  42%|████▏     | 820/1935 [00:01<00:01, 724.18it/s]
Epoch 0:  42%|████▏     | 821/1935 [00:01<00:01, 724.29it/s]
Epoch 0:  42%|████▏     | 821/1935 [00:01<00:01, 724.20it/s]
Epoch 0:  42%|████▏     | 822/1935 [00:01<00:01, 724.31it/s]
Epoch 0:  42%|████▏     | 822/1935 [00:01<00:01, 724.20it/s]
Epoch 0:  43%|████▎     | 823/1935 [00:01<00:01, 724.32it/s]
Epoch 0:  43%|████▎     | 823/1935 [00:01<00:01, 724.21it/s]
Epoch 0:  43%|████▎     | 824/1935 [00:01<00:01, 724.32it/s]
Epoch 0:  43%|████▎     | 824/1935 [00:01<00:01, 724.22it/s]
Epoch 0:  43%|████▎     | 825/1935 [00:01<00:01, 724.35it/s]
Epoch 0:  43%|████▎     | 825/1935 [00:01<00:01, 724.25it/s]
Epoch 0:  43%|████▎     | 826/1935 [00:01<00:01, 724.37it/s]
Epoch 0:  43%|████▎     | 826/1935 [00:01<00:01, 724.27it/s]
Epoch 0:  43%|████▎     | 827/1935 [00:01<00:01, 724.41it/s]
Epoch 0:  43%|████▎     | 827/1935 [00:01<00:01, 724.31it/s]
Epoch 0:  43%|████▎     | 828/1935 [00:01<00:01, 724.44it/s]
Epoch 0:  43%|████▎     | 828/1935 [00:01<00:01, 724.33it/s]
Epoch 0:  43%|████▎     | 829/1935 [00:01<00:01, 724.44it/s]
Epoch 0:  43%|████▎     | 829/1935 [00:01<00:01, 724.34it/s]
Epoch 0:  43%|████▎     | 830/1935 [00:01<00:01, 724.45it/s]
Epoch 0:  43%|████▎     | 830/1935 [00:01<00:01, 724.34it/s]
Epoch 0:  43%|████▎     | 831/1935 [00:01<00:01, 724.47it/s]
Epoch 0:  43%|████▎     | 831/1935 [00:01<00:01, 724.36it/s]
Epoch 0:  43%|████▎     | 832/1935 [00:01<00:01, 724.48it/s]
Epoch 0:  43%|████▎     | 832/1935 [00:01<00:01, 724.38it/s]
Epoch 0:  43%|████▎     | 833/1935 [00:01<00:01, 724.51it/s]
Epoch 0:  43%|████▎     | 833/1935 [00:01<00:01, 724.41it/s]
Epoch 0:  43%|████▎     | 834/1935 [00:01<00:01, 724.50it/s]
Epoch 0:  43%|████▎     | 834/1935 [00:01<00:01, 724.40it/s]
Epoch 0:  43%|████▎     | 835/1935 [00:01<00:01, 724.53it/s]
Epoch 0:  43%|████▎     | 835/1935 [00:01<00:01, 724.42it/s]
Epoch 0:  43%|████▎     | 836/1935 [00:01<00:01, 724.56it/s]
Epoch 0:  43%|████▎     | 836/1935 [00:01<00:01, 724.45it/s]
Epoch 0:  43%|████▎     | 837/1935 [00:01<00:01, 724.56it/s]
Epoch 0:  43%|████▎     | 837/1935 [00:01<00:01, 724.46it/s]
Epoch 0:  43%|████▎     | 838/1935 [00:01<00:01, 724.57it/s]
Epoch 0:  43%|████▎     | 838/1935 [00:01<00:01, 724.46it/s]
Epoch 0:  43%|████▎     | 839/1935 [00:01<00:01, 724.59it/s]
Epoch 0:  43%|████▎     | 839/1935 [00:01<00:01, 724.49it/s]
Epoch 0:  43%|████▎     | 840/1935 [00:01<00:01, 724.59it/s]
Epoch 0:  43%|████▎     | 840/1935 [00:01<00:01, 724.49it/s]
Epoch 0:  43%|████▎     | 841/1935 [00:01<00:01, 724.59it/s]
Epoch 0:  43%|████▎     | 841/1935 [00:01<00:01, 724.49it/s]
Epoch 0:  44%|████▎     | 842/1935 [00:01<00:01, 724.58it/s]
Epoch 0:  44%|████▎     | 842/1935 [00:01<00:01, 724.47it/s]
Epoch 0:  44%|████▎     | 843/1935 [00:01<00:01, 724.60it/s]
Epoch 0:  44%|████▎     | 843/1935 [00:01<00:01, 724.50it/s]
Epoch 0:  44%|████▎     | 844/1935 [00:01<00:01, 724.62it/s]
Epoch 0:  44%|████▎     | 844/1935 [00:01<00:01, 724.52it/s]
Epoch 0:  44%|████▎     | 845/1935 [00:01<00:01, 724.63it/s]
Epoch 0:  44%|████▎     | 845/1935 [00:01<00:01, 724.54it/s]
Epoch 0:  44%|████▎     | 846/1935 [00:01<00:01, 724.65it/s]
Epoch 0:  44%|████▎     | 846/1935 [00:01<00:01, 724.55it/s]
Epoch 0:  44%|████▍     | 847/1935 [00:01<00:01, 724.67it/s]
Epoch 0:  44%|████▍     | 847/1935 [00:01<00:01, 724.56it/s]
Epoch 0:  44%|████▍     | 848/1935 [00:01<00:01, 724.66it/s]
Epoch 0:  44%|████▍     | 848/1935 [00:01<00:01, 724.56it/s]
Epoch 0:  44%|████▍     | 849/1935 [00:01<00:01, 724.68it/s]
Epoch 0:  44%|████▍     | 849/1935 [00:01<00:01, 724.58it/s]
Epoch 0:  44%|████▍     | 850/1935 [00:01<00:01, 724.67it/s]
Epoch 0:  44%|████▍     | 850/1935 [00:01<00:01, 724.57it/s]
Epoch 0:  44%|████▍     | 851/1935 [00:01<00:01, 724.70it/s]
Epoch 0:  44%|████▍     | 851/1935 [00:01<00:01, 724.59it/s]
Epoch 0:  44%|████▍     | 852/1935 [00:01<00:01, 724.72it/s]
Epoch 0:  44%|████▍     | 852/1935 [00:01<00:01, 724.62it/s]
Epoch 0:  44%|████▍     | 853/1935 [00:01<00:01, 724.72it/s]
Epoch 0:  44%|████▍     | 853/1935 [00:01<00:01, 724.62it/s]
Epoch 0:  44%|████▍     | 854/1935 [00:01<00:01, 724.74it/s]
Epoch 0:  44%|████▍     | 854/1935 [00:01<00:01, 724.63it/s]
Epoch 0:  44%|████▍     | 855/1935 [00:01<00:01, 724.76it/s]
Epoch 0:  44%|████▍     | 855/1935 [00:01<00:01, 724.66it/s]
Epoch 0:  44%|████▍     | 856/1935 [00:01<00:01, 724.75it/s]
Epoch 0:  44%|████▍     | 856/1935 [00:01<00:01, 724.64it/s]
Epoch 0:  44%|████▍     | 857/1935 [00:01<00:01, 724.76it/s]
Epoch 0:  44%|████▍     | 857/1935 [00:01<00:01, 724.66it/s]
Epoch 0:  44%|████▍     | 858/1935 [00:01<00:01, 724.77it/s]
Epoch 0:  44%|████▍     | 858/1935 [00:01<00:01, 724.67it/s]
Epoch 0:  44%|████▍     | 859/1935 [00:01<00:01, 724.78it/s]
Epoch 0:  44%|████▍     | 859/1935 [00:01<00:01, 724.68it/s]
Epoch 0:  44%|████▍     | 860/1935 [00:01<00:01, 724.80it/s]
Epoch 0:  44%|████▍     | 860/1935 [00:01<00:01, 724.70it/s]
Epoch 0:  44%|████▍     | 861/1935 [00:01<00:01, 724.81it/s]
Epoch 0:  44%|████▍     | 861/1935 [00:01<00:01, 724.72it/s]
Epoch 0:  45%|████▍     | 862/1935 [00:01<00:01, 724.84it/s]
Epoch 0:  45%|████▍     | 862/1935 [00:01<00:01, 724.73it/s]
Epoch 0:  45%|████▍     | 863/1935 [00:01<00:01, 724.85it/s]
Epoch 0:  45%|████▍     | 863/1935 [00:01<00:01, 724.75it/s]
Epoch 0:  45%|████▍     | 864/1935 [00:01<00:01, 724.86it/s]
Epoch 0:  45%|████▍     | 864/1935 [00:01<00:01, 724.75it/s]
Epoch 0:  45%|████▍     | 865/1935 [00:01<00:01, 724.86it/s]
Epoch 0:  45%|████▍     | 865/1935 [00:01<00:01, 724.76it/s]
Epoch 0:  45%|████▍     | 866/1935 [00:01<00:01, 724.86it/s]
Epoch 0:  45%|████▍     | 866/1935 [00:01<00:01, 724.77it/s]
Epoch 0:  45%|████▍     | 867/1935 [00:01<00:01, 724.89it/s]
Epoch 0:  45%|████▍     | 867/1935 [00:01<00:01, 724.78it/s]
Epoch 0:  45%|████▍     | 868/1935 [00:01<00:01, 724.90it/s]
Epoch 0:  45%|████▍     | 868/1935 [00:01<00:01, 724.80it/s]
Epoch 0:  45%|████▍     | 869/1935 [00:01<00:01, 724.90it/s]
Epoch 0:  45%|████▍     | 869/1935 [00:01<00:01, 724.81it/s]
Epoch 0:  45%|████▍     | 870/1935 [00:01<00:01, 724.91it/s]
Epoch 0:  45%|████▍     | 870/1935 [00:01<00:01, 724.81it/s]
Epoch 0:  45%|████▌     | 871/1935 [00:01<00:01, 724.92it/s]
Epoch 0:  45%|████▌     | 871/1935 [00:01<00:01, 724.82it/s]
Epoch 0:  45%|████▌     | 872/1935 [00:01<00:01, 724.93it/s]
Epoch 0:  45%|████▌     | 872/1935 [00:01<00:01, 724.83it/s]
Epoch 0:  45%|████▌     | 873/1935 [00:01<00:01, 724.93it/s]
Epoch 0:  45%|████▌     | 873/1935 [00:01<00:01, 724.83it/s]
Epoch 0:  45%|████▌     | 874/1935 [00:01<00:01, 724.84it/s]
Epoch 0:  45%|████▌     | 874/1935 [00:01<00:01, 724.75it/s]
Epoch 0:  45%|████▌     | 875/1935 [00:01<00:01, 724.85it/s]
Epoch 0:  45%|████▌     | 875/1935 [00:01<00:01, 724.75it/s]
Epoch 0:  45%|████▌     | 876/1935 [00:01<00:01, 724.88it/s]
Epoch 0:  45%|████▌     | 876/1935 [00:01<00:01, 724.78it/s]
Epoch 0:  45%|████▌     | 877/1935 [00:01<00:01, 724.89it/s]
Epoch 0:  45%|████▌     | 877/1935 [00:01<00:01, 724.80it/s]
Epoch 0:  45%|████▌     | 878/1935 [00:01<00:01, 724.89it/s]
Epoch 0:  45%|████▌     | 878/1935 [00:01<00:01, 724.78it/s]
Epoch 0:  45%|████▌     | 879/1935 [00:01<00:01, 724.90it/s]
Epoch 0:  45%|████▌     | 879/1935 [00:01<00:01, 724.80it/s]
Epoch 0:  45%|████▌     | 880/1935 [00:01<00:01, 724.90it/s]
Epoch 0:  45%|████▌     | 880/1935 [00:01<00:01, 724.80it/s]
Epoch 0:  46%|████▌     | 881/1935 [00:01<00:01, 724.90it/s]
Epoch 0:  46%|████▌     | 881/1935 [00:01<00:01, 724.81it/s]
Epoch 0:  46%|████▌     | 882/1935 [00:01<00:01, 724.90it/s]
Epoch 0:  46%|████▌     | 882/1935 [00:01<00:01, 724.81it/s]
Epoch 0:  46%|████▌     | 883/1935 [00:01<00:01, 724.93it/s]
Epoch 0:  46%|████▌     | 883/1935 [00:01<00:01, 724.83it/s]
Epoch 0:  46%|████▌     | 884/1935 [00:01<00:01, 724.95it/s]
Epoch 0:  46%|████▌     | 884/1935 [00:01<00:01, 724.86it/s]
Epoch 0:  46%|████▌     | 885/1935 [00:01<00:01, 724.96it/s]
Epoch 0:  46%|████▌     | 885/1935 [00:01<00:01, 724.88it/s]
Epoch 0:  46%|████▌     | 886/1935 [00:01<00:01, 724.98it/s]
Epoch 0:  46%|████▌     | 886/1935 [00:01<00:01, 724.88it/s]
Epoch 0:  46%|████▌     | 887/1935 [00:01<00:01, 725.01it/s]
Epoch 0:  46%|████▌     | 887/1935 [00:01<00:01, 724.91it/s]
Epoch 0:  46%|████▌     | 888/1935 [00:01<00:01, 725.03it/s]
Epoch 0:  46%|████▌     | 888/1935 [00:01<00:01, 724.93it/s]
Epoch 0:  46%|████▌     | 889/1935 [00:01<00:01, 725.05it/s]
Epoch 0:  46%|████▌     | 889/1935 [00:01<00:01, 724.95it/s]
Epoch 0:  46%|████▌     | 890/1935 [00:01<00:01, 725.05it/s]
Epoch 0:  46%|████▌     | 890/1935 [00:01<00:01, 724.96it/s]
Epoch 0:  46%|████▌     | 891/1935 [00:01<00:01, 725.07it/s]
Epoch 0:  46%|████▌     | 891/1935 [00:01<00:01, 724.97it/s]
Epoch 0:  46%|████▌     | 892/1935 [00:01<00:01, 725.08it/s]
Epoch 0:  46%|████▌     | 892/1935 [00:01<00:01, 724.99it/s]
Epoch 0:  46%|████▌     | 893/1935 [00:01<00:01, 725.09it/s]
Epoch 0:  46%|████▌     | 893/1935 [00:01<00:01, 725.00it/s]
Epoch 0:  46%|████▌     | 894/1935 [00:01<00:01, 725.11it/s]
Epoch 0:  46%|████▌     | 894/1935 [00:01<00:01, 725.00it/s]
Epoch 0:  46%|████▋     | 895/1935 [00:01<00:01, 725.12it/s]
Epoch 0:  46%|████▋     | 895/1935 [00:01<00:01, 725.03it/s]
Epoch 0:  46%|████▋     | 896/1935 [00:01<00:01, 725.14it/s]
Epoch 0:  46%|████▋     | 896/1935 [00:01<00:01, 725.04it/s]
Epoch 0:  46%|████▋     | 897/1935 [00:01<00:01, 725.15it/s]
Epoch 0:  46%|████▋     | 897/1935 [00:01<00:01, 725.04it/s]
Epoch 0:  46%|████▋     | 898/1935 [00:01<00:01, 725.12it/s]
Epoch 0:  46%|████▋     | 898/1935 [00:01<00:01, 725.03it/s]
Epoch 0:  46%|████▋     | 899/1935 [00:01<00:01, 725.14it/s]
Epoch 0:  46%|████▋     | 899/1935 [00:01<00:01, 725.05it/s]
Epoch 0:  47%|████▋     | 900/1935 [00:01<00:01, 725.16it/s]
Epoch 0:  47%|████▋     | 900/1935 [00:01<00:01, 725.06it/s]
Epoch 0:  47%|████▋     | 901/1935 [00:01<00:01, 725.15it/s]
Epoch 0:  47%|████▋     | 901/1935 [00:01<00:01, 725.06it/s]
Epoch 0:  47%|████▋     | 902/1935 [00:01<00:01, 725.17it/s]
Epoch 0:  47%|████▋     | 902/1935 [00:01<00:01, 725.07it/s]
Epoch 0:  47%|████▋     | 903/1935 [00:01<00:01, 725.18it/s]
Epoch 0:  47%|████▋     | 903/1935 [00:01<00:01, 725.08it/s]
Epoch 0:  47%|████▋     | 904/1935 [00:01<00:01, 725.15it/s]
Epoch 0:  47%|████▋     | 904/1935 [00:01<00:01, 725.05it/s]
Epoch 0:  47%|████▋     | 905/1935 [00:01<00:01, 725.16it/s]
Epoch 0:  47%|████▋     | 905/1935 [00:01<00:01, 725.06it/s]
Epoch 0:  47%|████▋     | 906/1935 [00:01<00:01, 725.16it/s]
Epoch 0:  47%|████▋     | 906/1935 [00:01<00:01, 725.07it/s]
Epoch 0:  47%|████▋     | 907/1935 [00:01<00:01, 725.19it/s]
Epoch 0:  47%|████▋     | 907/1935 [00:01<00:01, 725.09it/s]
Epoch 0:  47%|████▋     | 908/1935 [00:01<00:01, 725.20it/s]
Epoch 0:  47%|████▋     | 908/1935 [00:01<00:01, 725.10it/s]
Epoch 0:  47%|████▋     | 909/1935 [00:01<00:01, 725.18it/s]
Epoch 0:  47%|████▋     | 909/1935 [00:01<00:01, 725.10it/s]
Epoch 0:  47%|████▋     | 910/1935 [00:01<00:01, 725.20it/s]
Epoch 0:  47%|████▋     | 910/1935 [00:01<00:01, 725.10it/s]
Epoch 0:  47%|████▋     | 911/1935 [00:01<00:01, 725.21it/s]
Epoch 0:  47%|████▋     | 911/1935 [00:01<00:01, 725.11it/s]
Epoch 0:  47%|████▋     | 912/1935 [00:01<00:01, 725.21it/s]
Epoch 0:  47%|████▋     | 912/1935 [00:01<00:01, 725.11it/s]
Epoch 0:  47%|████▋     | 913/1935 [00:01<00:01, 725.21it/s]
Epoch 0:  47%|████▋     | 913/1935 [00:01<00:01, 725.11it/s]
Epoch 0:  47%|████▋     | 914/1935 [00:01<00:01, 725.20it/s]
Epoch 0:  47%|████▋     | 914/1935 [00:01<00:01, 725.11it/s]
Epoch 0:  47%|████▋     | 915/1935 [00:01<00:01, 725.22it/s]
Epoch 0:  47%|████▋     | 915/1935 [00:01<00:01, 725.13it/s]
Epoch 0:  47%|████▋     | 916/1935 [00:01<00:01, 725.24it/s]
Epoch 0:  47%|████▋     | 916/1935 [00:01<00:01, 725.15it/s]
Epoch 0:  47%|████▋     | 917/1935 [00:01<00:01, 725.25it/s]
Epoch 0:  47%|████▋     | 917/1935 [00:01<00:01, 725.16it/s]
Epoch 0:  47%|████▋     | 918/1935 [00:01<00:01, 725.27it/s]
Epoch 0:  47%|████▋     | 918/1935 [00:01<00:01, 725.18it/s]
Epoch 0:  47%|████▋     | 919/1935 [00:01<00:01, 725.29it/s]
Epoch 0:  47%|████▋     | 919/1935 [00:01<00:01, 725.19it/s]
Epoch 0:  48%|████▊     | 920/1935 [00:01<00:01, 725.30it/s]
Epoch 0:  48%|████▊     | 920/1935 [00:01<00:01, 725.20it/s]
Epoch 0:  48%|████▊     | 921/1935 [00:01<00:01, 725.31it/s]
Epoch 0:  48%|████▊     | 921/1935 [00:01<00:01, 725.22it/s]
Epoch 0:  48%|████▊     | 922/1935 [00:01<00:01, 725.29it/s]
Epoch 0:  48%|████▊     | 922/1935 [00:01<00:01, 725.21it/s]
Epoch 0:  48%|████▊     | 923/1935 [00:01<00:01, 725.31it/s]
Epoch 0:  48%|████▊     | 923/1935 [00:01<00:01, 725.22it/s]
Epoch 0:  48%|████▊     | 924/1935 [00:01<00:01, 725.33it/s]
Epoch 0:  48%|████▊     | 924/1935 [00:01<00:01, 725.24it/s]
Epoch 0:  48%|████▊     | 925/1935 [00:01<00:01, 725.32it/s]
Epoch 0:  48%|████▊     | 925/1935 [00:01<00:01, 725.23it/s]
Epoch 0:  48%|████▊     | 926/1935 [00:01<00:01, 725.34it/s]
Epoch 0:  48%|████▊     | 926/1935 [00:01<00:01, 725.24it/s]
Epoch 0:  48%|████▊     | 927/1935 [00:01<00:01, 725.35it/s]
Epoch 0:  48%|████▊     | 927/1935 [00:01<00:01, 725.24it/s]
Epoch 0:  48%|████▊     | 928/1935 [00:01<00:01, 725.33it/s]
Epoch 0:  48%|████▊     | 928/1935 [00:01<00:01, 725.24it/s]
Epoch 0:  48%|████▊     | 929/1935 [00:01<00:01, 725.35it/s]
Epoch 0:  48%|████▊     | 929/1935 [00:01<00:01, 725.25it/s]
Epoch 0:  48%|████▊     | 930/1935 [00:01<00:01, 725.33it/s]
Epoch 0:  48%|████▊     | 930/1935 [00:01<00:01, 725.25it/s]
Epoch 0:  48%|████▊     | 931/1935 [00:01<00:01, 725.35it/s]
Epoch 0:  48%|████▊     | 931/1935 [00:01<00:01, 725.26it/s]
Epoch 0:  48%|████▊     | 932/1935 [00:01<00:01, 725.37it/s]
Epoch 0:  48%|████▊     | 932/1935 [00:01<00:01, 725.28it/s]
Epoch 0:  48%|████▊     | 933/1935 [00:01<00:01, 725.36it/s]
Epoch 0:  48%|████▊     | 933/1935 [00:01<00:01, 725.27it/s]
Epoch 0:  48%|████▊     | 934/1935 [00:01<00:01, 725.28it/s]
Epoch 0:  48%|████▊     | 934/1935 [00:01<00:01, 725.18it/s]
Epoch 0:  48%|████▊     | 935/1935 [00:01<00:01, 725.29it/s]
Epoch 0:  48%|████▊     | 935/1935 [00:01<00:01, 725.20it/s]
Epoch 0:  48%|████▊     | 936/1935 [00:01<00:01, 725.29it/s]
Epoch 0:  48%|████▊     | 936/1935 [00:01<00:01, 725.20it/s]
Epoch 0:  48%|████▊     | 937/1935 [00:01<00:01, 725.30it/s]
Epoch 0:  48%|████▊     | 937/1935 [00:01<00:01, 725.21it/s]
Epoch 0:  48%|████▊     | 938/1935 [00:01<00:01, 725.30it/s]
Epoch 0:  48%|████▊     | 938/1935 [00:01<00:01, 725.21it/s]
Epoch 0:  49%|████▊     | 939/1935 [00:01<00:01, 725.33it/s]
Epoch 0:  49%|████▊     | 939/1935 [00:01<00:01, 725.24it/s]
Epoch 0:  49%|████▊     | 940/1935 [00:01<00:01, 725.35it/s]
Epoch 0:  49%|████▊     | 940/1935 [00:01<00:01, 725.26it/s]
Epoch 0:  49%|████▊     | 941/1935 [00:01<00:01, 725.35it/s]
Epoch 0:  49%|████▊     | 941/1935 [00:01<00:01, 725.27it/s]
Epoch 0:  49%|████▊     | 942/1935 [00:01<00:01, 725.37it/s]
Epoch 0:  49%|████▊     | 942/1935 [00:01<00:01, 725.27it/s]
Epoch 0:  49%|████▊     | 943/1935 [00:01<00:01, 725.37it/s]
Epoch 0:  49%|████▊     | 943/1935 [00:01<00:01, 725.28it/s]
Epoch 0:  49%|████▉     | 944/1935 [00:01<00:01, 725.37it/s]
Epoch 0:  49%|████▉     | 944/1935 [00:01<00:01, 725.27it/s]
Epoch 0:  49%|████▉     | 945/1935 [00:01<00:01, 725.38it/s]
Epoch 0:  49%|████▉     | 945/1935 [00:01<00:01, 725.28it/s]
Epoch 0:  49%|████▉     | 946/1935 [00:01<00:01, 725.36it/s]
Epoch 0:  49%|████▉     | 946/1935 [00:01<00:01, 725.27it/s]
Epoch 0:  49%|████▉     | 947/1935 [00:01<00:01, 725.37it/s]
Epoch 0:  49%|████▉     | 947/1935 [00:01<00:01, 725.28it/s]
Epoch 0:  49%|████▉     | 948/1935 [00:01<00:01, 725.38it/s]
Epoch 0:  49%|████▉     | 948/1935 [00:01<00:01, 725.29it/s]
Epoch 0:  49%|████▉     | 949/1935 [00:01<00:01, 725.37it/s]
Epoch 0:  49%|████▉     | 949/1935 [00:01<00:01, 725.28it/s]
Epoch 0:  49%|████▉     | 950/1935 [00:01<00:01, 725.39it/s]
Epoch 0:  49%|████▉     | 950/1935 [00:01<00:01, 725.30it/s]
Epoch 0:  49%|████▉     | 951/1935 [00:01<00:01, 725.40it/s]
Epoch 0:  49%|████▉     | 951/1935 [00:01<00:01, 725.32it/s]
Epoch 0:  49%|████▉     | 952/1935 [00:01<00:01, 725.42it/s]
Epoch 0:  49%|████▉     | 952/1935 [00:01<00:01, 725.33it/s]
Epoch 0:  49%|████▉     | 953/1935 [00:01<00:01, 725.42it/s]
Epoch 0:  49%|████▉     | 953/1935 [00:01<00:01, 725.32it/s]
Epoch 0:  49%|████▉     | 954/1935 [00:01<00:01, 725.42it/s]
Epoch 0:  49%|████▉     | 954/1935 [00:01<00:01, 725.33it/s]
Epoch 0:  49%|████▉     | 955/1935 [00:01<00:01, 725.43it/s]
Epoch 0:  49%|████▉     | 955/1935 [00:01<00:01, 725.34it/s]
Epoch 0:  49%|████▉     | 956/1935 [00:01<00:01, 725.44it/s]
Epoch 0:  49%|████▉     | 956/1935 [00:01<00:01, 725.34it/s]
Epoch 0:  49%|████▉     | 957/1935 [00:01<00:01, 725.43it/s]
Epoch 0:  49%|████▉     | 957/1935 [00:01<00:01, 725.34it/s]
Epoch 0:  50%|████▉     | 958/1935 [00:01<00:01, 725.44it/s]
Epoch 0:  50%|████▉     | 958/1935 [00:01<00:01, 725.35it/s]
Epoch 0:  50%|████▉     | 959/1935 [00:01<00:01, 725.46it/s]
Epoch 0:  50%|████▉     | 959/1935 [00:01<00:01, 725.37it/s]
Epoch 0:  50%|████▉     | 960/1935 [00:01<00:01, 725.45it/s]
Epoch 0:  50%|████▉     | 960/1935 [00:01<00:01, 725.36it/s]
Epoch 0:  50%|████▉     | 961/1935 [00:01<00:01, 725.46it/s]
Epoch 0:  50%|████▉     | 961/1935 [00:01<00:01, 725.37it/s]
Epoch 0:  50%|████▉     | 962/1935 [00:01<00:01, 725.47it/s]
Epoch 0:  50%|████▉     | 962/1935 [00:01<00:01, 725.38it/s]
Epoch 0:  50%|████▉     | 963/1935 [00:01<00:01, 725.48it/s]
Epoch 0:  50%|████▉     | 963/1935 [00:01<00:01, 725.39it/s]
Epoch 0:  50%|████▉     | 964/1935 [00:01<00:01, 725.48it/s]
Epoch 0:  50%|████▉     | 964/1935 [00:01<00:01, 725.38it/s]
Epoch 0:  50%|████▉     | 965/1935 [00:01<00:01, 725.48it/s]
Epoch 0:  50%|████▉     | 965/1935 [00:01<00:01, 725.40it/s]
Epoch 0:  50%|████▉     | 966/1935 [00:01<00:01, 725.50it/s]
Epoch 0:  50%|████▉     | 966/1935 [00:01<00:01, 725.41it/s]
Epoch 0:  50%|████▉     | 967/1935 [00:01<00:01, 725.52it/s]
Epoch 0:  50%|████▉     | 967/1935 [00:01<00:01, 725.43it/s]
Epoch 0:  50%|█████     | 968/1935 [00:01<00:01, 725.52it/s]
Epoch 0:  50%|█████     | 968/1935 [00:01<00:01, 725.42it/s]
Epoch 0:  50%|█████     | 969/1935 [00:01<00:01, 725.52it/s]
Epoch 0:  50%|█████     | 969/1935 [00:01<00:01, 725.43it/s]
Epoch 0:  50%|█████     | 970/1935 [00:01<00:01, 725.51it/s]
Epoch 0:  50%|█████     | 970/1935 [00:01<00:01, 725.42it/s]
Epoch 0:  50%|█████     | 971/1935 [00:01<00:01, 725.51it/s]
Epoch 0:  50%|█████     | 971/1935 [00:01<00:01, 725.41it/s]
Epoch 0:  50%|█████     | 972/1935 [00:01<00:01, 725.51it/s]
Epoch 0:  50%|█████     | 972/1935 [00:01<00:01, 725.42it/s]
Epoch 0:  50%|█████     | 973/1935 [00:01<00:01, 725.50it/s]
Epoch 0:  50%|█████     | 973/1935 [00:01<00:01, 725.42it/s]
Epoch 0:  50%|█████     | 974/1935 [00:01<00:01, 725.51it/s]
Epoch 0:  50%|█████     | 974/1935 [00:01<00:01, 725.41it/s]
Epoch 0:  50%|█████     | 975/1935 [00:01<00:01, 725.52it/s]
Epoch 0:  50%|█████     | 975/1935 [00:01<00:01, 725.43it/s]
Epoch 0:  50%|█████     | 976/1935 [00:01<00:01, 725.50it/s]
Epoch 0:  50%|█████     | 976/1935 [00:01<00:01, 725.41it/s]
Epoch 0:  50%|█████     | 977/1935 [00:01<00:01, 725.50it/s]
Epoch 0:  50%|█████     | 977/1935 [00:01<00:01, 725.41it/s]
Epoch 0:  51%|█████     | 978/1935 [00:01<00:01, 725.51it/s]
Epoch 0:  51%|█████     | 978/1935 [00:01<00:01, 725.42it/s]
Epoch 0:  51%|█████     | 979/1935 [00:01<00:01, 725.50it/s]
Epoch 0:  51%|█████     | 979/1935 [00:01<00:01, 725.41it/s]
Epoch 0:  51%|█████     | 980/1935 [00:01<00:01, 725.52it/s]
Epoch 0:  51%|█████     | 980/1935 [00:01<00:01, 725.43it/s]
Epoch 0:  51%|█████     | 981/1935 [00:01<00:01, 725.52it/s]
Epoch 0:  51%|█████     | 981/1935 [00:01<00:01, 725.43it/s]
Epoch 0:  51%|█████     | 982/1935 [00:01<00:01, 725.53it/s]
Epoch 0:  51%|█████     | 982/1935 [00:01<00:01, 725.44it/s]
Epoch 0:  51%|█████     | 983/1935 [00:01<00:01, 725.54it/s]
Epoch 0:  51%|█████     | 983/1935 [00:01<00:01, 725.45it/s]
Epoch 0:  51%|█████     | 984/1935 [00:01<00:01, 725.53it/s]
Epoch 0:  51%|█████     | 984/1935 [00:01<00:01, 725.44it/s]
Epoch 0:  51%|█████     | 985/1935 [00:01<00:01, 725.53it/s]
Epoch 0:  51%|█████     | 985/1935 [00:01<00:01, 725.45it/s]
Epoch 0:  51%|█████     | 986/1935 [00:01<00:01, 725.53it/s]
Epoch 0:  51%|█████     | 986/1935 [00:01<00:01, 725.45it/s]
Epoch 0:  51%|█████     | 987/1935 [00:01<00:01, 725.54it/s]
Epoch 0:  51%|█████     | 987/1935 [00:01<00:01, 725.45it/s]
Epoch 0:  51%|█████     | 988/1935 [00:01<00:01, 725.54it/s]
Epoch 0:  51%|█████     | 988/1935 [00:01<00:01, 725.46it/s]
Epoch 0:  51%|█████     | 989/1935 [00:01<00:01, 725.55it/s]
Epoch 0:  51%|█████     | 989/1935 [00:01<00:01, 725.47it/s]
Epoch 0:  51%|█████     | 990/1935 [00:01<00:01, 725.56it/s]
Epoch 0:  51%|█████     | 990/1935 [00:01<00:01, 725.47it/s]
Epoch 0:  51%|█████     | 991/1935 [00:01<00:01, 725.58it/s]
Epoch 0:  51%|█████     | 991/1935 [00:01<00:01, 725.49it/s]
Epoch 0:  51%|█████▏    | 992/1935 [00:01<00:01, 725.57it/s]
Epoch 0:  51%|█████▏    | 992/1935 [00:01<00:01, 725.48it/s]
Epoch 0:  51%|█████▏    | 993/1935 [00:01<00:01, 725.58it/s]
Epoch 0:  51%|█████▏    | 993/1935 [00:01<00:01, 725.49it/s]
Epoch 0:  51%|█████▏    | 994/1935 [00:01<00:01, 725.48it/s]
Epoch 0:  51%|█████▏    | 994/1935 [00:01<00:01, 725.40it/s]
Epoch 0:  51%|█████▏    | 995/1935 [00:01<00:01, 725.48it/s]
Epoch 0:  51%|█████▏    | 995/1935 [00:01<00:01, 725.39it/s]
Epoch 0:  51%|█████▏    | 996/1935 [00:01<00:01, 725.49it/s]
Epoch 0:  51%|█████▏    | 996/1935 [00:01<00:01, 725.40it/s]
Epoch 0:  52%|█████▏    | 997/1935 [00:01<00:01, 725.48it/s]
Epoch 0:  52%|█████▏    | 997/1935 [00:01<00:01, 725.40it/s]
Epoch 0:  52%|█████▏    | 998/1935 [00:01<00:01, 725.49it/s]
Epoch 0:  52%|█████▏    | 998/1935 [00:01<00:01, 725.40it/s]
Epoch 0:  52%|█████▏    | 999/1935 [00:01<00:01, 725.51it/s]
Epoch 0:  52%|█████▏    | 999/1935 [00:01<00:01, 725.42it/s]
Epoch 0:  52%|█████▏    | 1000/1935 [00:01<00:01, 725.50it/s]
Epoch 0:  52%|█████▏    | 1000/1935 [00:01<00:01, 725.41it/s]
Epoch 0:  52%|█████▏    | 1001/1935 [00:01<00:01, 725.50it/s]
Epoch 0:  52%|█████▏    | 1001/1935 [00:01<00:01, 725.41it/s]
Epoch 0:  52%|█████▏    | 1002/1935 [00:01<00:01, 725.48it/s]
Epoch 0:  52%|█████▏    | 1002/1935 [00:01<00:01, 725.40it/s]
Epoch 0:  52%|█████▏    | 1003/1935 [00:01<00:01, 725.48it/s]
Epoch 0:  52%|█████▏    | 1003/1935 [00:01<00:01, 725.39it/s]
Epoch 0:  52%|█████▏    | 1004/1935 [00:01<00:01, 725.49it/s]
Epoch 0:  52%|█████▏    | 1004/1935 [00:01<00:01, 725.40it/s]
Epoch 0:  52%|█████▏    | 1005/1935 [00:01<00:01, 725.48it/s]
Epoch 0:  52%|█████▏    | 1005/1935 [00:01<00:01, 725.40it/s]
Epoch 0:  52%|█████▏    | 1006/1935 [00:01<00:01, 725.49it/s]
Epoch 0:  52%|█████▏    | 1006/1935 [00:01<00:01, 725.40it/s]
Epoch 0:  52%|█████▏    | 1007/1935 [00:01<00:01, 725.51it/s]
Epoch 0:  52%|█████▏    | 1007/1935 [00:01<00:01, 725.42it/s]
Epoch 0:  52%|█████▏    | 1008/1935 [00:01<00:01, 725.49it/s]
Epoch 0:  52%|█████▏    | 1008/1935 [00:01<00:01, 725.40it/s]
Epoch 0:  52%|█████▏    | 1009/1935 [00:01<00:01, 725.49it/s]
Epoch 0:  52%|█████▏    | 1009/1935 [00:01<00:01, 725.41it/s]
Epoch 0:  52%|█████▏    | 1010/1935 [00:01<00:01, 725.50it/s]
Epoch 0:  52%|█████▏    | 1010/1935 [00:01<00:01, 725.42it/s]
Epoch 0:  52%|█████▏    | 1011/1935 [00:01<00:01, 725.51it/s]
Epoch 0:  52%|█████▏    | 1011/1935 [00:01<00:01, 725.42it/s]
Epoch 0:  52%|█████▏    | 1012/1935 [00:01<00:01, 725.52it/s]
Epoch 0:  52%|█████▏    | 1012/1935 [00:01<00:01, 725.43it/s]
Epoch 0:  52%|█████▏    | 1013/1935 [00:01<00:01, 725.52it/s]
Epoch 0:  52%|█████▏    | 1013/1935 [00:01<00:01, 725.44it/s]
Epoch 0:  52%|█████▏    | 1014/1935 [00:01<00:01, 725.55it/s]
Epoch 0:  52%|█████▏    | 1014/1935 [00:01<00:01, 725.46it/s]
Epoch 0:  52%|█████▏    | 1015/1935 [00:01<00:01, 725.56it/s]
Epoch 0:  52%|█████▏    | 1015/1935 [00:01<00:01, 725.48it/s]
Epoch 0:  53%|█████▎    | 1016/1935 [00:01<00:01, 725.56it/s]
Epoch 0:  53%|█████▎    | 1016/1935 [00:01<00:01, 725.47it/s]
Epoch 0:  53%|█████▎    | 1017/1935 [00:01<00:01, 725.55it/s]
Epoch 0:  53%|█████▎    | 1017/1935 [00:01<00:01, 725.46it/s]
Epoch 0:  53%|█████▎    | 1018/1935 [00:01<00:01, 725.53it/s]
Epoch 0:  53%|█████▎    | 1018/1935 [00:01<00:01, 725.45it/s]
Epoch 0:  53%|█████▎    | 1019/1935 [00:01<00:01, 725.55it/s]
Epoch 0:  53%|█████▎    | 1019/1935 [00:01<00:01, 725.46it/s]
Epoch 0:  53%|█████▎    | 1020/1935 [00:01<00:01, 725.55it/s]
Epoch 0:  53%|█████▎    | 1020/1935 [00:01<00:01, 725.47it/s]
Epoch 0:  53%|█████▎    | 1021/1935 [00:01<00:01, 725.56it/s]
Epoch 0:  53%|█████▎    | 1021/1935 [00:01<00:01, 725.48it/s]
Epoch 0:  53%|█████▎    | 1022/1935 [00:01<00:01, 725.57it/s]
Epoch 0:  53%|█████▎    | 1022/1935 [00:01<00:01, 725.49it/s]
Epoch 0:  53%|█████▎    | 1023/1935 [00:01<00:01, 725.58it/s]
Epoch 0:  53%|█████▎    | 1023/1935 [00:01<00:01, 725.49it/s]
Epoch 0:  53%|█████▎    | 1024/1935 [00:01<00:01, 725.58it/s]
Epoch 0:  53%|█████▎    | 1024/1935 [00:01<00:01, 725.49it/s]
Epoch 0:  53%|█████▎    | 1025/1935 [00:01<00:01, 725.58it/s]
Epoch 0:  53%|█████▎    | 1025/1935 [00:01<00:01, 725.49it/s]
Epoch 0:  53%|█████▎    | 1026/1935 [00:01<00:01, 725.57it/s]
Epoch 0:  53%|█████▎    | 1026/1935 [00:01<00:01, 725.49it/s]
Epoch 0:  53%|█████▎    | 1027/1935 [00:01<00:01, 725.58it/s]
Epoch 0:  53%|█████▎    | 1027/1935 [00:01<00:01, 725.49it/s]
Epoch 0:  53%|█████▎    | 1028/1935 [00:01<00:01, 725.58it/s]
Epoch 0:  53%|█████▎    | 1028/1935 [00:01<00:01, 725.51it/s]
Epoch 0:  53%|█████▎    | 1029/1935 [00:01<00:01, 725.60it/s]
Epoch 0:  53%|█████▎    | 1029/1935 [00:01<00:01, 725.52it/s]
Epoch 0:  53%|█████▎    | 1030/1935 [00:01<00:01, 725.61it/s]
Epoch 0:  53%|█████▎    | 1030/1935 [00:01<00:01, 725.52it/s]
Epoch 0:  53%|█████▎    | 1031/1935 [00:01<00:01, 725.63it/s]
Epoch 0:  53%|█████▎    | 1031/1935 [00:01<00:01, 725.54it/s]
Epoch 0:  53%|█████▎    | 1032/1935 [00:01<00:01, 725.63it/s]
Epoch 0:  53%|█████▎    | 1032/1935 [00:01<00:01, 725.54it/s]
Epoch 0:  53%|█████▎    | 1033/1935 [00:01<00:01, 725.63it/s]
Epoch 0:  53%|█████▎    | 1033/1935 [00:01<00:01, 725.55it/s]
Epoch 0:  53%|█████▎    | 1034/1935 [00:01<00:01, 725.63it/s]
Epoch 0:  53%|█████▎    | 1034/1935 [00:01<00:01, 725.55it/s]
Epoch 0:  53%|█████▎    | 1035/1935 [00:01<00:01, 725.64it/s]
Epoch 0:  53%|█████▎    | 1035/1935 [00:01<00:01, 725.55it/s]
Epoch 0:  54%|█████▎    | 1036/1935 [00:01<00:01, 725.65it/s]
Epoch 0:  54%|█████▎    | 1036/1935 [00:01<00:01, 725.57it/s]
Epoch 0:  54%|█████▎    | 1037/1935 [00:01<00:01, 725.65it/s]
Epoch 0:  54%|█████▎    | 1037/1935 [00:01<00:01, 725.57it/s]
Epoch 0:  54%|█████▎    | 1038/1935 [00:01<00:01, 725.67it/s]
Epoch 0:  54%|█████▎    | 1038/1935 [00:01<00:01, 725.58it/s]
Epoch 0:  54%|█████▎    | 1039/1935 [00:01<00:01, 725.69it/s]
Epoch 0:  54%|█████▎    | 1039/1935 [00:01<00:01, 725.61it/s]
Epoch 0:  54%|█████▎    | 1040/1935 [00:01<00:01, 725.68it/s]
Epoch 0:  54%|█████▎    | 1040/1935 [00:01<00:01, 725.59it/s]
Epoch 0:  54%|█████▍    | 1041/1935 [00:01<00:01, 725.68it/s]
Epoch 0:  54%|█████▍    | 1041/1935 [00:01<00:01, 725.60it/s]
Epoch 0:  54%|█████▍    | 1042/1935 [00:01<00:01, 725.69it/s]
Epoch 0:  54%|█████▍    | 1042/1935 [00:01<00:01, 725.61it/s]
Epoch 0:  54%|█████▍    | 1043/1935 [00:01<00:01, 725.68it/s]
Epoch 0:  54%|█████▍    | 1043/1935 [00:01<00:01, 725.59it/s]
Epoch 0:  54%|█████▍    | 1044/1935 [00:01<00:01, 725.68it/s]
Epoch 0:  54%|█████▍    | 1044/1935 [00:01<00:01, 725.60it/s]
Epoch 0:  54%|█████▍    | 1045/1935 [00:01<00:01, 725.68it/s]
Epoch 0:  54%|█████▍    | 1045/1935 [00:01<00:01, 725.60it/s]
Epoch 0:  54%|█████▍    | 1046/1935 [00:01<00:01, 725.69it/s]
Epoch 0:  54%|█████▍    | 1046/1935 [00:01<00:01, 725.60it/s]
Epoch 0:  54%|█████▍    | 1047/1935 [00:01<00:01, 725.70it/s]
Epoch 0:  54%|█████▍    | 1047/1935 [00:01<00:01, 725.62it/s]
Epoch 0:  54%|█████▍    | 1048/1935 [00:01<00:01, 725.69it/s]
Epoch 0:  54%|█████▍    | 1048/1935 [00:01<00:01, 725.61it/s]
Epoch 0:  54%|█████▍    | 1049/1935 [00:01<00:01, 725.70it/s]
Epoch 0:  54%|█████▍    | 1049/1935 [00:01<00:01, 725.62it/s]
Epoch 0:  54%|█████▍    | 1050/1935 [00:01<00:01, 725.69it/s]
Epoch 0:  54%|█████▍    | 1050/1935 [00:01<00:01, 725.61it/s]
Epoch 0:  54%|█████▍    | 1051/1935 [00:01<00:01, 725.68it/s]
Epoch 0:  54%|█████▍    | 1051/1935 [00:01<00:01, 725.60it/s]
Epoch 0:  54%|█████▍    | 1052/1935 [00:01<00:01, 725.70it/s]
Epoch 0:  54%|█████▍    | 1052/1935 [00:01<00:01, 725.61it/s]
Epoch 0:  54%|█████▍    | 1053/1935 [00:01<00:01, 725.69it/s]
Epoch 0:  54%|█████▍    | 1053/1935 [00:01<00:01, 725.61it/s]
Epoch 0:  54%|█████▍    | 1054/1935 [00:01<00:01, 725.62it/s]
Epoch 0:  54%|█████▍    | 1054/1935 [00:01<00:01, 725.53it/s]
Epoch 0:  55%|█████▍    | 1055/1935 [00:01<00:01, 725.64it/s]
Epoch 0:  55%|█████▍    | 1055/1935 [00:01<00:01, 725.56it/s]
Epoch 0:  55%|█████▍    | 1056/1935 [00:01<00:01, 725.63it/s]
Epoch 0:  55%|█████▍    | 1056/1935 [00:01<00:01, 725.55it/s]
Epoch 0:  55%|█████▍    | 1057/1935 [00:01<00:01, 725.64it/s]
Epoch 0:  55%|█████▍    | 1057/1935 [00:01<00:01, 725.56it/s]
Epoch 0:  55%|█████▍    | 1058/1935 [00:01<00:01, 725.64it/s]
Epoch 0:  55%|█████▍    | 1058/1935 [00:01<00:01, 725.55it/s]
Epoch 0:  55%|█████▍    | 1059/1935 [00:01<00:01, 725.63it/s]
Epoch 0:  55%|█████▍    | 1059/1935 [00:01<00:01, 725.54it/s]
Epoch 0:  55%|█████▍    | 1060/1935 [00:01<00:01, 725.64it/s]
Epoch 0:  55%|█████▍    | 1060/1935 [00:01<00:01, 725.56it/s]
Epoch 0:  55%|█████▍    | 1061/1935 [00:01<00:01, 725.64it/s]
Epoch 0:  55%|█████▍    | 1061/1935 [00:01<00:01, 725.56it/s]
Epoch 0:  55%|█████▍    | 1062/1935 [00:01<00:01, 725.66it/s]
Epoch 0:  55%|█████▍    | 1062/1935 [00:01<00:01, 725.58it/s]
Epoch 0:  55%|█████▍    | 1063/1935 [00:01<00:01, 725.68it/s]
Epoch 0:  55%|█████▍    | 1063/1935 [00:01<00:01, 725.60it/s]
Epoch 0:  55%|█████▍    | 1064/1935 [00:01<00:01, 725.68it/s]
Epoch 0:  55%|█████▍    | 1064/1935 [00:01<00:01, 725.59it/s]
Epoch 0:  55%|█████▌    | 1065/1935 [00:01<00:01, 725.68it/s]
Epoch 0:  55%|█████▌    | 1065/1935 [00:01<00:01, 725.60it/s]
Epoch 0:  55%|█████▌    | 1066/1935 [00:01<00:01, 725.68it/s]
Epoch 0:  55%|█████▌    | 1066/1935 [00:01<00:01, 725.60it/s]
Epoch 0:  55%|█████▌    | 1067/1935 [00:01<00:01, 725.68it/s]
Epoch 0:  55%|█████▌    | 1067/1935 [00:01<00:01, 725.60it/s]
Epoch 0:  55%|█████▌    | 1068/1935 [00:01<00:01, 725.70it/s]
Epoch 0:  55%|█████▌    | 1068/1935 [00:01<00:01, 725.62it/s]
Epoch 0:  55%|█████▌    | 1069/1935 [00:01<00:01, 725.72it/s]
Epoch 0:  55%|█████▌    | 1069/1935 [00:01<00:01, 725.64it/s]
Epoch 0:  55%|█████▌    | 1070/1935 [00:01<00:01, 725.73it/s]
Epoch 0:  55%|█████▌    | 1070/1935 [00:01<00:01, 725.65it/s]
Epoch 0:  55%|█████▌    | 1071/1935 [00:01<00:01, 725.74it/s]
Epoch 0:  55%|█████▌    | 1071/1935 [00:01<00:01, 725.66it/s]
Epoch 0:  55%|█████▌    | 1072/1935 [00:01<00:01, 725.74it/s]
Epoch 0:  55%|█████▌    | 1072/1935 [00:01<00:01, 725.66it/s]
Epoch 0:  55%|█████▌    | 1073/1935 [00:01<00:01, 725.75it/s]
Epoch 0:  55%|█████▌    | 1073/1935 [00:01<00:01, 725.67it/s]
Epoch 0:  56%|█████▌    | 1074/1935 [00:01<00:01, 725.75it/s]
Epoch 0:  56%|█████▌    | 1074/1935 [00:01<00:01, 725.68it/s]
Epoch 0:  56%|█████▌    | 1075/1935 [00:01<00:01, 725.76it/s]
Epoch 0:  56%|█████▌    | 1075/1935 [00:01<00:01, 725.68it/s]
Epoch 0:  56%|█████▌    | 1076/1935 [00:01<00:01, 725.77it/s]
Epoch 0:  56%|█████▌    | 1076/1935 [00:01<00:01, 725.69it/s]
Epoch 0:  56%|█████▌    | 1077/1935 [00:01<00:01, 725.78it/s]
Epoch 0:  56%|█████▌    | 1077/1935 [00:01<00:01, 725.70it/s]
Epoch 0:  56%|█████▌    | 1078/1935 [00:01<00:01, 725.79it/s]
Epoch 0:  56%|█████▌    | 1078/1935 [00:01<00:01, 725.70it/s]
Epoch 0:  56%|█████▌    | 1079/1935 [00:01<00:01, 725.81it/s]
Epoch 0:  56%|█████▌    | 1079/1935 [00:01<00:01, 725.73it/s]
Epoch 0:  56%|█████▌    | 1080/1935 [00:01<00:01, 725.81it/s]
Epoch 0:  56%|█████▌    | 1080/1935 [00:01<00:01, 725.73it/s]
Epoch 0:  56%|█████▌    | 1081/1935 [00:01<00:01, 725.81it/s]
Epoch 0:  56%|█████▌    | 1081/1935 [00:01<00:01, 725.73it/s]
Epoch 0:  56%|█████▌    | 1082/1935 [00:01<00:01, 725.80it/s]
Epoch 0:  56%|█████▌    | 1082/1935 [00:01<00:01, 725.73it/s]
Epoch 0:  56%|█████▌    | 1083/1935 [00:01<00:01, 725.81it/s]
Epoch 0:  56%|█████▌    | 1083/1935 [00:01<00:01, 725.73it/s]
Epoch 0:  56%|█████▌    | 1084/1935 [00:01<00:01, 725.83it/s]
Epoch 0:  56%|█████▌    | 1084/1935 [00:01<00:01, 725.75it/s]
Epoch 0:  56%|█████▌    | 1085/1935 [00:01<00:01, 725.84it/s]
Epoch 0:  56%|█████▌    | 1085/1935 [00:01<00:01, 725.76it/s]
Epoch 0:  56%|█████▌    | 1086/1935 [00:01<00:01, 725.83it/s]
Epoch 0:  56%|█████▌    | 1086/1935 [00:01<00:01, 725.75it/s]
Epoch 0:  56%|█████▌    | 1087/1935 [00:01<00:01, 725.84it/s]
Epoch 0:  56%|█████▌    | 1087/1935 [00:01<00:01, 725.76it/s]
Epoch 0:  56%|█████▌    | 1088/1935 [00:01<00:01, 725.83it/s]
Epoch 0:  56%|█████▌    | 1088/1935 [00:01<00:01, 725.74it/s]
Epoch 0:  56%|█████▋    | 1089/1935 [00:01<00:01, 725.82it/s]
Epoch 0:  56%|█████▋    | 1089/1935 [00:01<00:01, 725.74it/s]
Epoch 0:  56%|█████▋    | 1090/1935 [00:01<00:01, 725.82it/s]
Epoch 0:  56%|█████▋    | 1090/1935 [00:01<00:01, 725.73it/s]
Epoch 0:  56%|█████▋    | 1091/1935 [00:01<00:01, 725.80it/s]
Epoch 0:  56%|█████▋    | 1091/1935 [00:01<00:01, 725.72it/s]
Epoch 0:  56%|█████▋    | 1092/1935 [00:01<00:01, 725.82it/s]
Epoch 0:  56%|█████▋    | 1092/1935 [00:01<00:01, 725.74it/s]
Epoch 0:  56%|█████▋    | 1093/1935 [00:01<00:01, 725.83it/s]
Epoch 0:  56%|█████▋    | 1093/1935 [00:01<00:01, 725.76it/s]
Epoch 0:  57%|█████▋    | 1094/1935 [00:01<00:01, 725.84it/s]
Epoch 0:  57%|█████▋    | 1094/1935 [00:01<00:01, 725.76it/s]
Epoch 0:  57%|█████▋    | 1095/1935 [00:01<00:01, 725.86it/s]
Epoch 0:  57%|█████▋    | 1095/1935 [00:01<00:01, 725.78it/s]
Epoch 0:  57%|█████▋    | 1096/1935 [00:01<00:01, 725.87it/s]
Epoch 0:  57%|█████▋    | 1096/1935 [00:01<00:01, 725.79it/s]
Epoch 0:  57%|█████▋    | 1097/1935 [00:01<00:01, 725.88it/s]
Epoch 0:  57%|█████▋    | 1097/1935 [00:01<00:01, 725.81it/s]
Epoch 0:  57%|█████▋    | 1098/1935 [00:01<00:01, 725.90it/s]
Epoch 0:  57%|█████▋    | 1098/1935 [00:01<00:01, 725.82it/s]
Epoch 0:  57%|█████▋    | 1099/1935 [00:01<00:01, 725.91it/s]
Epoch 0:  57%|█████▋    | 1099/1935 [00:01<00:01, 725.82it/s]
Epoch 0:  57%|█████▋    | 1100/1935 [00:01<00:01, 725.90it/s]
Epoch 0:  57%|█████▋    | 1100/1935 [00:01<00:01, 725.82it/s]
Epoch 0:  57%|█████▋    | 1101/1935 [00:01<00:01, 725.89it/s]
Epoch 0:  57%|█████▋    | 1101/1935 [00:01<00:01, 725.82it/s]
Epoch 0:  57%|█████▋    | 1102/1935 [00:01<00:01, 725.90it/s]
Epoch 0:  57%|█████▋    | 1102/1935 [00:01<00:01, 725.82it/s]
Epoch 0:  57%|█████▋    | 1103/1935 [00:01<00:01, 725.92it/s]
Epoch 0:  57%|█████▋    | 1103/1935 [00:01<00:01, 725.84it/s]
Epoch 0:  57%|█████▋    | 1104/1935 [00:01<00:01, 725.92it/s]
Epoch 0:  57%|█████▋    | 1104/1935 [00:01<00:01, 725.84it/s]
Epoch 0:  57%|█████▋    | 1105/1935 [00:01<00:01, 725.91it/s]
Epoch 0:  57%|█████▋    | 1105/1935 [00:01<00:01, 725.83it/s]
Epoch 0:  57%|█████▋    | 1106/1935 [00:01<00:01, 725.92it/s]
Epoch 0:  57%|█████▋    | 1106/1935 [00:01<00:01, 725.84it/s]
Epoch 0:  57%|█████▋    | 1107/1935 [00:01<00:01, 725.92it/s]
Epoch 0:  57%|█████▋    | 1107/1935 [00:01<00:01, 725.84it/s]
Epoch 0:  57%|█████▋    | 1108/1935 [00:01<00:01, 725.92it/s]
Epoch 0:  57%|█████▋    | 1108/1935 [00:01<00:01, 725.84it/s]
Epoch 0:  57%|█████▋    | 1109/1935 [00:01<00:01, 725.93it/s]
Epoch 0:  57%|█████▋    | 1109/1935 [00:01<00:01, 725.85it/s]
Epoch 0:  57%|█████▋    | 1110/1935 [00:01<00:01, 725.94it/s]
Epoch 0:  57%|█████▋    | 1110/1935 [00:01<00:01, 725.85it/s]
Epoch 0:  57%|█████▋    | 1111/1935 [00:01<00:01, 725.94it/s]
Epoch 0:  57%|█████▋    | 1111/1935 [00:01<00:01, 725.87it/s]
Epoch 0:  57%|█████▋    | 1112/1935 [00:01<00:01, 725.94it/s]
Epoch 0:  57%|█████▋    | 1112/1935 [00:01<00:01, 725.85it/s]
Epoch 0:  58%|█████▊    | 1113/1935 [00:01<00:01, 725.92it/s]
Epoch 0:  58%|█████▊    | 1113/1935 [00:01<00:01, 725.84it/s]
Epoch 0:  58%|█████▊    | 1114/1935 [00:01<00:01, 725.81it/s]
Epoch 0:  58%|█████▊    | 1114/1935 [00:01<00:01, 725.72it/s]
Epoch 0:  58%|█████▊    | 1115/1935 [00:01<00:01, 725.81it/s]
Epoch 0:  58%|█████▊    | 1115/1935 [00:01<00:01, 725.73it/s]
Epoch 0:  58%|█████▊    | 1116/1935 [00:01<00:01, 725.83it/s]
Epoch 0:  58%|█████▊    | 1116/1935 [00:01<00:01, 725.76it/s]
Epoch 0:  58%|█████▊    | 1117/1935 [00:01<00:01, 725.84it/s]
Epoch 0:  58%|█████▊    | 1117/1935 [00:01<00:01, 725.77it/s]
Epoch 0:  58%|█████▊    | 1118/1935 [00:01<00:01, 725.84it/s]
Epoch 0:  58%|█████▊    | 1118/1935 [00:01<00:01, 725.76it/s]
Epoch 0:  58%|█████▊    | 1119/1935 [00:01<00:01, 725.84it/s]
Epoch 0:  58%|█████▊    | 1119/1935 [00:01<00:01, 725.77it/s]
Epoch 0:  58%|█████▊    | 1120/1935 [00:01<00:01, 725.84it/s]
Epoch 0:  58%|█████▊    | 1120/1935 [00:01<00:01, 725.75it/s]
Epoch 0:  58%|█████▊    | 1121/1935 [00:01<00:01, 725.81it/s]
Epoch 0:  58%|█████▊    | 1121/1935 [00:01<00:01, 725.75it/s]
Epoch 0:  58%|█████▊    | 1122/1935 [00:01<00:01, 725.84it/s]
Epoch 0:  58%|█████▊    | 1122/1935 [00:01<00:01, 725.76it/s]
Epoch 0:  58%|█████▊    | 1123/1935 [00:01<00:01, 725.86it/s]
Epoch 0:  58%|█████▊    | 1123/1935 [00:01<00:01, 725.78it/s]
Epoch 0:  58%|█████▊    | 1124/1935 [00:01<00:01, 725.87it/s]
Epoch 0:  58%|█████▊    | 1124/1935 [00:01<00:01, 725.79it/s]
Epoch 0:  58%|█████▊    | 1125/1935 [00:01<00:01, 725.87it/s]
Epoch 0:  58%|█████▊    | 1125/1935 [00:01<00:01, 725.79it/s]
Epoch 0:  58%|█████▊    | 1126/1935 [00:01<00:01, 725.88it/s]
Epoch 0:  58%|█████▊    | 1126/1935 [00:01<00:01, 725.80it/s]
Epoch 0:  58%|█████▊    | 1127/1935 [00:01<00:01, 725.90it/s]
Epoch 0:  58%|█████▊    | 1127/1935 [00:01<00:01, 725.82it/s]
Epoch 0:  58%|█████▊    | 1128/1935 [00:01<00:01, 725.90it/s]
Epoch 0:  58%|█████▊    | 1128/1935 [00:01<00:01, 725.82it/s]
Epoch 0:  58%|█████▊    | 1129/1935 [00:01<00:01, 725.88it/s]
Epoch 0:  58%|█████▊    | 1129/1935 [00:01<00:01, 725.81it/s]
Epoch 0:  58%|█████▊    | 1130/1935 [00:01<00:01, 725.90it/s]
Epoch 0:  58%|█████▊    | 1130/1935 [00:01<00:01, 725.82it/s]
Epoch 0:  58%|█████▊    | 1131/1935 [00:01<00:01, 725.88it/s]
Epoch 0:  58%|█████▊    | 1131/1935 [00:01<00:01, 725.80it/s]
Epoch 0:  59%|█████▊    | 1132/1935 [00:01<00:01, 725.89it/s]
Epoch 0:  59%|█████▊    | 1132/1935 [00:01<00:01, 725.81it/s]
Epoch 0:  59%|█████▊    | 1133/1935 [00:01<00:01, 725.89it/s]
Epoch 0:  59%|█████▊    | 1133/1935 [00:01<00:01, 725.81it/s]
Epoch 0:  59%|█████▊    | 1134/1935 [00:01<00:01, 725.89it/s]
Epoch 0:  59%|█████▊    | 1134/1935 [00:01<00:01, 725.81it/s]
Epoch 0:  59%|█████▊    | 1135/1935 [00:01<00:01, 725.91it/s]
Epoch 0:  59%|█████▊    | 1135/1935 [00:01<00:01, 725.83it/s]
Epoch 0:  59%|█████▊    | 1136/1935 [00:01<00:01, 725.90it/s]
Epoch 0:  59%|█████▊    | 1136/1935 [00:01<00:01, 725.82it/s]
Epoch 0:  59%|█████▉    | 1137/1935 [00:01<00:01, 725.90it/s]
Epoch 0:  59%|█████▉    | 1137/1935 [00:01<00:01, 725.82it/s]
Epoch 0:  59%|█████▉    | 1138/1935 [00:01<00:01, 725.91it/s]
Epoch 0:  59%|█████▉    | 1138/1935 [00:01<00:01, 725.83it/s]
Epoch 0:  59%|█████▉    | 1139/1935 [00:01<00:01, 725.91it/s]
Epoch 0:  59%|█████▉    | 1139/1935 [00:01<00:01, 725.83it/s]
Epoch 0:  59%|█████▉    | 1140/1935 [00:01<00:01, 725.90it/s]
Epoch 0:  59%|█████▉    | 1140/1935 [00:01<00:01, 725.83it/s]
Epoch 0:  59%|█████▉    | 1141/1935 [00:01<00:01, 725.89it/s]
Epoch 0:  59%|█████▉    | 1141/1935 [00:01<00:01, 725.81it/s]
Epoch 0:  59%|█████▉    | 1142/1935 [00:01<00:01, 725.90it/s]
Epoch 0:  59%|█████▉    | 1142/1935 [00:01<00:01, 725.82it/s]
Epoch 0:  59%|█████▉    | 1143/1935 [00:01<00:01, 725.91it/s]
Epoch 0:  59%|█████▉    | 1143/1935 [00:01<00:01, 725.83it/s]
Epoch 0:  59%|█████▉    | 1144/1935 [00:01<00:01, 725.90it/s]
Epoch 0:  59%|█████▉    | 1144/1935 [00:01<00:01, 725.82it/s]
Epoch 0:  59%|█████▉    | 1145/1935 [00:01<00:01, 725.88it/s]
Epoch 0:  59%|█████▉    | 1145/1935 [00:01<00:01, 725.81it/s]
Epoch 0:  59%|█████▉    | 1146/1935 [00:01<00:01, 725.89it/s]
Epoch 0:  59%|█████▉    | 1146/1935 [00:01<00:01, 725.81it/s]
Epoch 0:  59%|█████▉    | 1147/1935 [00:01<00:01, 725.90it/s]
Epoch 0:  59%|█████▉    | 1147/1935 [00:01<00:01, 725.82it/s]
Epoch 0:  59%|█████▉    | 1148/1935 [00:01<00:01, 725.91it/s]
Epoch 0:  59%|█████▉    | 1148/1935 [00:01<00:01, 725.83it/s]
Epoch 0:  59%|█████▉    | 1149/1935 [00:01<00:01, 725.92it/s]
Epoch 0:  59%|█████▉    | 1149/1935 [00:01<00:01, 725.84it/s]
Epoch 0:  59%|█████▉    | 1150/1935 [00:01<00:01, 725.92it/s]
Epoch 0:  59%|█████▉    | 1150/1935 [00:01<00:01, 725.84it/s]
Epoch 0:  59%|█████▉    | 1151/1935 [00:01<00:01, 725.93it/s]
Epoch 0:  59%|█████▉    | 1151/1935 [00:01<00:01, 725.85it/s]
Epoch 0:  60%|█████▉    | 1152/1935 [00:01<00:01, 725.93it/s]
Epoch 0:  60%|█████▉    | 1152/1935 [00:01<00:01, 725.84it/s]
Epoch 0:  60%|█████▉    | 1153/1935 [00:01<00:01, 725.91it/s]
Epoch 0:  60%|█████▉    | 1153/1935 [00:01<00:01, 725.84it/s]
Epoch 0:  60%|█████▉    | 1154/1935 [00:01<00:01, 725.92it/s]
Epoch 0:  60%|█████▉    | 1154/1935 [00:01<00:01, 725.84it/s]
Epoch 0:  60%|█████▉    | 1155/1935 [00:01<00:01, 725.92it/s]
Epoch 0:  60%|█████▉    | 1155/1935 [00:01<00:01, 725.84it/s]
Epoch 0:  60%|█████▉    | 1156/1935 [00:01<00:01, 725.93it/s]
Epoch 0:  60%|█████▉    | 1156/1935 [00:01<00:01, 725.86it/s]
Epoch 0:  60%|█████▉    | 1157/1935 [00:01<00:01, 725.93it/s]
Epoch 0:  60%|█████▉    | 1157/1935 [00:01<00:01, 725.85it/s]
Epoch 0:  60%|█████▉    | 1158/1935 [00:01<00:01, 725.93it/s]
Epoch 0:  60%|█████▉    | 1158/1935 [00:01<00:01, 725.85it/s]
Epoch 0:  60%|█████▉    | 1159/1935 [00:01<00:01, 725.95it/s]
Epoch 0:  60%|█████▉    | 1159/1935 [00:01<00:01, 725.87it/s]
Epoch 0:  60%|█████▉    | 1160/1935 [00:01<00:01, 725.95it/s]
Epoch 0:  60%|█████▉    | 1160/1935 [00:01<00:01, 725.87it/s]
Epoch 0:  60%|██████    | 1161/1935 [00:01<00:01, 725.93it/s]
Epoch 0:  60%|██████    | 1161/1935 [00:01<00:01, 725.87it/s]
Epoch 0:  60%|██████    | 1162/1935 [00:01<00:01, 725.96it/s]
Epoch 0:  60%|██████    | 1162/1935 [00:01<00:01, 725.88it/s]
Epoch 0:  60%|██████    | 1163/1935 [00:01<00:01, 725.96it/s]
Epoch 0:  60%|██████    | 1163/1935 [00:01<00:01, 725.88it/s]
Epoch 0:  60%|██████    | 1164/1935 [00:01<00:01, 725.97it/s]
Epoch 0:  60%|██████    | 1164/1935 [00:01<00:01, 725.89it/s]
Epoch 0:  60%|██████    | 1165/1935 [00:01<00:01, 725.97it/s]
Epoch 0:  60%|██████    | 1165/1935 [00:01<00:01, 725.89it/s]
Epoch 0:  60%|██████    | 1166/1935 [00:01<00:01, 725.97it/s]
Epoch 0:  60%|██████    | 1166/1935 [00:01<00:01, 725.89it/s]
Epoch 0:  60%|██████    | 1167/1935 [00:01<00:01, 725.98it/s]
Epoch 0:  60%|██████    | 1167/1935 [00:01<00:01, 725.90it/s]
Epoch 0:  60%|██████    | 1168/1935 [00:01<00:01, 725.98it/s]
Epoch 0:  60%|██████    | 1168/1935 [00:01<00:01, 725.90it/s]
Epoch 0:  60%|██████    | 1169/1935 [00:01<00:01, 725.97it/s]
Epoch 0:  60%|██████    | 1169/1935 [00:01<00:01, 725.89it/s]
Epoch 0:  60%|██████    | 1170/1935 [00:01<00:01, 725.97it/s]
Epoch 0:  60%|██████    | 1170/1935 [00:01<00:01, 725.89it/s]
Epoch 0:  61%|██████    | 1171/1935 [00:01<00:01, 725.97it/s]
Epoch 0:  61%|██████    | 1171/1935 [00:01<00:01, 725.89it/s]
Epoch 0:  61%|██████    | 1172/1935 [00:01<00:01, 725.97it/s]
Epoch 0:  61%|██████    | 1172/1935 [00:01<00:01, 725.90it/s]
Epoch 0:  61%|██████    | 1173/1935 [00:01<00:01, 725.98it/s]
Epoch 0:  61%|██████    | 1173/1935 [00:01<00:01, 725.90it/s]
Epoch 0:  61%|██████    | 1174/1935 [00:01<00:01, 725.91it/s]
Epoch 0:  61%|██████    | 1174/1935 [00:01<00:01, 725.84it/s]
Epoch 0:  61%|██████    | 1175/1935 [00:01<00:01, 725.92it/s]
Epoch 0:  61%|██████    | 1175/1935 [00:01<00:01, 725.85it/s]
Epoch 0:  61%|██████    | 1176/1935 [00:01<00:01, 725.92it/s]
Epoch 0:  61%|██████    | 1176/1935 [00:01<00:01, 725.84it/s]
Epoch 0:  61%|██████    | 1177/1935 [00:01<00:01, 725.91it/s]
Epoch 0:  61%|██████    | 1177/1935 [00:01<00:01, 725.84it/s]
Epoch 0:  61%|██████    | 1178/1935 [00:01<00:01, 725.93it/s]
Epoch 0:  61%|██████    | 1178/1935 [00:01<00:01, 725.85it/s]
Epoch 0:  61%|██████    | 1179/1935 [00:01<00:01, 725.93it/s]
Epoch 0:  61%|██████    | 1179/1935 [00:01<00:01, 725.85it/s]
Epoch 0:  61%|██████    | 1180/1935 [00:01<00:01, 725.94it/s]
Epoch 0:  61%|██████    | 1180/1935 [00:01<00:01, 725.87it/s]
Epoch 0:  61%|██████    | 1181/1935 [00:01<00:01, 725.95it/s]
Epoch 0:  61%|██████    | 1181/1935 [00:01<00:01, 725.87it/s]
Epoch 0:  61%|██████    | 1182/1935 [00:01<00:01, 725.95it/s]
Epoch 0:  61%|██████    | 1182/1935 [00:01<00:01, 725.88it/s]
Epoch 0:  61%|██████    | 1183/1935 [00:01<00:01, 725.97it/s]
Epoch 0:  61%|██████    | 1183/1935 [00:01<00:01, 725.90it/s]
Epoch 0:  61%|██████    | 1184/1935 [00:01<00:01, 725.99it/s]
Epoch 0:  61%|██████    | 1184/1935 [00:01<00:01, 725.91it/s]
Epoch 0:  61%|██████    | 1185/1935 [00:01<00:01, 725.99it/s]
Epoch 0:  61%|██████    | 1185/1935 [00:01<00:01, 725.91it/s]
Epoch 0:  61%|██████▏   | 1186/1935 [00:01<00:01, 726.00it/s]
Epoch 0:  61%|██████▏   | 1186/1935 [00:01<00:01, 725.92it/s]
Epoch 0:  61%|██████▏   | 1187/1935 [00:01<00:01, 725.98it/s]
Epoch 0:  61%|██████▏   | 1187/1935 [00:01<00:01, 725.92it/s]
Epoch 0:  61%|██████▏   | 1188/1935 [00:01<00:01, 726.01it/s]
Epoch 0:  61%|██████▏   | 1188/1935 [00:01<00:01, 725.93it/s]
Epoch 0:  61%|██████▏   | 1189/1935 [00:01<00:01, 726.01it/s]
Epoch 0:  61%|██████▏   | 1189/1935 [00:01<00:01, 725.93it/s]
Epoch 0:  61%|██████▏   | 1190/1935 [00:01<00:01, 726.02it/s]
Epoch 0:  61%|██████▏   | 1190/1935 [00:01<00:01, 725.93it/s]
Epoch 0:  62%|██████▏   | 1191/1935 [00:01<00:01, 726.03it/s]
Epoch 0:  62%|██████▏   | 1191/1935 [00:01<00:01, 725.95it/s]
Epoch 0:  62%|██████▏   | 1192/1935 [00:01<00:01, 726.03it/s]
Epoch 0:  62%|██████▏   | 1192/1935 [00:01<00:01, 725.96it/s]
Epoch 0:  62%|██████▏   | 1193/1935 [00:01<00:01, 726.02it/s]
Epoch 0:  62%|██████▏   | 1193/1935 [00:01<00:01, 725.94it/s]
Epoch 0:  62%|██████▏   | 1194/1935 [00:01<00:01, 726.03it/s]
Epoch 0:  62%|██████▏   | 1194/1935 [00:01<00:01, 725.95it/s]
Epoch 0:  62%|██████▏   | 1195/1935 [00:01<00:01, 726.03it/s]
Epoch 0:  62%|██████▏   | 1195/1935 [00:01<00:01, 725.95it/s]
Epoch 0:  62%|██████▏   | 1196/1935 [00:01<00:01, 726.04it/s]
Epoch 0:  62%|██████▏   | 1196/1935 [00:01<00:01, 725.96it/s]
Epoch 0:  62%|██████▏   | 1197/1935 [00:01<00:01, 726.03it/s]
Epoch 0:  62%|██████▏   | 1197/1935 [00:01<00:01, 725.95it/s]
Epoch 0:  62%|██████▏   | 1198/1935 [00:01<00:01, 726.03it/s]
Epoch 0:  62%|██████▏   | 1198/1935 [00:01<00:01, 725.95it/s]
Epoch 0:  62%|██████▏   | 1199/1935 [00:01<00:01, 726.03it/s]
Epoch 0:  62%|██████▏   | 1199/1935 [00:01<00:01, 725.96it/s]
Epoch 0:  62%|██████▏   | 1200/1935 [00:01<00:01, 726.04it/s]
Epoch 0:  62%|██████▏   | 1200/1935 [00:01<00:01, 725.97it/s]
Epoch 0:  62%|██████▏   | 1201/1935 [00:01<00:01, 726.04it/s]
Epoch 0:  62%|██████▏   | 1201/1935 [00:01<00:01, 725.97it/s]
Epoch 0:  62%|██████▏   | 1202/1935 [00:01<00:01, 726.03it/s]
Epoch 0:  62%|██████▏   | 1202/1935 [00:01<00:01, 725.97it/s]
Epoch 0:  62%|██████▏   | 1203/1935 [00:01<00:01, 726.05it/s]
Epoch 0:  62%|██████▏   | 1203/1935 [00:01<00:01, 725.97it/s]
Epoch 0:  62%|██████▏   | 1204/1935 [00:01<00:01, 726.06it/s]
Epoch 0:  62%|██████▏   | 1204/1935 [00:01<00:01, 725.98it/s]
Epoch 0:  62%|██████▏   | 1205/1935 [00:01<00:01, 726.06it/s]
Epoch 0:  62%|██████▏   | 1205/1935 [00:01<00:01, 725.98it/s]
Epoch 0:  62%|██████▏   | 1206/1935 [00:01<00:01, 726.07it/s]
Epoch 0:  62%|██████▏   | 1206/1935 [00:01<00:01, 725.99it/s]
Epoch 0:  62%|██████▏   | 1207/1935 [00:01<00:01, 726.07it/s]
Epoch 0:  62%|██████▏   | 1207/1935 [00:01<00:01, 726.00it/s]
Epoch 0:  62%|██████▏   | 1208/1935 [00:01<00:01, 726.08it/s]
Epoch 0:  62%|██████▏   | 1208/1935 [00:01<00:01, 726.00it/s]
Epoch 0:  62%|██████▏   | 1209/1935 [00:01<00:00, 726.07it/s]
Epoch 0:  62%|██████▏   | 1209/1935 [00:01<00:01, 725.99it/s]
Epoch 0:  63%|██████▎   | 1210/1935 [00:01<00:00, 726.08it/s]
Epoch 0:  63%|██████▎   | 1210/1935 [00:01<00:00, 726.00it/s]
Epoch 0:  63%|██████▎   | 1211/1935 [00:01<00:00, 726.08it/s]
Epoch 0:  63%|██████▎   | 1211/1935 [00:01<00:00, 726.01it/s]
Epoch 0:  63%|██████▎   | 1212/1935 [00:01<00:00, 726.09it/s]
Epoch 0:  63%|██████▎   | 1212/1935 [00:01<00:00, 726.02it/s]
Epoch 0:  63%|██████▎   | 1213/1935 [00:01<00:00, 726.09it/s]
Epoch 0:  63%|██████▎   | 1213/1935 [00:01<00:00, 726.01it/s]
Epoch 0:  63%|██████▎   | 1214/1935 [00:01<00:00, 726.09it/s]
Epoch 0:  63%|██████▎   | 1214/1935 [00:01<00:00, 726.01it/s]
Epoch 0:  63%|██████▎   | 1215/1935 [00:01<00:00, 726.10it/s]
Epoch 0:  63%|██████▎   | 1215/1935 [00:01<00:00, 726.03it/s]
Epoch 0:  63%|██████▎   | 1216/1935 [00:01<00:00, 726.11it/s]
Epoch 0:  63%|██████▎   | 1216/1935 [00:01<00:00, 726.03it/s]
Epoch 0:  63%|██████▎   | 1217/1935 [00:01<00:00, 726.08it/s]
Epoch 0:  63%|██████▎   | 1217/1935 [00:01<00:00, 726.02it/s]
Epoch 0:  63%|██████▎   | 1218/1935 [00:01<00:00, 726.11it/s]
Epoch 0:  63%|██████▎   | 1218/1935 [00:01<00:00, 726.04it/s]
Epoch 0:  63%|██████▎   | 1219/1935 [00:01<00:00, 726.12it/s]
Epoch 0:  63%|██████▎   | 1219/1935 [00:01<00:00, 726.04it/s]
Epoch 0:  63%|██████▎   | 1220/1935 [00:01<00:00, 726.11it/s]
Epoch 0:  63%|██████▎   | 1220/1935 [00:01<00:00, 726.04it/s]
Epoch 0:  63%|██████▎   | 1221/1935 [00:01<00:00, 726.10it/s]
Epoch 0:  63%|██████▎   | 1221/1935 [00:01<00:00, 726.03it/s]
Epoch 0:  63%|██████▎   | 1222/1935 [00:01<00:00, 726.12it/s]
Epoch 0:  63%|██████▎   | 1222/1935 [00:01<00:00, 726.04it/s]
Epoch 0:  63%|██████▎   | 1223/1935 [00:01<00:00, 726.13it/s]
Epoch 0:  63%|██████▎   | 1223/1935 [00:01<00:00, 726.06it/s]
Epoch 0:  63%|██████▎   | 1224/1935 [00:01<00:00, 726.13it/s]
Epoch 0:  63%|██████▎   | 1224/1935 [00:01<00:00, 726.06it/s]
Epoch 0:  63%|██████▎   | 1225/1935 [00:01<00:00, 726.14it/s]
Epoch 0:  63%|██████▎   | 1225/1935 [00:01<00:00, 726.06it/s]
Epoch 0:  63%|██████▎   | 1226/1935 [00:01<00:00, 726.12it/s]
Epoch 0:  63%|██████▎   | 1226/1935 [00:01<00:00, 726.06it/s]
Epoch 0:  63%|██████▎   | 1227/1935 [00:01<00:00, 726.12it/s]
Epoch 0:  63%|██████▎   | 1227/1935 [00:01<00:00, 726.06it/s]
Epoch 0:  63%|██████▎   | 1228/1935 [00:01<00:00, 726.14it/s]
Epoch 0:  63%|██████▎   | 1228/1935 [00:01<00:00, 726.06it/s]
Epoch 0:  64%|██████▎   | 1229/1935 [00:01<00:00, 726.14it/s]
Epoch 0:  64%|██████▎   | 1229/1935 [00:01<00:00, 726.06it/s]
Epoch 0:  64%|██████▎   | 1230/1935 [00:01<00:00, 726.14it/s]
Epoch 0:  64%|██████▎   | 1230/1935 [00:01<00:00, 726.06it/s]
Epoch 0:  64%|██████▎   | 1231/1935 [00:01<00:00, 726.15it/s]
Epoch 0:  64%|██████▎   | 1231/1935 [00:01<00:00, 726.08it/s]
Epoch 0:  64%|██████▎   | 1232/1935 [00:01<00:00, 726.15it/s]
Epoch 0:  64%|██████▎   | 1232/1935 [00:01<00:00, 726.07it/s]
Epoch 0:  64%|██████▎   | 1233/1935 [00:01<00:00, 726.14it/s]
Epoch 0:  64%|██████▎   | 1233/1935 [00:01<00:00, 726.06it/s]
Epoch 0:  64%|██████▍   | 1234/1935 [00:01<00:00, 726.08it/s]
Epoch 0:  64%|██████▍   | 1234/1935 [00:01<00:00, 726.00it/s]
Epoch 0:  64%|██████▍   | 1235/1935 [00:01<00:00, 726.08it/s]
Epoch 0:  64%|██████▍   | 1235/1935 [00:01<00:00, 726.00it/s]
Epoch 0:  64%|██████▍   | 1236/1935 [00:01<00:00, 726.08it/s]
Epoch 0:  64%|██████▍   | 1236/1935 [00:01<00:00, 726.01it/s]
Epoch 0:  64%|██████▍   | 1237/1935 [00:01<00:00, 726.08it/s]
Epoch 0:  64%|██████▍   | 1237/1935 [00:01<00:00, 726.00it/s]
Epoch 0:  64%|██████▍   | 1238/1935 [00:01<00:00, 726.09it/s]
Epoch 0:  64%|██████▍   | 1238/1935 [00:01<00:00, 726.02it/s]
Epoch 0:  64%|██████▍   | 1239/1935 [00:01<00:00, 726.10it/s]
Epoch 0:  64%|██████▍   | 1239/1935 [00:01<00:00, 726.03it/s]
Epoch 0:  64%|██████▍   | 1240/1935 [00:01<00:00, 726.11it/s]
Epoch 0:  64%|██████▍   | 1240/1935 [00:01<00:00, 726.03it/s]
Epoch 0:  64%|██████▍   | 1241/1935 [00:01<00:00, 726.09it/s]
Epoch 0:  64%|██████▍   | 1241/1935 [00:01<00:00, 726.02it/s]
Epoch 0:  64%|██████▍   | 1242/1935 [00:01<00:00, 726.10it/s]
Epoch 0:  64%|██████▍   | 1242/1935 [00:01<00:00, 726.03it/s]
Epoch 0:  64%|██████▍   | 1243/1935 [00:01<00:00, 726.09it/s]
Epoch 0:  64%|██████▍   | 1243/1935 [00:01<00:00, 726.03it/s]
Epoch 0:  64%|██████▍   | 1244/1935 [00:01<00:00, 726.11it/s]
Epoch 0:  64%|██████▍   | 1244/1935 [00:01<00:00, 726.04it/s]
Epoch 0:  64%|██████▍   | 1245/1935 [00:01<00:00, 726.10it/s]
Epoch 0:  64%|██████▍   | 1245/1935 [00:01<00:00, 726.03it/s]
Epoch 0:  64%|██████▍   | 1246/1935 [00:01<00:00, 726.11it/s]
Epoch 0:  64%|██████▍   | 1246/1935 [00:01<00:00, 726.04it/s]
Epoch 0:  64%|██████▍   | 1247/1935 [00:01<00:00, 726.13it/s]
Epoch 0:  64%|██████▍   | 1247/1935 [00:01<00:00, 726.06it/s]
Epoch 0:  64%|██████▍   | 1248/1935 [00:01<00:00, 726.13it/s]
Epoch 0:  64%|██████▍   | 1248/1935 [00:01<00:00, 726.06it/s]
Epoch 0:  65%|██████▍   | 1249/1935 [00:01<00:00, 726.14it/s]
Epoch 0:  65%|██████▍   | 1249/1935 [00:01<00:00, 726.06it/s]
Epoch 0:  65%|██████▍   | 1250/1935 [00:01<00:00, 726.12it/s]
Epoch 0:  65%|██████▍   | 1250/1935 [00:01<00:00, 726.05it/s]
Epoch 0:  65%|██████▍   | 1251/1935 [00:01<00:00, 726.12it/s]
Epoch 0:  65%|██████▍   | 1251/1935 [00:01<00:00, 726.05it/s]
Epoch 0:  65%|██████▍   | 1252/1935 [00:01<00:00, 726.13it/s]
Epoch 0:  65%|██████▍   | 1252/1935 [00:01<00:00, 726.06it/s]
Epoch 0:  65%|██████▍   | 1253/1935 [00:01<00:00, 726.14it/s]
Epoch 0:  65%|██████▍   | 1253/1935 [00:01<00:00, 726.07it/s]
Epoch 0:  65%|██████▍   | 1254/1935 [00:01<00:00, 726.15it/s]
Epoch 0:  65%|██████▍   | 1254/1935 [00:01<00:00, 726.08it/s]
Epoch 0:  65%|██████▍   | 1255/1935 [00:01<00:00, 726.16it/s]
Epoch 0:  65%|██████▍   | 1255/1935 [00:01<00:00, 726.09it/s]
Epoch 0:  65%|██████▍   | 1256/1935 [00:01<00:00, 726.18it/s]
Epoch 0:  65%|██████▍   | 1256/1935 [00:01<00:00, 726.10it/s]
Epoch 0:  65%|██████▍   | 1257/1935 [00:01<00:00, 726.18it/s]
Epoch 0:  65%|██████▍   | 1257/1935 [00:01<00:00, 726.10it/s]
Epoch 0:  65%|██████▌   | 1258/1935 [00:01<00:00, 726.16it/s]
Epoch 0:  65%|██████▌   | 1258/1935 [00:01<00:00, 726.09it/s]
Epoch 0:  65%|██████▌   | 1259/1935 [00:01<00:00, 726.18it/s]
Epoch 0:  65%|██████▌   | 1259/1935 [00:01<00:00, 726.10it/s]
Epoch 0:  65%|██████▌   | 1260/1935 [00:01<00:00, 726.19it/s]
Epoch 0:  65%|██████▌   | 1260/1935 [00:01<00:00, 726.12it/s]
Epoch 0:  65%|██████▌   | 1261/1935 [00:01<00:00, 726.19it/s]
Epoch 0:  65%|██████▌   | 1261/1935 [00:01<00:00, 726.12it/s]
Epoch 0:  65%|██████▌   | 1262/1935 [00:01<00:00, 726.20it/s]
Epoch 0:  65%|██████▌   | 1262/1935 [00:01<00:00, 726.13it/s]
Epoch 0:  65%|██████▌   | 1263/1935 [00:01<00:00, 726.20it/s]
Epoch 0:  65%|██████▌   | 1263/1935 [00:01<00:00, 726.13it/s]
Epoch 0:  65%|██████▌   | 1264/1935 [00:01<00:00, 726.19it/s]
Epoch 0:  65%|██████▌   | 1264/1935 [00:01<00:00, 726.12it/s]
Epoch 0:  65%|██████▌   | 1265/1935 [00:01<00:00, 726.19it/s]
Epoch 0:  65%|██████▌   | 1265/1935 [00:01<00:00, 726.12it/s]
Epoch 0:  65%|██████▌   | 1266/1935 [00:01<00:00, 726.18it/s]
Epoch 0:  65%|██████▌   | 1266/1935 [00:01<00:00, 726.11it/s]
Epoch 0:  65%|██████▌   | 1267/1935 [00:01<00:00, 726.20it/s]
Epoch 0:  65%|██████▌   | 1267/1935 [00:01<00:00, 726.12it/s]
Epoch 0:  66%|██████▌   | 1268/1935 [00:01<00:00, 726.21it/s]
Epoch 0:  66%|██████▌   | 1268/1935 [00:01<00:00, 726.14it/s]
Epoch 0:  66%|██████▌   | 1269/1935 [00:01<00:00, 726.21it/s]
Epoch 0:  66%|██████▌   | 1269/1935 [00:01<00:00, 726.14it/s]
Epoch 0:  66%|██████▌   | 1270/1935 [00:01<00:00, 726.21it/s]
Epoch 0:  66%|██████▌   | 1270/1935 [00:01<00:00, 726.14it/s]
Epoch 0:  66%|██████▌   | 1271/1935 [00:01<00:00, 726.22it/s]
Epoch 0:  66%|██████▌   | 1271/1935 [00:01<00:00, 726.15it/s]
Epoch 0:  66%|██████▌   | 1272/1935 [00:01<00:00, 726.22it/s]
Epoch 0:  66%|██████▌   | 1272/1935 [00:01<00:00, 726.15it/s]
Epoch 0:  66%|██████▌   | 1273/1935 [00:01<00:00, 726.22it/s]
Epoch 0:  66%|██████▌   | 1273/1935 [00:01<00:00, 726.15it/s]
Epoch 0:  66%|██████▌   | 1274/1935 [00:01<00:00, 726.22it/s]
Epoch 0:  66%|██████▌   | 1274/1935 [00:01<00:00, 726.15it/s]
Epoch 0:  66%|██████▌   | 1275/1935 [00:01<00:00, 726.23it/s]
Epoch 0:  66%|██████▌   | 1275/1935 [00:01<00:00, 726.16it/s]
Epoch 0:  66%|██████▌   | 1276/1935 [00:01<00:00, 726.24it/s]
Epoch 0:  66%|██████▌   | 1276/1935 [00:01<00:00, 726.17it/s]
Epoch 0:  66%|██████▌   | 1277/1935 [00:01<00:00, 726.23it/s]
Epoch 0:  66%|██████▌   | 1277/1935 [00:01<00:00, 726.16it/s]
Epoch 0:  66%|██████▌   | 1278/1935 [00:01<00:00, 726.25it/s]
Epoch 0:  66%|██████▌   | 1278/1935 [00:01<00:00, 726.17it/s]
Epoch 0:  66%|██████▌   | 1279/1935 [00:01<00:00, 726.24it/s]
Epoch 0:  66%|██████▌   | 1279/1935 [00:01<00:00, 726.18it/s]
Epoch 0:  66%|██████▌   | 1280/1935 [00:01<00:00, 726.25it/s]
Epoch 0:  66%|██████▌   | 1280/1935 [00:01<00:00, 726.18it/s]
Epoch 0:  66%|██████▌   | 1281/1935 [00:01<00:00, 726.26it/s]
Epoch 0:  66%|██████▌   | 1281/1935 [00:01<00:00, 726.18it/s]
Epoch 0:  66%|██████▋   | 1282/1935 [00:01<00:00, 726.25it/s]
Epoch 0:  66%|██████▋   | 1282/1935 [00:01<00:00, 726.18it/s]
Epoch 0:  66%|██████▋   | 1283/1935 [00:01<00:00, 726.23it/s]
Epoch 0:  66%|██████▋   | 1283/1935 [00:01<00:00, 726.17it/s]
Epoch 0:  66%|██████▋   | 1284/1935 [00:01<00:00, 726.26it/s]
Epoch 0:  66%|██████▋   | 1284/1935 [00:01<00:00, 726.19it/s]
Epoch 0:  66%|██████▋   | 1285/1935 [00:01<00:00, 726.26it/s]
Epoch 0:  66%|██████▋   | 1285/1935 [00:01<00:00, 726.19it/s]
Epoch 0:  66%|██████▋   | 1286/1935 [00:01<00:00, 726.26it/s]
Epoch 0:  66%|██████▋   | 1286/1935 [00:01<00:00, 726.19it/s]
Epoch 0:  67%|██████▋   | 1287/1935 [00:01<00:00, 726.28it/s]
Epoch 0:  67%|██████▋   | 1287/1935 [00:01<00:00, 726.20it/s]
Epoch 0:  67%|██████▋   | 1288/1935 [00:01<00:00, 726.28it/s]
Epoch 0:  67%|██████▋   | 1288/1935 [00:01<00:00, 726.21it/s]
Epoch 0:  67%|██████▋   | 1289/1935 [00:01<00:00, 726.27it/s]
Epoch 0:  67%|██████▋   | 1289/1935 [00:01<00:00, 726.20it/s]
Epoch 0:  67%|██████▋   | 1290/1935 [00:01<00:00, 726.27it/s]
Epoch 0:  67%|██████▋   | 1290/1935 [00:01<00:00, 726.20it/s]
Epoch 0:  67%|██████▋   | 1291/1935 [00:01<00:00, 726.28it/s]
Epoch 0:  67%|██████▋   | 1291/1935 [00:01<00:00, 726.20it/s]
Epoch 0:  67%|██████▋   | 1292/1935 [00:01<00:00, 726.28it/s]
Epoch 0:  67%|██████▋   | 1292/1935 [00:01<00:00, 726.21it/s]
Epoch 0:  67%|██████▋   | 1293/1935 [00:01<00:00, 726.28it/s]
Epoch 0:  67%|██████▋   | 1293/1935 [00:01<00:00, 726.21it/s]
Epoch 0:  67%|██████▋   | 1294/1935 [00:01<00:00, 726.23it/s]
Epoch 0:  67%|██████▋   | 1294/1935 [00:01<00:00, 726.16it/s]
Epoch 0:  67%|██████▋   | 1295/1935 [00:01<00:00, 726.24it/s]
Epoch 0:  67%|██████▋   | 1295/1935 [00:01<00:00, 726.17it/s]
Epoch 0:  67%|██████▋   | 1296/1935 [00:01<00:00, 726.24it/s]
Epoch 0:  67%|██████▋   | 1296/1935 [00:01<00:00, 726.17it/s]
Epoch 0:  67%|██████▋   | 1297/1935 [00:01<00:00, 726.25it/s]
Epoch 0:  67%|██████▋   | 1297/1935 [00:01<00:00, 726.18it/s]
Epoch 0:  67%|██████▋   | 1298/1935 [00:01<00:00, 726.24it/s]
Epoch 0:  67%|██████▋   | 1298/1935 [00:01<00:00, 726.17it/s]
Epoch 0:  67%|██████▋   | 1299/1935 [00:01<00:00, 726.24it/s]
Epoch 0:  67%|██████▋   | 1299/1935 [00:01<00:00, 726.17it/s]
Epoch 0:  67%|██████▋   | 1300/1935 [00:01<00:00, 726.25it/s]
Epoch 0:  67%|██████▋   | 1300/1935 [00:01<00:00, 726.18it/s]
Epoch 0:  67%|██████▋   | 1301/1935 [00:01<00:00, 726.25it/s]
Epoch 0:  67%|██████▋   | 1301/1935 [00:01<00:00, 726.18it/s]
Epoch 0:  67%|██████▋   | 1302/1935 [00:01<00:00, 726.25it/s]
Epoch 0:  67%|██████▋   | 1302/1935 [00:01<00:00, 726.18it/s]
Epoch 0:  67%|██████▋   | 1303/1935 [00:01<00:00, 726.25it/s]
Epoch 0:  67%|██████▋   | 1303/1935 [00:01<00:00, 726.19it/s]
Epoch 0:  67%|██████▋   | 1304/1935 [00:01<00:00, 726.25it/s]
Epoch 0:  67%|██████▋   | 1304/1935 [00:01<00:00, 726.18it/s]
Epoch 0:  67%|██████▋   | 1305/1935 [00:01<00:00, 726.25it/s]
Epoch 0:  67%|██████▋   | 1305/1935 [00:01<00:00, 726.17it/s]
Epoch 0:  67%|██████▋   | 1306/1935 [00:01<00:00, 726.23it/s]
Epoch 0:  67%|██████▋   | 1306/1935 [00:01<00:00, 726.16it/s]
Epoch 0:  68%|██████▊   | 1307/1935 [00:01<00:00, 726.23it/s]
Epoch 0:  68%|██████▊   | 1307/1935 [00:01<00:00, 726.16it/s]
Epoch 0:  68%|██████▊   | 1308/1935 [00:01<00:00, 726.25it/s]
Epoch 0:  68%|██████▊   | 1308/1935 [00:01<00:00, 726.18it/s]
Epoch 0:  68%|██████▊   | 1309/1935 [00:01<00:00, 726.25it/s]
Epoch 0:  68%|██████▊   | 1309/1935 [00:01<00:00, 726.18it/s]
Epoch 0:  68%|██████▊   | 1310/1935 [00:01<00:00, 726.24it/s]
Epoch 0:  68%|██████▊   | 1310/1935 [00:01<00:00, 726.17it/s]
Epoch 0:  68%|██████▊   | 1311/1935 [00:01<00:00, 726.25it/s]
Epoch 0:  68%|██████▊   | 1311/1935 [00:01<00:00, 726.18it/s]
Epoch 0:  68%|██████▊   | 1312/1935 [00:01<00:00, 726.24it/s]
Epoch 0:  68%|██████▊   | 1312/1935 [00:01<00:00, 726.17it/s]
Epoch 0:  68%|██████▊   | 1313/1935 [00:01<00:00, 726.24it/s]
Epoch 0:  68%|██████▊   | 1313/1935 [00:01<00:00, 726.17it/s]
Epoch 0:  68%|██████▊   | 1314/1935 [00:01<00:00, 726.23it/s]
Epoch 0:  68%|██████▊   | 1314/1935 [00:01<00:00, 726.16it/s]
Epoch 0:  68%|██████▊   | 1315/1935 [00:01<00:00, 726.23it/s]
Epoch 0:  68%|██████▊   | 1315/1935 [00:01<00:00, 726.16it/s]
Epoch 0:  68%|██████▊   | 1316/1935 [00:01<00:00, 726.23it/s]
Epoch 0:  68%|██████▊   | 1316/1935 [00:01<00:00, 726.16it/s]
Epoch 0:  68%|██████▊   | 1317/1935 [00:01<00:00, 726.23it/s]
Epoch 0:  68%|██████▊   | 1317/1935 [00:01<00:00, 726.16it/s]
Epoch 0:  68%|██████▊   | 1318/1935 [00:01<00:00, 726.22it/s]
Epoch 0:  68%|██████▊   | 1318/1935 [00:01<00:00, 726.15it/s]
Epoch 0:  68%|██████▊   | 1319/1935 [00:01<00:00, 726.23it/s]
Epoch 0:  68%|██████▊   | 1319/1935 [00:01<00:00, 726.17it/s]
Epoch 0:  68%|██████▊   | 1320/1935 [00:01<00:00, 726.24it/s]
Epoch 0:  68%|██████▊   | 1320/1935 [00:01<00:00, 726.17it/s]
Epoch 0:  68%|██████▊   | 1321/1935 [00:01<00:00, 726.24it/s]
Epoch 0:  68%|██████▊   | 1321/1935 [00:01<00:00, 726.17it/s]
Epoch 0:  68%|██████▊   | 1322/1935 [00:01<00:00, 726.24it/s]
Epoch 0:  68%|██████▊   | 1322/1935 [00:01<00:00, 726.17it/s]
Epoch 0:  68%|██████▊   | 1323/1935 [00:01<00:00, 726.24it/s]
Epoch 0:  68%|██████▊   | 1323/1935 [00:01<00:00, 726.17it/s]
Epoch 0:  68%|██████▊   | 1324/1935 [00:01<00:00, 726.25it/s]
Epoch 0:  68%|██████▊   | 1324/1935 [00:01<00:00, 726.18it/s]
Epoch 0:  68%|██████▊   | 1325/1935 [00:01<00:00, 726.25it/s]
Epoch 0:  68%|██████▊   | 1325/1935 [00:01<00:00, 726.18it/s]
Epoch 0:  69%|██████▊   | 1326/1935 [00:01<00:00, 726.26it/s]
Epoch 0:  69%|██████▊   | 1326/1935 [00:01<00:00, 726.19it/s]
Epoch 0:  69%|██████▊   | 1327/1935 [00:01<00:00, 726.25it/s]
Epoch 0:  69%|██████▊   | 1327/1935 [00:01<00:00, 726.19it/s]
Epoch 0:  69%|██████▊   | 1328/1935 [00:01<00:00, 726.26it/s]
Epoch 0:  69%|██████▊   | 1328/1935 [00:01<00:00, 726.19it/s]
Epoch 0:  69%|██████▊   | 1329/1935 [00:01<00:00, 726.26it/s]
Epoch 0:  69%|██████▊   | 1329/1935 [00:01<00:00, 726.19it/s]
Epoch 0:  69%|██████▊   | 1330/1935 [00:01<00:00, 726.25it/s]
Epoch 0:  69%|██████▊   | 1330/1935 [00:01<00:00, 726.18it/s]
Epoch 0:  69%|██████▉   | 1331/1935 [00:01<00:00, 726.24it/s]
Epoch 0:  69%|██████▉   | 1331/1935 [00:01<00:00, 726.17it/s]
Epoch 0:  69%|██████▉   | 1332/1935 [00:01<00:00, 726.25it/s]
Epoch 0:  69%|██████▉   | 1332/1935 [00:01<00:00, 726.18it/s]
Epoch 0:  69%|██████▉   | 1333/1935 [00:01<00:00, 726.23it/s]
Epoch 0:  69%|██████▉   | 1333/1935 [00:01<00:00, 726.16it/s]
Epoch 0:  69%|██████▉   | 1334/1935 [00:01<00:00, 726.23it/s]
Epoch 0:  69%|██████▉   | 1334/1935 [00:01<00:00, 726.17it/s]
Epoch 0:  69%|██████▉   | 1335/1935 [00:01<00:00, 726.25it/s]
Epoch 0:  69%|██████▉   | 1335/1935 [00:01<00:00, 726.18it/s]
Epoch 0:  69%|██████▉   | 1336/1935 [00:01<00:00, 726.25it/s]
Epoch 0:  69%|██████▉   | 1336/1935 [00:01<00:00, 726.18it/s]
Epoch 0:  69%|██████▉   | 1337/1935 [00:01<00:00, 726.25it/s]
Epoch 0:  69%|██████▉   | 1337/1935 [00:01<00:00, 726.18it/s]
Epoch 0:  69%|██████▉   | 1338/1935 [00:01<00:00, 726.23it/s]
Epoch 0:  69%|██████▉   | 1338/1935 [00:01<00:00, 726.17it/s]
Epoch 0:  69%|██████▉   | 1339/1935 [00:01<00:00, 726.24it/s]
Epoch 0:  69%|██████▉   | 1339/1935 [00:01<00:00, 726.17it/s]
Epoch 0:  69%|██████▉   | 1340/1935 [00:01<00:00, 726.25it/s]
Epoch 0:  69%|██████▉   | 1340/1935 [00:01<00:00, 726.18it/s]
Epoch 0:  69%|██████▉   | 1341/1935 [00:01<00:00, 726.25it/s]
Epoch 0:  69%|██████▉   | 1341/1935 [00:01<00:00, 726.18it/s]
Epoch 0:  69%|██████▉   | 1342/1935 [00:01<00:00, 726.25it/s]
Epoch 0:  69%|██████▉   | 1342/1935 [00:01<00:00, 726.18it/s]
Epoch 0:  69%|██████▉   | 1343/1935 [00:01<00:00, 726.24it/s]
Epoch 0:  69%|██████▉   | 1343/1935 [00:01<00:00, 726.18it/s]
Epoch 0:  69%|██████▉   | 1344/1935 [00:01<00:00, 726.24it/s]
Epoch 0:  69%|██████▉   | 1344/1935 [00:01<00:00, 726.17it/s]
Epoch 0:  70%|██████▉   | 1345/1935 [00:01<00:00, 726.24it/s]
Epoch 0:  70%|██████▉   | 1345/1935 [00:01<00:00, 726.17it/s]
Epoch 0:  70%|██████▉   | 1346/1935 [00:01<00:00, 726.23it/s]
Epoch 0:  70%|██████▉   | 1346/1935 [00:01<00:00, 726.17it/s]
Epoch 0:  70%|██████▉   | 1347/1935 [00:01<00:00, 726.23it/s]
Epoch 0:  70%|██████▉   | 1347/1935 [00:01<00:00, 726.16it/s]
Epoch 0:  70%|██████▉   | 1348/1935 [00:01<00:00, 726.23it/s]
Epoch 0:  70%|██████▉   | 1348/1935 [00:01<00:00, 726.16it/s]
Epoch 0:  70%|██████▉   | 1349/1935 [00:01<00:00, 726.23it/s]
Epoch 0:  70%|██████▉   | 1349/1935 [00:01<00:00, 726.16it/s]
Epoch 0:  70%|██████▉   | 1350/1935 [00:01<00:00, 726.23it/s]
Epoch 0:  70%|██████▉   | 1350/1935 [00:01<00:00, 726.16it/s]
Epoch 0:  70%|██████▉   | 1351/1935 [00:01<00:00, 726.22it/s]
Epoch 0:  70%|██████▉   | 1351/1935 [00:01<00:00, 726.16it/s]
Epoch 0:  70%|██████▉   | 1352/1935 [00:01<00:00, 726.23it/s]
Epoch 0:  70%|██████▉   | 1352/1935 [00:01<00:00, 726.16it/s]
Epoch 0:  70%|██████▉   | 1353/1935 [00:01<00:00, 726.23it/s]
Epoch 0:  70%|██████▉   | 1353/1935 [00:01<00:00, 726.16it/s]
Epoch 0:  70%|██████▉   | 1354/1935 [00:01<00:00, 726.17it/s]
Epoch 0:  70%|██████▉   | 1354/1935 [00:01<00:00, 726.10it/s]
Epoch 0:  70%|███████   | 1355/1935 [00:01<00:00, 726.17it/s]
Epoch 0:  70%|███████   | 1355/1935 [00:01<00:00, 726.10it/s]
Epoch 0:  70%|███████   | 1356/1935 [00:01<00:00, 726.18it/s]
Epoch 0:  70%|███████   | 1356/1935 [00:01<00:00, 726.12it/s]
Epoch 0:  70%|███████   | 1357/1935 [00:01<00:00, 726.19it/s]
Epoch 0:  70%|███████   | 1357/1935 [00:01<00:00, 726.12it/s]
Epoch 0:  70%|███████   | 1358/1935 [00:01<00:00, 726.20it/s]
Epoch 0:  70%|███████   | 1358/1935 [00:01<00:00, 726.12it/s]
Epoch 0:  70%|███████   | 1359/1935 [00:01<00:00, 726.21it/s]
Epoch 0:  70%|███████   | 1359/1935 [00:01<00:00, 726.14it/s]
Epoch 0:  70%|███████   | 1360/1935 [00:01<00:00, 726.21it/s]
Epoch 0:  70%|███████   | 1360/1935 [00:01<00:00, 726.15it/s]
Epoch 0:  70%|███████   | 1361/1935 [00:01<00:00, 726.21it/s]
Epoch 0:  70%|███████   | 1361/1935 [00:01<00:00, 726.14it/s]
Epoch 0:  70%|███████   | 1362/1935 [00:01<00:00, 726.21it/s]
Epoch 0:  70%|███████   | 1362/1935 [00:01<00:00, 726.14it/s]
Epoch 0:  70%|███████   | 1363/1935 [00:01<00:00, 726.21it/s]
Epoch 0:  70%|███████   | 1363/1935 [00:01<00:00, 726.15it/s]
Epoch 0:  70%|███████   | 1364/1935 [00:01<00:00, 726.22it/s]
Epoch 0:  70%|███████   | 1364/1935 [00:01<00:00, 726.15it/s]
Epoch 0:  71%|███████   | 1365/1935 [00:01<00:00, 726.21it/s]
Epoch 0:  71%|███████   | 1365/1935 [00:01<00:00, 726.14it/s]
Epoch 0:  71%|███████   | 1366/1935 [00:01<00:00, 726.21it/s]
Epoch 0:  71%|███████   | 1366/1935 [00:01<00:00, 726.15it/s]
Epoch 0:  71%|███████   | 1367/1935 [00:01<00:00, 726.22it/s]
Epoch 0:  71%|███████   | 1367/1935 [00:01<00:00, 726.15it/s]
Epoch 0:  71%|███████   | 1368/1935 [00:01<00:00, 726.22it/s]
Epoch 0:  71%|███████   | 1368/1935 [00:01<00:00, 726.15it/s]
Epoch 0:  71%|███████   | 1369/1935 [00:01<00:00, 726.22it/s]
Epoch 0:  71%|███████   | 1369/1935 [00:01<00:00, 726.15it/s]
Epoch 0:  71%|███████   | 1370/1935 [00:01<00:00, 726.21it/s]
Epoch 0:  71%|███████   | 1370/1935 [00:01<00:00, 726.14it/s]
Epoch 0:  71%|███████   | 1371/1935 [00:01<00:00, 726.21it/s]
Epoch 0:  71%|███████   | 1371/1935 [00:01<00:00, 726.14it/s]
Epoch 0:  71%|███████   | 1372/1935 [00:01<00:00, 726.21it/s]
Epoch 0:  71%|███████   | 1372/1935 [00:01<00:00, 726.15it/s]
Epoch 0:  71%|███████   | 1373/1935 [00:01<00:00, 726.20it/s]
Epoch 0:  71%|███████   | 1373/1935 [00:01<00:00, 726.13it/s]
Epoch 0:  71%|███████   | 1374/1935 [00:01<00:00, 726.21it/s]
Epoch 0:  71%|███████   | 1374/1935 [00:01<00:00, 726.14it/s]
Epoch 0:  71%|███████   | 1375/1935 [00:01<00:00, 726.21it/s]
Epoch 0:  71%|███████   | 1375/1935 [00:01<00:00, 726.15it/s]
Epoch 0:  71%|███████   | 1376/1935 [00:01<00:00, 726.23it/s]
Epoch 0:  71%|███████   | 1376/1935 [00:01<00:00, 726.16it/s]
Epoch 0:  71%|███████   | 1377/1935 [00:01<00:00, 726.23it/s]
Epoch 0:  71%|███████   | 1377/1935 [00:01<00:00, 726.16it/s]
Epoch 0:  71%|███████   | 1378/1935 [00:01<00:00, 726.22it/s]
Epoch 0:  71%|███████   | 1378/1935 [00:01<00:00, 726.16it/s]
Epoch 0:  71%|███████▏  | 1379/1935 [00:01<00:00, 726.22it/s]
Epoch 0:  71%|███████▏  | 1379/1935 [00:01<00:00, 726.15it/s]
Epoch 0:  71%|███████▏  | 1380/1935 [00:01<00:00, 726.21it/s]
Epoch 0:  71%|███████▏  | 1380/1935 [00:01<00:00, 726.15it/s]
Epoch 0:  71%|███████▏  | 1381/1935 [00:01<00:00, 726.21it/s]
Epoch 0:  71%|███████▏  | 1381/1935 [00:01<00:00, 726.15it/s]
Epoch 0:  71%|███████▏  | 1382/1935 [00:01<00:00, 726.21it/s]
Epoch 0:  71%|███████▏  | 1382/1935 [00:01<00:00, 726.14it/s]
Epoch 0:  71%|███████▏  | 1383/1935 [00:01<00:00, 726.21it/s]
Epoch 0:  71%|███████▏  | 1383/1935 [00:01<00:00, 726.15it/s]
Epoch 0:  72%|███████▏  | 1384/1935 [00:01<00:00, 726.21it/s]
Epoch 0:  72%|███████▏  | 1384/1935 [00:01<00:00, 726.15it/s]
Epoch 0:  72%|███████▏  | 1385/1935 [00:01<00:00, 726.21it/s]
Epoch 0:  72%|███████▏  | 1385/1935 [00:01<00:00, 726.14it/s]
Epoch 0:  72%|███████▏  | 1386/1935 [00:01<00:00, 726.21it/s]
Epoch 0:  72%|███████▏  | 1386/1935 [00:01<00:00, 726.14it/s]
Epoch 0:  72%|███████▏  | 1387/1935 [00:01<00:00, 726.21it/s]
Epoch 0:  72%|███████▏  | 1387/1935 [00:01<00:00, 726.14it/s]
Epoch 0:  72%|███████▏  | 1388/1935 [00:01<00:00, 726.22it/s]
Epoch 0:  72%|███████▏  | 1388/1935 [00:01<00:00, 726.16it/s]
Epoch 0:  72%|███████▏  | 1389/1935 [00:01<00:00, 726.23it/s]
Epoch 0:  72%|███████▏  | 1389/1935 [00:01<00:00, 726.16it/s]
Epoch 0:  72%|███████▏  | 1390/1935 [00:01<00:00, 726.24it/s]
Epoch 0:  72%|███████▏  | 1390/1935 [00:01<00:00, 726.17it/s]
Epoch 0:  72%|███████▏  | 1391/1935 [00:01<00:00, 726.23it/s]
Epoch 0:  72%|███████▏  | 1391/1935 [00:01<00:00, 726.18it/s]
Epoch 0:  72%|███████▏  | 1392/1935 [00:01<00:00, 726.25it/s]
Epoch 0:  72%|███████▏  | 1392/1935 [00:01<00:00, 726.18it/s]
Epoch 0:  72%|███████▏  | 1393/1935 [00:01<00:00, 726.25it/s]
Epoch 0:  72%|███████▏  | 1393/1935 [00:01<00:00, 726.18it/s]
Epoch 0:  72%|███████▏  | 1394/1935 [00:01<00:00, 726.24it/s]
Epoch 0:  72%|███████▏  | 1394/1935 [00:01<00:00, 726.18it/s]
Epoch 0:  72%|███████▏  | 1395/1935 [00:01<00:00, 726.24it/s]
Epoch 0:  72%|███████▏  | 1395/1935 [00:01<00:00, 726.17it/s]
Epoch 0:  72%|███████▏  | 1396/1935 [00:01<00:00, 726.24it/s]
Epoch 0:  72%|███████▏  | 1396/1935 [00:01<00:00, 726.18it/s]
Epoch 0:  72%|███████▏  | 1397/1935 [00:01<00:00, 726.24it/s]
Epoch 0:  72%|███████▏  | 1397/1935 [00:01<00:00, 726.17it/s]
Epoch 0:  72%|███████▏  | 1398/1935 [00:01<00:00, 726.23it/s]
Epoch 0:  72%|███████▏  | 1398/1935 [00:01<00:00, 726.17it/s]
Epoch 0:  72%|███████▏  | 1399/1935 [00:01<00:00, 726.23it/s]
Epoch 0:  72%|███████▏  | 1399/1935 [00:01<00:00, 726.17it/s]
Epoch 0:  72%|███████▏  | 1400/1935 [00:01<00:00, 726.24it/s]
Epoch 0:  72%|███████▏  | 1400/1935 [00:01<00:00, 726.18it/s]
Epoch 0:  72%|███████▏  | 1401/1935 [00:01<00:00, 726.23it/s]
Epoch 0:  72%|███████▏  | 1401/1935 [00:01<00:00, 726.16it/s]
Epoch 0:  72%|███████▏  | 1402/1935 [00:01<00:00, 726.22it/s]
Epoch 0:  72%|███████▏  | 1402/1935 [00:01<00:00, 726.16it/s]
Epoch 0:  73%|███████▎  | 1403/1935 [00:01<00:00, 726.22it/s]
Epoch 0:  73%|███████▎  | 1403/1935 [00:01<00:00, 726.16it/s]
Epoch 0:  73%|███████▎  | 1404/1935 [00:01<00:00, 726.22it/s]
Epoch 0:  73%|███████▎  | 1404/1935 [00:01<00:00, 726.15it/s]
Epoch 0:  73%|███████▎  | 1405/1935 [00:01<00:00, 726.22it/s]
Epoch 0:  73%|███████▎  | 1405/1935 [00:01<00:00, 726.15it/s]
Epoch 0:  73%|███████▎  | 1406/1935 [00:01<00:00, 726.23it/s]
Epoch 0:  73%|███████▎  | 1406/1935 [00:01<00:00, 726.16it/s]
Epoch 0:  73%|███████▎  | 1407/1935 [00:01<00:00, 726.24it/s]
Epoch 0:  73%|███████▎  | 1407/1935 [00:01<00:00, 726.17it/s]
Epoch 0:  73%|███████▎  | 1408/1935 [00:01<00:00, 726.24it/s]
Epoch 0:  73%|███████▎  | 1408/1935 [00:01<00:00, 726.17it/s]
Epoch 0:  73%|███████▎  | 1409/1935 [00:01<00:00, 726.24it/s]
Epoch 0:  73%|███████▎  | 1409/1935 [00:01<00:00, 726.18it/s]
Epoch 0:  73%|███████▎  | 1410/1935 [00:01<00:00, 726.24it/s]
Epoch 0:  73%|███████▎  | 1410/1935 [00:01<00:00, 726.17it/s]
Epoch 0:  73%|███████▎  | 1411/1935 [00:01<00:00, 726.23it/s]
Epoch 0:  73%|███████▎  | 1411/1935 [00:01<00:00, 726.16it/s]
Epoch 0:  73%|███████▎  | 1412/1935 [00:01<00:00, 726.22it/s]
Epoch 0:  73%|███████▎  | 1412/1935 [00:01<00:00, 726.16it/s]
Epoch 0:  73%|███████▎  | 1413/1935 [00:01<00:00, 726.23it/s]
Epoch 0:  73%|███████▎  | 1413/1935 [00:01<00:00, 726.16it/s]
Epoch 0:  73%|███████▎  | 1414/1935 [00:01<00:00, 726.18it/s]
Epoch 0:  73%|███████▎  | 1414/1935 [00:01<00:00, 726.12it/s]
Epoch 0:  73%|███████▎  | 1415/1935 [00:01<00:00, 726.18it/s]
Epoch 0:  73%|███████▎  | 1415/1935 [00:01<00:00, 726.12it/s]
Epoch 0:  73%|███████▎  | 1416/1935 [00:01<00:00, 726.19it/s]
Epoch 0:  73%|███████▎  | 1416/1935 [00:01<00:00, 726.13it/s]
Epoch 0:  73%|███████▎  | 1417/1935 [00:01<00:00, 726.19it/s]
Epoch 0:  73%|███████▎  | 1417/1935 [00:01<00:00, 726.13it/s]
Epoch 0:  73%|███████▎  | 1418/1935 [00:01<00:00, 726.19it/s]
Epoch 0:  73%|███████▎  | 1418/1935 [00:01<00:00, 726.12it/s]
Epoch 0:  73%|███████▎  | 1419/1935 [00:01<00:00, 726.19it/s]
Epoch 0:  73%|███████▎  | 1419/1935 [00:01<00:00, 726.12it/s]
Epoch 0:  73%|███████▎  | 1420/1935 [00:01<00:00, 726.20it/s]
Epoch 0:  73%|███████▎  | 1420/1935 [00:01<00:00, 726.14it/s]
Epoch 0:  73%|███████▎  | 1421/1935 [00:01<00:00, 726.21it/s]
Epoch 0:  73%|███████▎  | 1421/1935 [00:01<00:00, 726.15it/s]
Epoch 0:  73%|███████▎  | 1422/1935 [00:01<00:00, 726.22it/s]
Epoch 0:  73%|███████▎  | 1422/1935 [00:01<00:00, 726.15it/s]
Epoch 0:  74%|███████▎  | 1423/1935 [00:01<00:00, 726.23it/s]
Epoch 0:  74%|███████▎  | 1423/1935 [00:01<00:00, 726.17it/s]
Epoch 0:  74%|███████▎  | 1424/1935 [00:01<00:00, 726.24it/s]
Epoch 0:  74%|███████▎  | 1424/1935 [00:01<00:00, 726.17it/s]
Epoch 0:  74%|███████▎  | 1425/1935 [00:01<00:00, 726.24it/s]
Epoch 0:  74%|███████▎  | 1425/1935 [00:01<00:00, 726.17it/s]
Epoch 0:  74%|███████▎  | 1426/1935 [00:01<00:00, 726.23it/s]
Epoch 0:  74%|███████▎  | 1426/1935 [00:01<00:00, 726.17it/s]
Epoch 0:  74%|███████▎  | 1427/1935 [00:01<00:00, 726.23it/s]
Epoch 0:  74%|███████▎  | 1427/1935 [00:01<00:00, 726.17it/s]
Epoch 0:  74%|███████▍  | 1428/1935 [00:01<00:00, 726.24it/s]
Epoch 0:  74%|███████▍  | 1428/1935 [00:01<00:00, 726.17it/s]
Epoch 0:  74%|███████▍  | 1429/1935 [00:01<00:00, 726.23it/s]
Epoch 0:  74%|███████▍  | 1429/1935 [00:01<00:00, 726.17it/s]
Epoch 0:  74%|███████▍  | 1430/1935 [00:01<00:00, 726.24it/s]
Epoch 0:  74%|███████▍  | 1430/1935 [00:01<00:00, 726.17it/s]
Epoch 0:  74%|███████▍  | 1431/1935 [00:01<00:00, 726.24it/s]
Epoch 0:  74%|███████▍  | 1431/1935 [00:01<00:00, 726.18it/s]
Epoch 0:  74%|███████▍  | 1432/1935 [00:01<00:00, 726.24it/s]
Epoch 0:  74%|███████▍  | 1432/1935 [00:01<00:00, 726.17it/s]
Epoch 0:  74%|███████▍  | 1433/1935 [00:01<00:00, 726.24it/s]
Epoch 0:  74%|███████▍  | 1433/1935 [00:01<00:00, 726.18it/s]
Epoch 0:  74%|███████▍  | 1434/1935 [00:01<00:00, 726.24it/s]
Epoch 0:  74%|███████▍  | 1434/1935 [00:01<00:00, 726.18it/s]
Epoch 0:  74%|███████▍  | 1435/1935 [00:01<00:00, 726.24it/s]
Epoch 0:  74%|███████▍  | 1435/1935 [00:01<00:00, 726.17it/s]
Epoch 0:  74%|███████▍  | 1436/1935 [00:01<00:00, 726.24it/s]
Epoch 0:  74%|███████▍  | 1436/1935 [00:01<00:00, 726.18it/s]
Epoch 0:  74%|███████▍  | 1437/1935 [00:01<00:00, 726.22it/s]
Epoch 0:  74%|███████▍  | 1437/1935 [00:01<00:00, 726.16it/s]
Epoch 0:  74%|███████▍  | 1438/1935 [00:01<00:00, 726.22it/s]
Epoch 0:  74%|███████▍  | 1438/1935 [00:01<00:00, 726.16it/s]
Epoch 0:  74%|███████▍  | 1439/1935 [00:01<00:00, 726.23it/s]
Epoch 0:  74%|███████▍  | 1439/1935 [00:01<00:00, 726.17it/s]
Epoch 0:  74%|███████▍  | 1440/1935 [00:01<00:00, 726.24it/s]
Epoch 0:  74%|███████▍  | 1440/1935 [00:01<00:00, 726.18it/s]
Epoch 0:  74%|███████▍  | 1441/1935 [00:01<00:00, 726.23it/s]
Epoch 0:  74%|███████▍  | 1441/1935 [00:01<00:00, 726.17it/s]
Epoch 0:  75%|███████▍  | 1442/1935 [00:01<00:00, 726.23it/s]
Epoch 0:  75%|███████▍  | 1442/1935 [00:01<00:00, 726.16it/s]
Epoch 0:  75%|███████▍  | 1443/1935 [00:01<00:00, 726.22it/s]
Epoch 0:  75%|███████▍  | 1443/1935 [00:01<00:00, 726.15it/s]
Epoch 0:  75%|███████▍  | 1444/1935 [00:01<00:00, 726.22it/s]
Epoch 0:  75%|███████▍  | 1444/1935 [00:01<00:00, 726.16it/s]
Epoch 0:  75%|███████▍  | 1445/1935 [00:01<00:00, 726.22it/s]
Epoch 0:  75%|███████▍  | 1445/1935 [00:01<00:00, 726.16it/s]
Epoch 0:  75%|███████▍  | 1446/1935 [00:01<00:00, 726.23it/s]
Epoch 0:  75%|███████▍  | 1446/1935 [00:01<00:00, 726.16it/s]
Epoch 0:  75%|███████▍  | 1447/1935 [00:01<00:00, 726.24it/s]
Epoch 0:  75%|███████▍  | 1447/1935 [00:01<00:00, 726.18it/s]
Epoch 0:  75%|███████▍  | 1448/1935 [00:01<00:00, 726.25it/s]
Epoch 0:  75%|███████▍  | 1448/1935 [00:01<00:00, 726.19it/s]
Epoch 0:  75%|███████▍  | 1449/1935 [00:01<00:00, 726.24it/s]
Epoch 0:  75%|███████▍  | 1449/1935 [00:01<00:00, 726.18it/s]
Epoch 0:  75%|███████▍  | 1450/1935 [00:01<00:00, 726.24it/s]
Epoch 0:  75%|███████▍  | 1450/1935 [00:01<00:00, 726.18it/s]
Epoch 0:  75%|███████▍  | 1451/1935 [00:01<00:00, 726.24it/s]
Epoch 0:  75%|███████▍  | 1451/1935 [00:01<00:00, 726.17it/s]
Epoch 0:  75%|███████▌  | 1452/1935 [00:01<00:00, 726.24it/s]
Epoch 0:  75%|███████▌  | 1452/1935 [00:01<00:00, 726.18it/s]
Epoch 0:  75%|███████▌  | 1453/1935 [00:02<00:00, 726.25it/s]
Epoch 0:  75%|███████▌  | 1453/1935 [00:02<00:00, 726.18it/s]
Epoch 0:  75%|███████▌  | 1454/1935 [00:02<00:00, 726.25it/s]
Epoch 0:  75%|███████▌  | 1454/1935 [00:02<00:00, 726.19it/s]
Epoch 0:  75%|███████▌  | 1455/1935 [00:02<00:00, 726.27it/s]
Epoch 0:  75%|███████▌  | 1455/1935 [00:02<00:00, 726.21it/s]
Epoch 0:  75%|███████▌  | 1456/1935 [00:02<00:00, 726.27it/s]
Epoch 0:  75%|███████▌  | 1456/1935 [00:02<00:00, 726.21it/s]
Epoch 0:  75%|███████▌  | 1457/1935 [00:02<00:00, 726.27it/s]
Epoch 0:  75%|███████▌  | 1457/1935 [00:02<00:00, 726.20it/s]
Epoch 0:  75%|███████▌  | 1458/1935 [00:02<00:00, 726.26it/s]
Epoch 0:  75%|███████▌  | 1458/1935 [00:02<00:00, 726.20it/s]
Epoch 0:  75%|███████▌  | 1459/1935 [00:02<00:00, 726.26it/s]
Epoch 0:  75%|███████▌  | 1459/1935 [00:02<00:00, 726.19it/s]
Epoch 0:  75%|███████▌  | 1460/1935 [00:02<00:00, 726.25it/s]
Epoch 0:  75%|███████▌  | 1460/1935 [00:02<00:00, 726.20it/s]
Epoch 0:  76%|███████▌  | 1461/1935 [00:02<00:00, 726.26it/s]
Epoch 0:  76%|███████▌  | 1461/1935 [00:02<00:00, 726.19it/s]
Epoch 0:  76%|███████▌  | 1462/1935 [00:02<00:00, 726.26it/s]
Epoch 0:  76%|███████▌  | 1462/1935 [00:02<00:00, 726.20it/s]
Epoch 0:  76%|███████▌  | 1463/1935 [00:02<00:00, 726.26it/s]
Epoch 0:  76%|███████▌  | 1463/1935 [00:02<00:00, 726.20it/s]
Epoch 0:  76%|███████▌  | 1464/1935 [00:02<00:00, 726.26it/s]
Epoch 0:  76%|███████▌  | 1464/1935 [00:02<00:00, 726.20it/s]
Epoch 0:  76%|███████▌  | 1465/1935 [00:02<00:00, 726.26it/s]
Epoch 0:  76%|███████▌  | 1465/1935 [00:02<00:00, 726.19it/s]
Epoch 0:  76%|███████▌  | 1466/1935 [00:02<00:00, 726.25it/s]
Epoch 0:  76%|███████▌  | 1466/1935 [00:02<00:00, 726.19it/s]
Epoch 0:  76%|███████▌  | 1467/1935 [00:02<00:00, 726.25it/s]
Epoch 0:  76%|███████▌  | 1467/1935 [00:02<00:00, 726.18it/s]
Epoch 0:  76%|███████▌  | 1468/1935 [00:02<00:00, 726.23it/s]
Epoch 0:  76%|███████▌  | 1468/1935 [00:02<00:00, 726.18it/s]
Epoch 0:  76%|███████▌  | 1469/1935 [00:02<00:00, 726.25it/s]
Epoch 0:  76%|███████▌  | 1469/1935 [00:02<00:00, 726.19it/s]
Epoch 0:  76%|███████▌  | 1470/1935 [00:02<00:00, 726.25it/s]
Epoch 0:  76%|███████▌  | 1470/1935 [00:02<00:00, 726.19it/s]
Epoch 0:  76%|███████▌  | 1471/1935 [00:02<00:00, 726.26it/s]
Epoch 0:  76%|███████▌  | 1471/1935 [00:02<00:00, 726.20it/s]
Epoch 0:  76%|███████▌  | 1472/1935 [00:02<00:00, 726.26it/s]
Epoch 0:  76%|███████▌  | 1472/1935 [00:02<00:00, 726.20it/s]
Epoch 0:  76%|███████▌  | 1473/1935 [00:02<00:00, 726.26it/s]
Epoch 0:  76%|███████▌  | 1473/1935 [00:02<00:00, 726.20it/s]
Epoch 0:  76%|███████▌  | 1474/1935 [00:02<00:00, 726.20it/s]
Epoch 0:  76%|███████▌  | 1474/1935 [00:02<00:00, 726.14it/s]
Epoch 0:  76%|███████▌  | 1475/1935 [00:02<00:00, 726.20it/s]
Epoch 0:  76%|███████▌  | 1475/1935 [00:02<00:00, 726.14it/s]
Epoch 0:  76%|███████▋  | 1476/1935 [00:02<00:00, 726.21it/s]
Epoch 0:  76%|███████▋  | 1476/1935 [00:02<00:00, 726.15it/s]
Epoch 0:  76%|███████▋  | 1477/1935 [00:02<00:00, 726.21it/s]
Epoch 0:  76%|███████▋  | 1477/1935 [00:02<00:00, 726.14it/s]
Epoch 0:  76%|███████▋  | 1478/1935 [00:02<00:00, 726.21it/s]
Epoch 0:  76%|███████▋  | 1478/1935 [00:02<00:00, 726.15it/s]
Epoch 0:  76%|███████▋  | 1479/1935 [00:02<00:00, 726.22it/s]
Epoch 0:  76%|███████▋  | 1479/1935 [00:02<00:00, 726.16it/s]
Epoch 0:  76%|███████▋  | 1480/1935 [00:02<00:00, 726.22it/s]
Epoch 0:  76%|███████▋  | 1480/1935 [00:02<00:00, 726.15it/s]
Epoch 0:  77%|███████▋  | 1481/1935 [00:02<00:00, 726.20it/s]
Epoch 0:  77%|███████▋  | 1481/1935 [00:02<00:00, 726.15it/s]
Epoch 0:  77%|███████▋  | 1482/1935 [00:02<00:00, 726.21it/s]
Epoch 0:  77%|███████▋  | 1482/1935 [00:02<00:00, 726.15it/s]
Epoch 0:  77%|███████▋  | 1483/1935 [00:02<00:00, 726.20it/s]
Epoch 0:  77%|███████▋  | 1483/1935 [00:02<00:00, 726.14it/s]
Epoch 0:  77%|███████▋  | 1484/1935 [00:02<00:00, 726.21it/s]
Epoch 0:  77%|███████▋  | 1484/1935 [00:02<00:00, 726.15it/s]
Epoch 0:  77%|███████▋  | 1485/1935 [00:02<00:00, 726.22it/s]
Epoch 0:  77%|███████▋  | 1485/1935 [00:02<00:00, 726.16it/s]
Epoch 0:  77%|███████▋  | 1486/1935 [00:02<00:00, 726.22it/s]
Epoch 0:  77%|███████▋  | 1486/1935 [00:02<00:00, 726.16it/s]
Epoch 0:  77%|███████▋  | 1487/1935 [00:02<00:00, 726.24it/s]
Epoch 0:  77%|███████▋  | 1487/1935 [00:02<00:00, 726.19it/s]
Epoch 0:  77%|███████▋  | 1488/1935 [00:02<00:00, 726.24it/s]
Epoch 0:  77%|███████▋  | 1488/1935 [00:02<00:00, 726.18it/s]
Epoch 0:  77%|███████▋  | 1489/1935 [00:02<00:00, 726.23it/s]
Epoch 0:  77%|███████▋  | 1489/1935 [00:02<00:00, 726.17it/s]
Epoch 0:  77%|███████▋  | 1490/1935 [00:02<00:00, 726.23it/s]
Epoch 0:  77%|███████▋  | 1490/1935 [00:02<00:00, 726.17it/s]
Epoch 0:  77%|███████▋  | 1491/1935 [00:02<00:00, 726.22it/s]
Epoch 0:  77%|███████▋  | 1491/1935 [00:02<00:00, 726.16it/s]
Epoch 0:  77%|███████▋  | 1492/1935 [00:02<00:00, 726.23it/s]
Epoch 0:  77%|███████▋  | 1492/1935 [00:02<00:00, 726.17it/s]
Epoch 0:  77%|███████▋  | 1493/1935 [00:02<00:00, 726.23it/s]
Epoch 0:  77%|███████▋  | 1493/1935 [00:02<00:00, 726.17it/s]
Epoch 0:  77%|███████▋  | 1494/1935 [00:02<00:00, 726.23it/s]
Epoch 0:  77%|███████▋  | 1494/1935 [00:02<00:00, 726.17it/s]
Epoch 0:  77%|███████▋  | 1495/1935 [00:02<00:00, 726.23it/s]
Epoch 0:  77%|███████▋  | 1495/1935 [00:02<00:00, 726.17it/s]
Epoch 0:  77%|███████▋  | 1496/1935 [00:02<00:00, 726.24it/s]
Epoch 0:  77%|███████▋  | 1496/1935 [00:02<00:00, 726.17it/s]
Epoch 0:  77%|███████▋  | 1497/1935 [00:02<00:00, 726.24it/s]
Epoch 0:  77%|███████▋  | 1497/1935 [00:02<00:00, 726.18it/s]
Epoch 0:  77%|███████▋  | 1498/1935 [00:02<00:00, 726.24it/s]
Epoch 0:  77%|███████▋  | 1498/1935 [00:02<00:00, 726.18it/s]
Epoch 0:  77%|███████▋  | 1499/1935 [00:02<00:00, 726.24it/s]
Epoch 0:  77%|███████▋  | 1499/1935 [00:02<00:00, 726.18it/s]
Epoch 0:  78%|███████▊  | 1500/1935 [00:02<00:00, 726.25it/s]
Epoch 0:  78%|███████▊  | 1500/1935 [00:02<00:00, 726.19it/s]
Epoch 0:  78%|███████▊  | 1501/1935 [00:02<00:00, 726.25it/s]
Epoch 0:  78%|███████▊  | 1501/1935 [00:02<00:00, 726.19it/s]
Epoch 0:  78%|███████▊  | 1502/1935 [00:02<00:00, 726.26it/s]
Epoch 0:  78%|███████▊  | 1502/1935 [00:02<00:00, 726.20it/s]
Epoch 0:  78%|███████▊  | 1503/1935 [00:02<00:00, 726.26it/s]
Epoch 0:  78%|███████▊  | 1503/1935 [00:02<00:00, 726.21it/s]
Epoch 0:  78%|███████▊  | 1504/1935 [00:02<00:00, 726.26it/s]
Epoch 0:  78%|███████▊  | 1504/1935 [00:02<00:00, 726.20it/s]
Epoch 0:  78%|███████▊  | 1505/1935 [00:02<00:00, 726.26it/s]
Epoch 0:  78%|███████▊  | 1505/1935 [00:02<00:00, 726.20it/s]
Epoch 0:  78%|███████▊  | 1506/1935 [00:02<00:00, 726.26it/s]
Epoch 0:  78%|███████▊  | 1506/1935 [00:02<00:00, 726.20it/s]
Epoch 0:  78%|███████▊  | 1507/1935 [00:02<00:00, 726.26it/s]
Epoch 0:  78%|███████▊  | 1507/1935 [00:02<00:00, 726.20it/s]
Epoch 0:  78%|███████▊  | 1508/1935 [00:02<00:00, 726.26it/s]
Epoch 0:  78%|███████▊  | 1508/1935 [00:02<00:00, 726.20it/s]
Epoch 0:  78%|███████▊  | 1509/1935 [00:02<00:00, 726.26it/s]
Epoch 0:  78%|███████▊  | 1509/1935 [00:02<00:00, 726.20it/s]
Epoch 0:  78%|███████▊  | 1510/1935 [00:02<00:00, 726.26it/s]
Epoch 0:  78%|███████▊  | 1510/1935 [00:02<00:00, 726.20it/s]
Epoch 0:  78%|███████▊  | 1511/1935 [00:02<00:00, 726.26it/s]
Epoch 0:  78%|███████▊  | 1511/1935 [00:02<00:00, 726.20it/s]
Epoch 0:  78%|███████▊  | 1512/1935 [00:02<00:00, 726.26it/s]
Epoch 0:  78%|███████▊  | 1512/1935 [00:02<00:00, 726.20it/s]
Epoch 0:  78%|███████▊  | 1513/1935 [00:02<00:00, 726.27it/s]
Epoch 0:  78%|███████▊  | 1513/1935 [00:02<00:00, 726.20it/s]
Epoch 0:  78%|███████▊  | 1514/1935 [00:02<00:00, 726.26it/s]
Epoch 0:  78%|███████▊  | 1514/1935 [00:02<00:00, 726.20it/s]
Epoch 0:  78%|███████▊  | 1515/1935 [00:02<00:00, 726.26it/s]
Epoch 0:  78%|███████▊  | 1515/1935 [00:02<00:00, 726.20it/s]
Epoch 0:  78%|███████▊  | 1516/1935 [00:02<00:00, 726.26it/s]
Epoch 0:  78%|███████▊  | 1516/1935 [00:02<00:00, 726.20it/s]
Epoch 0:  78%|███████▊  | 1517/1935 [00:02<00:00, 726.26it/s]
Epoch 0:  78%|███████▊  | 1517/1935 [00:02<00:00, 726.21it/s]
Epoch 0:  78%|███████▊  | 1518/1935 [00:02<00:00, 726.26it/s]
Epoch 0:  78%|███████▊  | 1518/1935 [00:02<00:00, 726.20it/s]
Epoch 0:  79%|███████▊  | 1519/1935 [00:02<00:00, 726.27it/s]
Epoch 0:  79%|███████▊  | 1519/1935 [00:02<00:00, 726.22it/s]
Epoch 0:  79%|███████▊  | 1520/1935 [00:02<00:00, 726.28it/s]
Epoch 0:  79%|███████▊  | 1520/1935 [00:02<00:00, 726.22it/s]
Epoch 0:  79%|███████▊  | 1521/1935 [00:02<00:00, 726.28it/s]
Epoch 0:  79%|███████▊  | 1521/1935 [00:02<00:00, 726.22it/s]
Epoch 0:  79%|███████▊  | 1522/1935 [00:02<00:00, 726.28it/s]
Epoch 0:  79%|███████▊  | 1522/1935 [00:02<00:00, 726.22it/s]
Epoch 0:  79%|███████▊  | 1523/1935 [00:02<00:00, 726.28it/s]
Epoch 0:  79%|███████▊  | 1523/1935 [00:02<00:00, 726.22it/s]
Epoch 0:  79%|███████▉  | 1524/1935 [00:02<00:00, 726.28it/s]
Epoch 0:  79%|███████▉  | 1524/1935 [00:02<00:00, 726.23it/s]
Epoch 0:  79%|███████▉  | 1525/1935 [00:02<00:00, 726.29it/s]
Epoch 0:  79%|███████▉  | 1525/1935 [00:02<00:00, 726.23it/s]
Epoch 0:  79%|███████▉  | 1526/1935 [00:02<00:00, 726.27it/s]
Epoch 0:  79%|███████▉  | 1526/1935 [00:02<00:00, 726.22it/s]
Epoch 0:  79%|███████▉  | 1527/1935 [00:02<00:00, 726.28it/s]
Epoch 0:  79%|███████▉  | 1527/1935 [00:02<00:00, 726.23it/s]
Epoch 0:  79%|███████▉  | 1528/1935 [00:02<00:00, 726.29it/s]
Epoch 0:  79%|███████▉  | 1528/1935 [00:02<00:00, 726.23it/s]
Epoch 0:  79%|███████▉  | 1529/1935 [00:02<00:00, 726.29it/s]
Epoch 0:  79%|███████▉  | 1529/1935 [00:02<00:00, 726.23it/s]
Epoch 0:  79%|███████▉  | 1530/1935 [00:02<00:00, 726.29it/s]
Epoch 0:  79%|███████▉  | 1530/1935 [00:02<00:00, 726.23it/s]
Epoch 0:  79%|███████▉  | 1531/1935 [00:02<00:00, 726.29it/s]
Epoch 0:  79%|███████▉  | 1531/1935 [00:02<00:00, 726.23it/s]
Epoch 0:  79%|███████▉  | 1532/1935 [00:02<00:00, 726.30it/s]
Epoch 0:  79%|███████▉  | 1532/1935 [00:02<00:00, 726.24it/s]
Epoch 0:  79%|███████▉  | 1533/1935 [00:02<00:00, 726.29it/s]
Epoch 0:  79%|███████▉  | 1533/1935 [00:02<00:00, 726.23it/s]
Epoch 0:  79%|███████▉  | 1534/1935 [00:02<00:00, 726.25it/s]
Epoch 0:  79%|███████▉  | 1534/1935 [00:02<00:00, 726.19it/s]
Epoch 0:  79%|███████▉  | 1535/1935 [00:02<00:00, 726.24it/s]
Epoch 0:  79%|███████▉  | 1535/1935 [00:02<00:00, 726.19it/s]
Epoch 0:  79%|███████▉  | 1536/1935 [00:02<00:00, 726.24it/s]
Epoch 0:  79%|███████▉  | 1536/1935 [00:02<00:00, 726.18it/s]
Epoch 0:  79%|███████▉  | 1537/1935 [00:02<00:00, 726.24it/s]
Epoch 0:  79%|███████▉  | 1537/1935 [00:02<00:00, 726.18it/s]
Epoch 0:  79%|███████▉  | 1538/1935 [00:02<00:00, 726.23it/s]
Epoch 0:  79%|███████▉  | 1538/1935 [00:02<00:00, 726.18it/s]
Epoch 0:  80%|███████▉  | 1539/1935 [00:02<00:00, 726.23it/s]
Epoch 0:  80%|███████▉  | 1539/1935 [00:02<00:00, 726.17it/s]
Epoch 0:  80%|███████▉  | 1540/1935 [00:02<00:00, 726.24it/s]
Epoch 0:  80%|███████▉  | 1540/1935 [00:02<00:00, 726.18it/s]
Epoch 0:  80%|███████▉  | 1541/1935 [00:02<00:00, 726.24it/s]
Epoch 0:  80%|███████▉  | 1541/1935 [00:02<00:00, 726.18it/s]
Epoch 0:  80%|███████▉  | 1542/1935 [00:02<00:00, 726.23it/s]
Epoch 0:  80%|███████▉  | 1542/1935 [00:02<00:00, 726.17it/s]
Epoch 0:  80%|███████▉  | 1543/1935 [00:02<00:00, 726.24it/s]
Epoch 0:  80%|███████▉  | 1543/1935 [00:02<00:00, 726.18it/s]
Epoch 0:  80%|███████▉  | 1544/1935 [00:02<00:00, 726.24it/s]
Epoch 0:  80%|███████▉  | 1544/1935 [00:02<00:00, 726.18it/s]
Epoch 0:  80%|███████▉  | 1545/1935 [00:02<00:00, 726.24it/s]
Epoch 0:  80%|███████▉  | 1545/1935 [00:02<00:00, 726.17it/s]
Epoch 0:  80%|███████▉  | 1546/1935 [00:02<00:00, 726.23it/s]
Epoch 0:  80%|███████▉  | 1546/1935 [00:02<00:00, 726.17it/s]
Epoch 0:  80%|███████▉  | 1547/1935 [00:02<00:00, 726.23it/s]
Epoch 0:  80%|███████▉  | 1547/1935 [00:02<00:00, 726.17it/s]
Epoch 0:  80%|████████  | 1548/1935 [00:02<00:00, 726.24it/s]
Epoch 0:  80%|████████  | 1548/1935 [00:02<00:00, 726.18it/s]
Epoch 0:  80%|████████  | 1549/1935 [00:02<00:00, 726.24it/s]
Epoch 0:  80%|████████  | 1549/1935 [00:02<00:00, 726.18it/s]
Epoch 0:  80%|████████  | 1550/1935 [00:02<00:00, 726.24it/s]
Epoch 0:  80%|████████  | 1550/1935 [00:02<00:00, 726.18it/s]
Epoch 0:  80%|████████  | 1551/1935 [00:02<00:00, 726.24it/s]
Epoch 0:  80%|████████  | 1551/1935 [00:02<00:00, 726.18it/s]
Epoch 0:  80%|████████  | 1552/1935 [00:02<00:00, 726.25it/s]
Epoch 0:  80%|████████  | 1552/1935 [00:02<00:00, 726.18it/s]
Epoch 0:  80%|████████  | 1553/1935 [00:02<00:00, 726.25it/s]
Epoch 0:  80%|████████  | 1553/1935 [00:02<00:00, 726.19it/s]
Epoch 0:  80%|████████  | 1554/1935 [00:02<00:00, 726.24it/s]
Epoch 0:  80%|████████  | 1554/1935 [00:02<00:00, 726.18it/s]
Epoch 0:  80%|████████  | 1555/1935 [00:02<00:00, 726.24it/s]
Epoch 0:  80%|████████  | 1555/1935 [00:02<00:00, 726.18it/s]
Epoch 0:  80%|████████  | 1556/1935 [00:02<00:00, 726.24it/s]
Epoch 0:  80%|████████  | 1556/1935 [00:02<00:00, 726.19it/s]
Epoch 0:  80%|████████  | 1557/1935 [00:02<00:00, 726.25it/s]
Epoch 0:  80%|████████  | 1557/1935 [00:02<00:00, 726.19it/s]
Epoch 0:  81%|████████  | 1558/1935 [00:02<00:00, 726.25it/s]
Epoch 0:  81%|████████  | 1558/1935 [00:02<00:00, 726.19it/s]
Epoch 0:  81%|████████  | 1559/1935 [00:02<00:00, 726.26it/s]
Epoch 0:  81%|████████  | 1559/1935 [00:02<00:00, 726.20it/s]
Epoch 0:  81%|████████  | 1560/1935 [00:02<00:00, 726.26it/s]
Epoch 0:  81%|████████  | 1560/1935 [00:02<00:00, 726.20it/s]
Epoch 0:  81%|████████  | 1561/1935 [00:02<00:00, 726.25it/s]
Epoch 0:  81%|████████  | 1561/1935 [00:02<00:00, 726.19it/s]
Epoch 0:  81%|████████  | 1562/1935 [00:02<00:00, 726.26it/s]
Epoch 0:  81%|████████  | 1562/1935 [00:02<00:00, 726.20it/s]
Epoch 0:  81%|████████  | 1563/1935 [00:02<00:00, 726.25it/s]
Epoch 0:  81%|████████  | 1563/1935 [00:02<00:00, 726.20it/s]
Epoch 0:  81%|████████  | 1564/1935 [00:02<00:00, 726.26it/s]
Epoch 0:  81%|████████  | 1564/1935 [00:02<00:00, 726.20it/s]
Epoch 0:  81%|████████  | 1565/1935 [00:02<00:00, 726.26it/s]
Epoch 0:  81%|████████  | 1565/1935 [00:02<00:00, 726.20it/s]
Epoch 0:  81%|████████  | 1566/1935 [00:02<00:00, 726.26it/s]
Epoch 0:  81%|████████  | 1566/1935 [00:02<00:00, 726.21it/s]
Epoch 0:  81%|████████  | 1567/1935 [00:02<00:00, 726.27it/s]
Epoch 0:  81%|████████  | 1567/1935 [00:02<00:00, 726.22it/s]
Epoch 0:  81%|████████  | 1568/1935 [00:02<00:00, 726.28it/s]
Epoch 0:  81%|████████  | 1568/1935 [00:02<00:00, 726.22it/s]
Epoch 0:  81%|████████  | 1569/1935 [00:02<00:00, 726.26it/s]
Epoch 0:  81%|████████  | 1569/1935 [00:02<00:00, 726.21it/s]
Epoch 0:  81%|████████  | 1570/1935 [00:02<00:00, 726.28it/s]
Epoch 0:  81%|████████  | 1570/1935 [00:02<00:00, 726.22it/s]
Epoch 0:  81%|████████  | 1571/1935 [00:02<00:00, 726.28it/s]
Epoch 0:  81%|████████  | 1571/1935 [00:02<00:00, 726.22it/s]
Epoch 0:  81%|████████  | 1572/1935 [00:02<00:00, 726.29it/s]
Epoch 0:  81%|████████  | 1572/1935 [00:02<00:00, 726.23it/s]
Epoch 0:  81%|████████▏ | 1573/1935 [00:02<00:00, 726.29it/s]
Epoch 0:  81%|████████▏ | 1573/1935 [00:02<00:00, 726.23it/s]
Epoch 0:  81%|████████▏ | 1574/1935 [00:02<00:00, 726.28it/s]
Epoch 0:  81%|████████▏ | 1574/1935 [00:02<00:00, 726.22it/s]
Epoch 0:  81%|████████▏ | 1575/1935 [00:02<00:00, 726.28it/s]
Epoch 0:  81%|████████▏ | 1575/1935 [00:02<00:00, 726.23it/s]
Epoch 0:  81%|████████▏ | 1576/1935 [00:02<00:00, 726.28it/s]
Epoch 0:  81%|████████▏ | 1576/1935 [00:02<00:00, 726.23it/s]
Epoch 0:  81%|████████▏ | 1577/1935 [00:02<00:00, 726.29it/s]
Epoch 0:  81%|████████▏ | 1577/1935 [00:02<00:00, 726.23it/s]
Epoch 0:  82%|████████▏ | 1578/1935 [00:02<00:00, 726.28it/s]
Epoch 0:  82%|████████▏ | 1578/1935 [00:02<00:00, 726.22it/s]
Epoch 0:  82%|████████▏ | 1579/1935 [00:02<00:00, 726.27it/s]
Epoch 0:  82%|████████▏ | 1579/1935 [00:02<00:00, 726.21it/s]
Epoch 0:  82%|████████▏ | 1580/1935 [00:02<00:00, 726.27it/s]
Epoch 0:  82%|████████▏ | 1580/1935 [00:02<00:00, 726.22it/s]
Epoch 0:  82%|████████▏ | 1581/1935 [00:02<00:00, 726.28it/s]
Epoch 0:  82%|████████▏ | 1581/1935 [00:02<00:00, 726.22it/s]
Epoch 0:  82%|████████▏ | 1582/1935 [00:02<00:00, 726.28it/s]
Epoch 0:  82%|████████▏ | 1582/1935 [00:02<00:00, 726.22it/s]
Epoch 0:  82%|████████▏ | 1583/1935 [00:02<00:00, 726.28it/s]
Epoch 0:  82%|████████▏ | 1583/1935 [00:02<00:00, 726.23it/s]
Epoch 0:  82%|████████▏ | 1584/1935 [00:02<00:00, 726.28it/s]
Epoch 0:  82%|████████▏ | 1584/1935 [00:02<00:00, 726.22it/s]
Epoch 0:  82%|████████▏ | 1585/1935 [00:02<00:00, 726.29it/s]
Epoch 0:  82%|████████▏ | 1585/1935 [00:02<00:00, 726.23it/s]
Epoch 0:  82%|████████▏ | 1586/1935 [00:02<00:00, 726.28it/s]
Epoch 0:  82%|████████▏ | 1586/1935 [00:02<00:00, 726.23it/s]
Epoch 0:  82%|████████▏ | 1587/1935 [00:02<00:00, 726.28it/s]
Epoch 0:  82%|████████▏ | 1587/1935 [00:02<00:00, 726.22it/s]
Epoch 0:  82%|████████▏ | 1588/1935 [00:02<00:00, 726.29it/s]
Epoch 0:  82%|████████▏ | 1588/1935 [00:02<00:00, 726.24it/s]
Epoch 0:  82%|████████▏ | 1589/1935 [00:02<00:00, 726.29it/s]
Epoch 0:  82%|████████▏ | 1589/1935 [00:02<00:00, 726.23it/s]
Epoch 0:  82%|████████▏ | 1590/1935 [00:02<00:00, 726.28it/s]
Epoch 0:  82%|████████▏ | 1590/1935 [00:02<00:00, 726.22it/s]
Epoch 0:  82%|████████▏ | 1591/1935 [00:02<00:00, 726.29it/s]
Epoch 0:  82%|████████▏ | 1591/1935 [00:02<00:00, 726.23it/s]
Epoch 0:  82%|████████▏ | 1592/1935 [00:02<00:00, 726.29it/s]
Epoch 0:  82%|████████▏ | 1592/1935 [00:02<00:00, 726.23it/s]
Epoch 0:  82%|████████▏ | 1593/1935 [00:02<00:00, 726.29it/s]
Epoch 0:  82%|████████▏ | 1593/1935 [00:02<00:00, 726.23it/s]
Epoch 0:  82%|████████▏ | 1594/1935 [00:02<00:00, 726.23it/s]
Epoch 0:  82%|████████▏ | 1594/1935 [00:02<00:00, 726.18it/s]
Epoch 0:  82%|████████▏ | 1595/1935 [00:02<00:00, 726.23it/s]
Epoch 0:  82%|████████▏ | 1595/1935 [00:02<00:00, 726.17it/s]
Epoch 0:  82%|████████▏ | 1596/1935 [00:02<00:00, 726.24it/s]
Epoch 0:  82%|████████▏ | 1596/1935 [00:02<00:00, 726.18it/s]
Epoch 0:  83%|████████▎ | 1597/1935 [00:02<00:00, 726.23it/s]
Epoch 0:  83%|████████▎ | 1597/1935 [00:02<00:00, 726.18it/s]
Epoch 0:  83%|████████▎ | 1598/1935 [00:02<00:00, 726.23it/s]
Epoch 0:  83%|████████▎ | 1598/1935 [00:02<00:00, 726.18it/s]
Epoch 0:  83%|████████▎ | 1599/1935 [00:02<00:00, 726.25it/s]
Epoch 0:  83%|████████▎ | 1599/1935 [00:02<00:00, 726.19it/s]
Epoch 0:  83%|████████▎ | 1600/1935 [00:02<00:00, 726.25it/s]
Epoch 0:  83%|████████▎ | 1600/1935 [00:02<00:00, 726.19it/s]
Epoch 0:  83%|████████▎ | 1601/1935 [00:02<00:00, 726.25it/s]
Epoch 0:  83%|████████▎ | 1601/1935 [00:02<00:00, 726.19it/s]
Epoch 0:  83%|████████▎ | 1602/1935 [00:02<00:00, 726.26it/s]
Epoch 0:  83%|████████▎ | 1602/1935 [00:02<00:00, 726.20it/s]
Epoch 0:  83%|████████▎ | 1603/1935 [00:02<00:00, 726.25it/s]
Epoch 0:  83%|████████▎ | 1603/1935 [00:02<00:00, 726.19it/s]
Epoch 0:  83%|████████▎ | 1604/1935 [00:02<00:00, 726.25it/s]
Epoch 0:  83%|████████▎ | 1604/1935 [00:02<00:00, 726.20it/s]
Epoch 0:  83%|████████▎ | 1605/1935 [00:02<00:00, 726.25it/s]
Epoch 0:  83%|████████▎ | 1605/1935 [00:02<00:00, 726.20it/s]
Epoch 0:  83%|████████▎ | 1606/1935 [00:02<00:00, 726.26it/s]
Epoch 0:  83%|████████▎ | 1606/1935 [00:02<00:00, 726.21it/s]
Epoch 0:  83%|████████▎ | 1607/1935 [00:02<00:00, 726.27it/s]
Epoch 0:  83%|████████▎ | 1607/1935 [00:02<00:00, 726.22it/s]
Epoch 0:  83%|████████▎ | 1608/1935 [00:02<00:00, 726.27it/s]
Epoch 0:  83%|████████▎ | 1608/1935 [00:02<00:00, 726.21it/s]
Epoch 0:  83%|████████▎ | 1609/1935 [00:02<00:00, 726.27it/s]
Epoch 0:  83%|████████▎ | 1609/1935 [00:02<00:00, 726.21it/s]
Epoch 0:  83%|████████▎ | 1610/1935 [00:02<00:00, 726.28it/s]
Epoch 0:  83%|████████▎ | 1610/1935 [00:02<00:00, 726.22it/s]
Epoch 0:  83%|████████▎ | 1611/1935 [00:02<00:00, 726.28it/s]
Epoch 0:  83%|████████▎ | 1611/1935 [00:02<00:00, 726.22it/s]
Epoch 0:  83%|████████▎ | 1612/1935 [00:02<00:00, 726.29it/s]
Epoch 0:  83%|████████▎ | 1612/1935 [00:02<00:00, 726.23it/s]
Epoch 0:  83%|████████▎ | 1613/1935 [00:02<00:00, 726.29it/s]
Epoch 0:  83%|████████▎ | 1613/1935 [00:02<00:00, 726.24it/s]
Epoch 0:  83%|████████▎ | 1614/1935 [00:02<00:00, 726.30it/s]
Epoch 0:  83%|████████▎ | 1614/1935 [00:02<00:00, 726.24it/s]
Epoch 0:  83%|████████▎ | 1615/1935 [00:02<00:00, 726.31it/s]
Epoch 0:  83%|████████▎ | 1615/1935 [00:02<00:00, 726.26it/s]
Epoch 0:  84%|████████▎ | 1616/1935 [00:02<00:00, 726.33it/s]
Epoch 0:  84%|████████▎ | 1616/1935 [00:02<00:00, 726.27it/s]
Epoch 0:  84%|████████▎ | 1617/1935 [00:02<00:00, 726.33it/s]
Epoch 0:  84%|████████▎ | 1617/1935 [00:02<00:00, 726.27it/s]
Epoch 0:  84%|████████▎ | 1618/1935 [00:02<00:00, 726.33it/s]
Epoch 0:  84%|████████▎ | 1618/1935 [00:02<00:00, 726.28it/s]
Epoch 0:  84%|████████▎ | 1619/1935 [00:02<00:00, 726.33it/s]
Epoch 0:  84%|████████▎ | 1619/1935 [00:02<00:00, 726.27it/s]
Epoch 0:  84%|████████▎ | 1620/1935 [00:02<00:00, 726.33it/s]
Epoch 0:  84%|████████▎ | 1620/1935 [00:02<00:00, 726.27it/s]
Epoch 0:  84%|████████▍ | 1621/1935 [00:02<00:00, 726.33it/s]
Epoch 0:  84%|████████▍ | 1621/1935 [00:02<00:00, 726.27it/s]
Epoch 0:  84%|████████▍ | 1622/1935 [00:02<00:00, 726.32it/s]
Epoch 0:  84%|████████▍ | 1622/1935 [00:02<00:00, 726.26it/s]
Epoch 0:  84%|████████▍ | 1623/1935 [00:02<00:00, 726.33it/s]
Epoch 0:  84%|████████▍ | 1623/1935 [00:02<00:00, 726.28it/s]
Epoch 0:  84%|████████▍ | 1624/1935 [00:02<00:00, 726.34it/s]
Epoch 0:  84%|████████▍ | 1624/1935 [00:02<00:00, 726.28it/s]
Epoch 0:  84%|████████▍ | 1625/1935 [00:02<00:00, 726.33it/s]
Epoch 0:  84%|████████▍ | 1625/1935 [00:02<00:00, 726.28it/s]
Epoch 0:  84%|████████▍ | 1626/1935 [00:02<00:00, 726.33it/s]
Epoch 0:  84%|████████▍ | 1626/1935 [00:02<00:00, 726.28it/s]
Epoch 0:  84%|████████▍ | 1627/1935 [00:02<00:00, 726.33it/s]
Epoch 0:  84%|████████▍ | 1627/1935 [00:02<00:00, 726.27it/s]
Epoch 0:  84%|████████▍ | 1628/1935 [00:02<00:00, 726.32it/s]
Epoch 0:  84%|████████▍ | 1628/1935 [00:02<00:00, 726.28it/s]
Epoch 0:  84%|████████▍ | 1629/1935 [00:02<00:00, 726.33it/s]
Epoch 0:  84%|████████▍ | 1629/1935 [00:02<00:00, 726.28it/s]
Epoch 0:  84%|████████▍ | 1630/1935 [00:02<00:00, 726.33it/s]
Epoch 0:  84%|████████▍ | 1630/1935 [00:02<00:00, 726.28it/s]
Epoch 0:  84%|████████▍ | 1631/1935 [00:02<00:00, 726.34it/s]
Epoch 0:  84%|████████▍ | 1631/1935 [00:02<00:00, 726.29it/s]
Epoch 0:  84%|████████▍ | 1632/1935 [00:02<00:00, 726.35it/s]
Epoch 0:  84%|████████▍ | 1632/1935 [00:02<00:00, 726.29it/s]
Epoch 0:  84%|████████▍ | 1633/1935 [00:02<00:00, 726.35it/s]
Epoch 0:  84%|████████▍ | 1633/1935 [00:02<00:00, 726.29it/s]
Epoch 0:  84%|████████▍ | 1634/1935 [00:02<00:00, 726.34it/s]
Epoch 0:  84%|████████▍ | 1634/1935 [00:02<00:00, 726.29it/s]
Epoch 0:  84%|████████▍ | 1635/1935 [00:02<00:00, 726.34it/s]
Epoch 0:  84%|████████▍ | 1635/1935 [00:02<00:00, 726.28it/s]
Epoch 0:  85%|████████▍ | 1636/1935 [00:02<00:00, 726.33it/s]
Epoch 0:  85%|████████▍ | 1636/1935 [00:02<00:00, 726.28it/s]
Epoch 0:  85%|████████▍ | 1637/1935 [00:02<00:00, 726.34it/s]
Epoch 0:  85%|████████▍ | 1637/1935 [00:02<00:00, 726.28it/s]
Epoch 0:  85%|████████▍ | 1638/1935 [00:02<00:00, 726.33it/s]
Epoch 0:  85%|████████▍ | 1638/1935 [00:02<00:00, 726.28it/s]
Epoch 0:  85%|████████▍ | 1639/1935 [00:02<00:00, 726.35it/s]
Epoch 0:  85%|████████▍ | 1639/1935 [00:02<00:00, 726.29it/s]
Epoch 0:  85%|████████▍ | 1640/1935 [00:02<00:00, 726.34it/s]
Epoch 0:  85%|████████▍ | 1640/1935 [00:02<00:00, 726.28it/s]
Epoch 0:  85%|████████▍ | 1641/1935 [00:02<00:00, 726.33it/s]
Epoch 0:  85%|████████▍ | 1641/1935 [00:02<00:00, 726.28it/s]
Epoch 0:  85%|████████▍ | 1642/1935 [00:02<00:00, 726.33it/s]
Epoch 0:  85%|████████▍ | 1642/1935 [00:02<00:00, 726.28it/s]
Epoch 0:  85%|████████▍ | 1643/1935 [00:02<00:00, 726.33it/s]
Epoch 0:  85%|████████▍ | 1643/1935 [00:02<00:00, 726.27it/s]
Epoch 0:  85%|████████▍ | 1644/1935 [00:02<00:00, 726.34it/s]
Epoch 0:  85%|████████▍ | 1644/1935 [00:02<00:00, 726.28it/s]
Epoch 0:  85%|████████▌ | 1645/1935 [00:02<00:00, 726.34it/s]
Epoch 0:  85%|████████▌ | 1645/1935 [00:02<00:00, 726.28it/s]
Epoch 0:  85%|████████▌ | 1646/1935 [00:02<00:00, 726.33it/s]
Epoch 0:  85%|████████▌ | 1646/1935 [00:02<00:00, 726.28it/s]
Epoch 0:  85%|████████▌ | 1647/1935 [00:02<00:00, 726.34it/s]
Epoch 0:  85%|████████▌ | 1647/1935 [00:02<00:00, 726.29it/s]
Epoch 0:  85%|████████▌ | 1648/1935 [00:02<00:00, 726.35it/s]
Epoch 0:  85%|████████▌ | 1648/1935 [00:02<00:00, 726.29it/s]
Epoch 0:  85%|████████▌ | 1649/1935 [00:02<00:00, 726.34it/s]
Epoch 0:  85%|████████▌ | 1649/1935 [00:02<00:00, 726.28it/s]
Epoch 0:  85%|████████▌ | 1650/1935 [00:02<00:00, 726.34it/s]
Epoch 0:  85%|████████▌ | 1650/1935 [00:02<00:00, 726.28it/s]
Epoch 0:  85%|████████▌ | 1651/1935 [00:02<00:00, 726.33it/s]
Epoch 0:  85%|████████▌ | 1651/1935 [00:02<00:00, 726.27it/s]
Epoch 0:  85%|████████▌ | 1652/1935 [00:02<00:00, 726.33it/s]
Epoch 0:  85%|████████▌ | 1652/1935 [00:02<00:00, 726.28it/s]
Epoch 0:  85%|████████▌ | 1653/1935 [00:02<00:00, 726.34it/s]
Epoch 0:  85%|████████▌ | 1653/1935 [00:02<00:00, 726.28it/s]
Epoch 0:  85%|████████▌ | 1654/1935 [00:02<00:00, 726.29it/s]
Epoch 0:  85%|████████▌ | 1654/1935 [00:02<00:00, 726.24it/s]
Epoch 0:  86%|████████▌ | 1655/1935 [00:02<00:00, 726.30it/s]
Epoch 0:  86%|████████▌ | 1655/1935 [00:02<00:00, 726.25it/s]
Epoch 0:  86%|████████▌ | 1656/1935 [00:02<00:00, 726.30it/s]
Epoch 0:  86%|████████▌ | 1656/1935 [00:02<00:00, 726.24it/s]
Epoch 0:  86%|████████▌ | 1657/1935 [00:02<00:00, 726.30it/s]
Epoch 0:  86%|████████▌ | 1657/1935 [00:02<00:00, 726.24it/s]
Epoch 0:  86%|████████▌ | 1658/1935 [00:02<00:00, 726.30it/s]
Epoch 0:  86%|████████▌ | 1658/1935 [00:02<00:00, 726.24it/s]
Epoch 0:  86%|████████▌ | 1659/1935 [00:02<00:00, 726.29it/s]
Epoch 0:  86%|████████▌ | 1659/1935 [00:02<00:00, 726.24it/s]
Epoch 0:  86%|████████▌ | 1660/1935 [00:02<00:00, 726.31it/s]
Epoch 0:  86%|████████▌ | 1660/1935 [00:02<00:00, 726.25it/s]
Epoch 0:  86%|████████▌ | 1661/1935 [00:02<00:00, 726.31it/s]
Epoch 0:  86%|████████▌ | 1661/1935 [00:02<00:00, 726.25it/s]
Epoch 0:  86%|████████▌ | 1662/1935 [00:02<00:00, 726.31it/s]
Epoch 0:  86%|████████▌ | 1662/1935 [00:02<00:00, 726.26it/s]
Epoch 0:  86%|████████▌ | 1663/1935 [00:02<00:00, 726.33it/s]
Epoch 0:  86%|████████▌ | 1663/1935 [00:02<00:00, 726.27it/s]
Epoch 0:  86%|████████▌ | 1664/1935 [00:02<00:00, 726.33it/s]
Epoch 0:  86%|████████▌ | 1664/1935 [00:02<00:00, 726.27it/s]
Epoch 0:  86%|████████▌ | 1665/1935 [00:02<00:00, 726.31it/s]
Epoch 0:  86%|████████▌ | 1665/1935 [00:02<00:00, 726.27it/s]
Epoch 0:  86%|████████▌ | 1666/1935 [00:02<00:00, 726.33it/s]
Epoch 0:  86%|████████▌ | 1666/1935 [00:02<00:00, 726.27it/s]
Epoch 0:  86%|████████▌ | 1667/1935 [00:02<00:00, 726.32it/s]
Epoch 0:  86%|████████▌ | 1667/1935 [00:02<00:00, 726.27it/s]
Epoch 0:  86%|████████▌ | 1668/1935 [00:02<00:00, 726.33it/s]
Epoch 0:  86%|████████▌ | 1668/1935 [00:02<00:00, 726.28it/s]
Epoch 0:  86%|████████▋ | 1669/1935 [00:02<00:00, 726.34it/s]
Epoch 0:  86%|████████▋ | 1669/1935 [00:02<00:00, 726.28it/s]
Epoch 0:  86%|████████▋ | 1670/1935 [00:02<00:00, 726.33it/s]
Epoch 0:  86%|████████▋ | 1670/1935 [00:02<00:00, 726.28it/s]
Epoch 0:  86%|████████▋ | 1671/1935 [00:02<00:00, 726.34it/s]
Epoch 0:  86%|████████▋ | 1671/1935 [00:02<00:00, 726.29it/s]
Epoch 0:  86%|████████▋ | 1672/1935 [00:02<00:00, 726.35it/s]
Epoch 0:  86%|████████▋ | 1672/1935 [00:02<00:00, 726.30it/s]
Epoch 0:  86%|████████▋ | 1673/1935 [00:02<00:00, 726.35it/s]
Epoch 0:  86%|████████▋ | 1673/1935 [00:02<00:00, 726.29it/s]
Epoch 0:  87%|████████▋ | 1674/1935 [00:02<00:00, 726.34it/s]
Epoch 0:  87%|████████▋ | 1674/1935 [00:02<00:00, 726.29it/s]
Epoch 0:  87%|████████▋ | 1675/1935 [00:02<00:00, 726.35it/s]
Epoch 0:  87%|████████▋ | 1675/1935 [00:02<00:00, 726.29it/s]
Epoch 0:  87%|████████▋ | 1676/1935 [00:02<00:00, 726.35it/s]
Epoch 0:  87%|████████▋ | 1676/1935 [00:02<00:00, 726.30it/s]
Epoch 0:  87%|████████▋ | 1677/1935 [00:02<00:00, 726.35it/s]
Epoch 0:  87%|████████▋ | 1677/1935 [00:02<00:00, 726.30it/s]
Epoch 0:  87%|████████▋ | 1678/1935 [00:02<00:00, 726.36it/s]
Epoch 0:  87%|████████▋ | 1678/1935 [00:02<00:00, 726.31it/s]
Epoch 0:  87%|████████▋ | 1679/1935 [00:02<00:00, 726.37it/s]
Epoch 0:  87%|████████▋ | 1679/1935 [00:02<00:00, 726.32it/s]
Epoch 0:  87%|████████▋ | 1680/1935 [00:02<00:00, 726.38it/s]
Epoch 0:  87%|████████▋ | 1680/1935 [00:02<00:00, 726.33it/s]
Epoch 0:  87%|████████▋ | 1681/1935 [00:02<00:00, 726.38it/s]
Epoch 0:  87%|████████▋ | 1681/1935 [00:02<00:00, 726.33it/s]
Epoch 0:  87%|████████▋ | 1682/1935 [00:02<00:00, 726.38it/s]
Epoch 0:  87%|████████▋ | 1682/1935 [00:02<00:00, 726.32it/s]
Epoch 0:  87%|████████▋ | 1683/1935 [00:02<00:00, 726.38it/s]
Epoch 0:  87%|████████▋ | 1683/1935 [00:02<00:00, 726.32it/s]
Epoch 0:  87%|████████▋ | 1684/1935 [00:02<00:00, 726.38it/s]
Epoch 0:  87%|████████▋ | 1684/1935 [00:02<00:00, 726.33it/s]
Epoch 0:  87%|████████▋ | 1685/1935 [00:02<00:00, 726.39it/s]
Epoch 0:  87%|████████▋ | 1685/1935 [00:02<00:00, 726.33it/s]
Epoch 0:  87%|████████▋ | 1686/1935 [00:02<00:00, 726.38it/s]
Epoch 0:  87%|████████▋ | 1686/1935 [00:02<00:00, 726.33it/s]
Epoch 0:  87%|████████▋ | 1687/1935 [00:02<00:00, 726.39it/s]
Epoch 0:  87%|████████▋ | 1687/1935 [00:02<00:00, 726.34it/s]
Epoch 0:  87%|████████▋ | 1688/1935 [00:02<00:00, 726.40it/s]
Epoch 0:  87%|████████▋ | 1688/1935 [00:02<00:00, 726.35it/s]
Epoch 0:  87%|████████▋ | 1689/1935 [00:02<00:00, 726.39it/s]
Epoch 0:  87%|████████▋ | 1689/1935 [00:02<00:00, 726.34it/s]
Epoch 0:  87%|████████▋ | 1690/1935 [00:02<00:00, 726.39it/s]
Epoch 0:  87%|████████▋ | 1690/1935 [00:02<00:00, 726.34it/s]
Epoch 0:  87%|████████▋ | 1691/1935 [00:02<00:00, 726.39it/s]
Epoch 0:  87%|████████▋ | 1691/1935 [00:02<00:00, 726.34it/s]
Epoch 0:  87%|████████▋ | 1692/1935 [00:02<00:00, 726.40it/s]
Epoch 0:  87%|████████▋ | 1692/1935 [00:02<00:00, 726.35it/s]
Epoch 0:  87%|████████▋ | 1693/1935 [00:02<00:00, 726.40it/s]
Epoch 0:  87%|████████▋ | 1693/1935 [00:02<00:00, 726.34it/s]
Epoch 0:  88%|████████▊ | 1694/1935 [00:02<00:00, 726.40it/s]
Epoch 0:  88%|████████▊ | 1694/1935 [00:02<00:00, 726.34it/s]
Epoch 0:  88%|████████▊ | 1695/1935 [00:02<00:00, 726.40it/s]
Epoch 0:  88%|████████▊ | 1695/1935 [00:02<00:00, 726.36it/s]
Epoch 0:  88%|████████▊ | 1696/1935 [00:02<00:00, 726.41it/s]
Epoch 0:  88%|████████▊ | 1696/1935 [00:02<00:00, 726.36it/s]
Epoch 0:  88%|████████▊ | 1697/1935 [00:02<00:00, 726.41it/s]
Epoch 0:  88%|████████▊ | 1697/1935 [00:02<00:00, 726.35it/s]
Epoch 0:  88%|████████▊ | 1698/1935 [00:02<00:00, 726.41it/s]
Epoch 0:  88%|████████▊ | 1698/1935 [00:02<00:00, 726.35it/s]
Epoch 0:  88%|████████▊ | 1699/1935 [00:02<00:00, 726.41it/s]
Epoch 0:  88%|████████▊ | 1699/1935 [00:02<00:00, 726.36it/s]
Epoch 0:  88%|████████▊ | 1700/1935 [00:02<00:00, 726.40it/s]
Epoch 0:  88%|████████▊ | 1700/1935 [00:02<00:00, 726.35it/s]
Epoch 0:  88%|████████▊ | 1701/1935 [00:02<00:00, 726.40it/s]
Epoch 0:  88%|████████▊ | 1701/1935 [00:02<00:00, 726.35it/s]
Epoch 0:  88%|████████▊ | 1702/1935 [00:02<00:00, 726.40it/s]
Epoch 0:  88%|████████▊ | 1702/1935 [00:02<00:00, 726.34it/s]
Epoch 0:  88%|████████▊ | 1703/1935 [00:02<00:00, 726.40it/s]
Epoch 0:  88%|████████▊ | 1703/1935 [00:02<00:00, 726.35it/s]
Epoch 0:  88%|████████▊ | 1704/1935 [00:02<00:00, 726.41it/s]
Epoch 0:  88%|████████▊ | 1704/1935 [00:02<00:00, 726.36it/s]
Epoch 0:  88%|████████▊ | 1705/1935 [00:02<00:00, 726.40it/s]
Epoch 0:  88%|████████▊ | 1705/1935 [00:02<00:00, 726.35it/s]
Epoch 0:  88%|████████▊ | 1706/1935 [00:02<00:00, 726.40it/s]
Epoch 0:  88%|████████▊ | 1706/1935 [00:02<00:00, 726.35it/s]
Epoch 0:  88%|████████▊ | 1707/1935 [00:02<00:00, 726.41it/s]
Epoch 0:  88%|████████▊ | 1707/1935 [00:02<00:00, 726.35it/s]
Epoch 0:  88%|████████▊ | 1708/1935 [00:02<00:00, 726.41it/s]
Epoch 0:  88%|████████▊ | 1708/1935 [00:02<00:00, 726.36it/s]
Epoch 0:  88%|████████▊ | 1709/1935 [00:02<00:00, 726.41it/s]
Epoch 0:  88%|████████▊ | 1709/1935 [00:02<00:00, 726.36it/s]
Epoch 0:  88%|████████▊ | 1710/1935 [00:02<00:00, 726.42it/s]
Epoch 0:  88%|████████▊ | 1710/1935 [00:02<00:00, 726.36it/s]
Epoch 0:  88%|████████▊ | 1711/1935 [00:02<00:00, 726.43it/s]
Epoch 0:  88%|████████▊ | 1711/1935 [00:02<00:00, 726.38it/s]
Epoch 0:  88%|████████▊ | 1712/1935 [00:02<00:00, 726.43it/s]
Epoch 0:  88%|████████▊ | 1712/1935 [00:02<00:00, 726.37it/s]
Epoch 0:  89%|████████▊ | 1713/1935 [00:02<00:00, 726.43it/s]
Epoch 0:  89%|████████▊ | 1713/1935 [00:02<00:00, 726.37it/s]
Epoch 0:  89%|████████▊ | 1714/1935 [00:02<00:00, 726.38it/s]
Epoch 0:  89%|████████▊ | 1714/1935 [00:02<00:00, 726.33it/s]
Epoch 0:  89%|████████▊ | 1715/1935 [00:02<00:00, 726.38it/s]
Epoch 0:  89%|████████▊ | 1715/1935 [00:02<00:00, 726.32it/s]
Epoch 0:  89%|████████▊ | 1716/1935 [00:02<00:00, 726.38it/s]
Epoch 0:  89%|████████▊ | 1716/1935 [00:02<00:00, 726.33it/s]
Epoch 0:  89%|████████▊ | 1717/1935 [00:02<00:00, 726.38it/s]
Epoch 0:  89%|████████▊ | 1717/1935 [00:02<00:00, 726.33it/s]
Epoch 0:  89%|████████▉ | 1718/1935 [00:02<00:00, 726.38it/s]
Epoch 0:  89%|████████▉ | 1718/1935 [00:02<00:00, 726.33it/s]
Epoch 0:  89%|████████▉ | 1719/1935 [00:02<00:00, 726.39it/s]
Epoch 0:  89%|████████▉ | 1719/1935 [00:02<00:00, 726.34it/s]
Epoch 0:  89%|████████▉ | 1720/1935 [00:02<00:00, 726.39it/s]
Epoch 0:  89%|████████▉ | 1720/1935 [00:02<00:00, 726.33it/s]
Epoch 0:  89%|████████▉ | 1721/1935 [00:02<00:00, 726.39it/s]
Epoch 0:  89%|████████▉ | 1721/1935 [00:02<00:00, 726.33it/s]
Epoch 0:  89%|████████▉ | 1722/1935 [00:02<00:00, 726.38it/s]
Epoch 0:  89%|████████▉ | 1722/1935 [00:02<00:00, 726.33it/s]
Epoch 0:  89%|████████▉ | 1723/1935 [00:02<00:00, 726.38it/s]
Epoch 0:  89%|████████▉ | 1723/1935 [00:02<00:00, 726.32it/s]
Epoch 0:  89%|████████▉ | 1724/1935 [00:02<00:00, 726.38it/s]
Epoch 0:  89%|████████▉ | 1724/1935 [00:02<00:00, 726.33it/s]
Epoch 0:  89%|████████▉ | 1725/1935 [00:02<00:00, 726.38it/s]
Epoch 0:  89%|████████▉ | 1725/1935 [00:02<00:00, 726.33it/s]
Epoch 0:  89%|████████▉ | 1726/1935 [00:02<00:00, 726.38it/s]
Epoch 0:  89%|████████▉ | 1726/1935 [00:02<00:00, 726.33it/s]
Epoch 0:  89%|████████▉ | 1727/1935 [00:02<00:00, 726.39it/s]
Epoch 0:  89%|████████▉ | 1727/1935 [00:02<00:00, 726.34it/s]
Epoch 0:  89%|████████▉ | 1728/1935 [00:02<00:00, 726.39it/s]
Epoch 0:  89%|████████▉ | 1728/1935 [00:02<00:00, 726.34it/s]
Epoch 0:  89%|████████▉ | 1729/1935 [00:02<00:00, 726.40it/s]
Epoch 0:  89%|████████▉ | 1729/1935 [00:02<00:00, 726.35it/s]
Epoch 0:  89%|████████▉ | 1730/1935 [00:02<00:00, 726.40it/s]
Epoch 0:  89%|████████▉ | 1730/1935 [00:02<00:00, 726.35it/s]
Epoch 0:  89%|████████▉ | 1731/1935 [00:02<00:00, 726.40it/s]
Epoch 0:  89%|████████▉ | 1731/1935 [00:02<00:00, 726.34it/s]
Epoch 0:  90%|████████▉ | 1732/1935 [00:02<00:00, 726.40it/s]
Epoch 0:  90%|████████▉ | 1732/1935 [00:02<00:00, 726.35it/s]
Epoch 0:  90%|████████▉ | 1733/1935 [00:02<00:00, 726.39it/s]
Epoch 0:  90%|████████▉ | 1733/1935 [00:02<00:00, 726.34it/s]
Epoch 0:  90%|████████▉ | 1734/1935 [00:02<00:00, 726.39it/s]
Epoch 0:  90%|████████▉ | 1734/1935 [00:02<00:00, 726.34it/s]
Epoch 0:  90%|████████▉ | 1735/1935 [00:02<00:00, 726.40it/s]
Epoch 0:  90%|████████▉ | 1735/1935 [00:02<00:00, 726.35it/s]
Epoch 0:  90%|████████▉ | 1736/1935 [00:02<00:00, 726.39it/s]
Epoch 0:  90%|████████▉ | 1736/1935 [00:02<00:00, 726.34it/s]
Epoch 0:  90%|████████▉ | 1737/1935 [00:02<00:00, 726.40it/s]
Epoch 0:  90%|████████▉ | 1737/1935 [00:02<00:00, 726.34it/s]
Epoch 0:  90%|████████▉ | 1738/1935 [00:02<00:00, 726.40it/s]
Epoch 0:  90%|████████▉ | 1738/1935 [00:02<00:00, 726.34it/s]
Epoch 0:  90%|████████▉ | 1739/1935 [00:02<00:00, 726.39it/s]
Epoch 0:  90%|████████▉ | 1739/1935 [00:02<00:00, 726.34it/s]
Epoch 0:  90%|████████▉ | 1740/1935 [00:02<00:00, 726.40it/s]
Epoch 0:  90%|████████▉ | 1740/1935 [00:02<00:00, 726.35it/s]
Epoch 0:  90%|████████▉ | 1741/1935 [00:02<00:00, 726.41it/s]
Epoch 0:  90%|████████▉ | 1741/1935 [00:02<00:00, 726.35it/s]
Epoch 0:  90%|█████████ | 1742/1935 [00:02<00:00, 726.41it/s]
Epoch 0:  90%|█████████ | 1742/1935 [00:02<00:00, 726.35it/s]
Epoch 0:  90%|█████████ | 1743/1935 [00:02<00:00, 726.42it/s]
Epoch 0:  90%|█████████ | 1743/1935 [00:02<00:00, 726.37it/s]
Epoch 0:  90%|█████████ | 1744/1935 [00:02<00:00, 726.42it/s]
Epoch 0:  90%|█████████ | 1744/1935 [00:02<00:00, 726.37it/s]
Epoch 0:  90%|█████████ | 1745/1935 [00:02<00:00, 726.42it/s]
Epoch 0:  90%|█████████ | 1745/1935 [00:02<00:00, 726.37it/s]
Epoch 0:  90%|█████████ | 1746/1935 [00:02<00:00, 726.43it/s]
Epoch 0:  90%|█████████ | 1746/1935 [00:02<00:00, 726.37it/s]
Epoch 0:  90%|█████████ | 1747/1935 [00:02<00:00, 726.43it/s]
Epoch 0:  90%|█████████ | 1747/1935 [00:02<00:00, 726.37it/s]
Epoch 0:  90%|█████████ | 1748/1935 [00:02<00:00, 726.43it/s]
Epoch 0:  90%|█████████ | 1748/1935 [00:02<00:00, 726.38it/s]
Epoch 0:  90%|█████████ | 1749/1935 [00:02<00:00, 726.44it/s]
Epoch 0:  90%|█████████ | 1749/1935 [00:02<00:00, 726.38it/s]
Epoch 0:  90%|█████████ | 1750/1935 [00:02<00:00, 726.44it/s]
Epoch 0:  90%|█████████ | 1750/1935 [00:02<00:00, 726.38it/s]
Epoch 0:  90%|█████████ | 1751/1935 [00:02<00:00, 726.44it/s]
Epoch 0:  90%|█████████ | 1751/1935 [00:02<00:00, 726.39it/s]
Epoch 0:  91%|█████████ | 1752/1935 [00:02<00:00, 726.44it/s]
Epoch 0:  91%|█████████ | 1752/1935 [00:02<00:00, 726.39it/s]
Epoch 0:  91%|█████████ | 1753/1935 [00:02<00:00, 726.44it/s]
Epoch 0:  91%|█████████ | 1753/1935 [00:02<00:00, 726.39it/s]
Epoch 0:  91%|█████████ | 1754/1935 [00:02<00:00, 726.44it/s]
Epoch 0:  91%|█████████ | 1754/1935 [00:02<00:00, 726.39it/s]
Epoch 0:  91%|█████████ | 1755/1935 [00:02<00:00, 726.45it/s]
Epoch 0:  91%|█████████ | 1755/1935 [00:02<00:00, 726.39it/s]
Epoch 0:  91%|█████████ | 1756/1935 [00:02<00:00, 726.45it/s]
Epoch 0:  91%|█████████ | 1756/1935 [00:02<00:00, 726.40it/s]
Epoch 0:  91%|█████████ | 1757/1935 [00:02<00:00, 726.45it/s]
Epoch 0:  91%|█████████ | 1757/1935 [00:02<00:00, 726.40it/s]
Epoch 0:  91%|█████████ | 1758/1935 [00:02<00:00, 726.45it/s]
Epoch 0:  91%|█████████ | 1758/1935 [00:02<00:00, 726.40it/s]
Epoch 0:  91%|█████████ | 1759/1935 [00:02<00:00, 726.45it/s]
Epoch 0:  91%|█████████ | 1759/1935 [00:02<00:00, 726.40it/s]
Epoch 0:  91%|█████████ | 1760/1935 [00:02<00:00, 726.45it/s]
Epoch 0:  91%|█████████ | 1760/1935 [00:02<00:00, 726.40it/s]
Epoch 0:  91%|█████████ | 1761/1935 [00:02<00:00, 726.46it/s]
Epoch 0:  91%|█████████ | 1761/1935 [00:02<00:00, 726.41it/s]
Epoch 0:  91%|█████████ | 1762/1935 [00:02<00:00, 726.46it/s]
Epoch 0:  91%|█████████ | 1762/1935 [00:02<00:00, 726.41it/s]
Epoch 0:  91%|█████████ | 1763/1935 [00:02<00:00, 726.46it/s]
Epoch 0:  91%|█████████ | 1763/1935 [00:02<00:00, 726.41it/s]
Epoch 0:  91%|█████████ | 1764/1935 [00:02<00:00, 726.47it/s]
Epoch 0:  91%|█████████ | 1764/1935 [00:02<00:00, 726.42it/s]
Epoch 0:  91%|█████████ | 1765/1935 [00:02<00:00, 726.47it/s]
Epoch 0:  91%|█████████ | 1765/1935 [00:02<00:00, 726.42it/s]
Epoch 0:  91%|█████████▏| 1766/1935 [00:02<00:00, 726.48it/s]
Epoch 0:  91%|█████████▏| 1766/1935 [00:02<00:00, 726.42it/s]
Epoch 0:  91%|█████████▏| 1767/1935 [00:02<00:00, 726.48it/s]
Epoch 0:  91%|█████████▏| 1767/1935 [00:02<00:00, 726.44it/s]
Epoch 0:  91%|█████████▏| 1768/1935 [00:02<00:00, 726.49it/s]
Epoch 0:  91%|█████████▏| 1768/1935 [00:02<00:00, 726.44it/s]
Epoch 0:  91%|█████████▏| 1769/1935 [00:02<00:00, 726.50it/s]
Epoch 0:  91%|█████████▏| 1769/1935 [00:02<00:00, 726.44it/s]
Epoch 0:  91%|█████████▏| 1770/1935 [00:02<00:00, 726.48it/s]
Epoch 0:  91%|█████████▏| 1770/1935 [00:02<00:00, 726.44it/s]
Epoch 0:  92%|█████████▏| 1771/1935 [00:02<00:00, 726.49it/s]
Epoch 0:  92%|█████████▏| 1771/1935 [00:02<00:00, 726.44it/s]
Epoch 0:  92%|█████████▏| 1772/1935 [00:02<00:00, 726.50it/s]
Epoch 0:  92%|█████████▏| 1772/1935 [00:02<00:00, 726.45it/s]
Epoch 0:  92%|█████████▏| 1773/1935 [00:02<00:00, 726.50it/s]
Epoch 0:  92%|█████████▏| 1773/1935 [00:02<00:00, 726.45it/s]
Epoch 0:  92%|█████████▏| 1774/1935 [00:02<00:00, 726.46it/s]
Epoch 0:  92%|█████████▏| 1774/1935 [00:02<00:00, 726.41it/s]
Epoch 0:  92%|█████████▏| 1775/1935 [00:02<00:00, 726.47it/s]
Epoch 0:  92%|█████████▏| 1775/1935 [00:02<00:00, 726.42it/s]
Epoch 0:  92%|█████████▏| 1776/1935 [00:02<00:00, 726.47it/s]
Epoch 0:  92%|█████████▏| 1776/1935 [00:02<00:00, 726.42it/s]
Epoch 0:  92%|█████████▏| 1777/1935 [00:02<00:00, 726.48it/s]
Epoch 0:  92%|█████████▏| 1777/1935 [00:02<00:00, 726.42it/s]
Epoch 0:  92%|█████████▏| 1778/1935 [00:02<00:00, 726.48it/s]
Epoch 0:  92%|█████████▏| 1778/1935 [00:02<00:00, 726.43it/s]
Epoch 0:  92%|█████████▏| 1779/1935 [00:02<00:00, 726.49it/s]
Epoch 0:  92%|█████████▏| 1779/1935 [00:02<00:00, 726.44it/s]
Epoch 0:  92%|█████████▏| 1780/1935 [00:02<00:00, 726.49it/s]
Epoch 0:  92%|█████████▏| 1780/1935 [00:02<00:00, 726.44it/s]
Epoch 0:  92%|█████████▏| 1781/1935 [00:02<00:00, 726.50it/s]
Epoch 0:  92%|█████████▏| 1781/1935 [00:02<00:00, 726.45it/s]
Epoch 0:  92%|█████████▏| 1782/1935 [00:02<00:00, 726.50it/s]
Epoch 0:  92%|█████████▏| 1782/1935 [00:02<00:00, 726.45it/s]
Epoch 0:  92%|█████████▏| 1783/1935 [00:02<00:00, 726.50it/s]
Epoch 0:  92%|█████████▏| 1783/1935 [00:02<00:00, 726.45it/s]
Epoch 0:  92%|█████████▏| 1784/1935 [00:02<00:00, 726.50it/s]
Epoch 0:  92%|█████████▏| 1784/1935 [00:02<00:00, 726.45it/s]
Epoch 0:  92%|█████████▏| 1785/1935 [00:02<00:00, 726.51it/s]
Epoch 0:  92%|█████████▏| 1785/1935 [00:02<00:00, 726.45it/s]
Epoch 0:  92%|█████████▏| 1786/1935 [00:02<00:00, 726.49it/s]
Epoch 0:  92%|█████████▏| 1786/1935 [00:02<00:00, 726.45it/s]
Epoch 0:  92%|█████████▏| 1787/1935 [00:02<00:00, 726.50it/s]
Epoch 0:  92%|█████████▏| 1787/1935 [00:02<00:00, 726.45it/s]
Epoch 0:  92%|█████████▏| 1788/1935 [00:02<00:00, 726.52it/s]
Epoch 0:  92%|█████████▏| 1788/1935 [00:02<00:00, 726.46it/s]
Epoch 0:  92%|█████████▏| 1789/1935 [00:02<00:00, 726.51it/s]
Epoch 0:  92%|█████████▏| 1789/1935 [00:02<00:00, 726.46it/s]
Epoch 0:  93%|█████████▎| 1790/1935 [00:02<00:00, 726.51it/s]
Epoch 0:  93%|█████████▎| 1790/1935 [00:02<00:00, 726.46it/s]
Epoch 0:  93%|█████████▎| 1791/1935 [00:02<00:00, 726.52it/s]
Epoch 0:  93%|█████████▎| 1791/1935 [00:02<00:00, 726.47it/s]
Epoch 0:  93%|█████████▎| 1792/1935 [00:02<00:00, 726.53it/s]
Epoch 0:  93%|█████████▎| 1792/1935 [00:02<00:00, 726.48it/s]
Epoch 0:  93%|█████████▎| 1793/1935 [00:02<00:00, 726.52it/s]
Epoch 0:  93%|█████████▎| 1793/1935 [00:02<00:00, 726.47it/s]
Epoch 0:  93%|█████████▎| 1794/1935 [00:02<00:00, 726.52it/s]
Epoch 0:  93%|█████████▎| 1794/1935 [00:02<00:00, 726.47it/s]
Epoch 0:  93%|█████████▎| 1795/1935 [00:02<00:00, 726.52it/s]
Epoch 0:  93%|█████████▎| 1795/1935 [00:02<00:00, 726.47it/s]
Epoch 0:  93%|█████████▎| 1796/1935 [00:02<00:00, 726.53it/s]
Epoch 0:  93%|█████████▎| 1796/1935 [00:02<00:00, 726.48it/s]
Epoch 0:  93%|█████████▎| 1797/1935 [00:02<00:00, 726.53it/s]
Epoch 0:  93%|█████████▎| 1797/1935 [00:02<00:00, 726.48it/s]
Epoch 0:  93%|█████████▎| 1798/1935 [00:02<00:00, 726.53it/s]
Epoch 0:  93%|█████████▎| 1798/1935 [00:02<00:00, 726.48it/s]
Epoch 0:  93%|█████████▎| 1799/1935 [00:02<00:00, 726.53it/s]
Epoch 0:  93%|█████████▎| 1799/1935 [00:02<00:00, 726.48it/s]
Epoch 0:  93%|█████████▎| 1800/1935 [00:02<00:00, 726.53it/s]
Epoch 0:  93%|█████████▎| 1800/1935 [00:02<00:00, 726.48it/s]
Epoch 0:  93%|█████████▎| 1801/1935 [00:02<00:00, 726.53it/s]
Epoch 0:  93%|█████████▎| 1801/1935 [00:02<00:00, 726.48it/s]
Epoch 0:  93%|█████████▎| 1802/1935 [00:02<00:00, 726.54it/s]
Epoch 0:  93%|█████████▎| 1802/1935 [00:02<00:00, 726.48it/s]
Epoch 0:  93%|█████████▎| 1803/1935 [00:02<00:00, 726.54it/s]
Epoch 0:  93%|█████████▎| 1803/1935 [00:02<00:00, 726.49it/s]
Epoch 0:  93%|█████████▎| 1804/1935 [00:02<00:00, 726.55it/s]
Epoch 0:  93%|█████████▎| 1804/1935 [00:02<00:00, 726.50it/s]
Epoch 0:  93%|█████████▎| 1805/1935 [00:02<00:00, 726.55it/s]
Epoch 0:  93%|█████████▎| 1805/1935 [00:02<00:00, 726.50it/s]
Epoch 0:  93%|█████████▎| 1806/1935 [00:02<00:00, 726.55it/s]
Epoch 0:  93%|█████████▎| 1806/1935 [00:02<00:00, 726.50it/s]
Epoch 0:  93%|█████████▎| 1807/1935 [00:02<00:00, 726.56it/s]
Epoch 0:  93%|█████████▎| 1807/1935 [00:02<00:00, 726.51it/s]
Epoch 0:  93%|█████████▎| 1808/1935 [00:02<00:00, 726.56it/s]
Epoch 0:  93%|█████████▎| 1808/1935 [00:02<00:00, 726.51it/s]
Epoch 0:  93%|█████████▎| 1809/1935 [00:02<00:00, 726.57it/s]
Epoch 0:  93%|█████████▎| 1809/1935 [00:02<00:00, 726.52it/s]
Epoch 0:  94%|█████████▎| 1810/1935 [00:02<00:00, 726.57it/s]
Epoch 0:  94%|█████████▎| 1810/1935 [00:02<00:00, 726.52it/s]
Epoch 0:  94%|█████████▎| 1811/1935 [00:02<00:00, 726.57it/s]
Epoch 0:  94%|█████████▎| 1811/1935 [00:02<00:00, 726.52it/s]
Epoch 0:  94%|█████████▎| 1812/1935 [00:02<00:00, 726.58it/s]
Epoch 0:  94%|█████████▎| 1812/1935 [00:02<00:00, 726.53it/s]
Epoch 0:  94%|█████████▎| 1813/1935 [00:02<00:00, 726.58it/s]
Epoch 0:  94%|█████████▎| 1813/1935 [00:02<00:00, 726.53it/s]
Epoch 0:  94%|█████████▎| 1814/1935 [00:02<00:00, 726.58it/s]
Epoch 0:  94%|█████████▎| 1814/1935 [00:02<00:00, 726.53it/s]
Epoch 0:  94%|█████████▍| 1815/1935 [00:02<00:00, 726.59it/s]
Epoch 0:  94%|█████████▍| 1815/1935 [00:02<00:00, 726.54it/s]
Epoch 0:  94%|█████████▍| 1816/1935 [00:02<00:00, 726.59it/s]
Epoch 0:  94%|█████████▍| 1816/1935 [00:02<00:00, 726.54it/s]
Epoch 0:  94%|█████████▍| 1817/1935 [00:02<00:00, 726.59it/s]
Epoch 0:  94%|█████████▍| 1817/1935 [00:02<00:00, 726.53it/s]
Epoch 0:  94%|█████████▍| 1818/1935 [00:02<00:00, 726.58it/s]
Epoch 0:  94%|█████████▍| 1818/1935 [00:02<00:00, 726.53it/s]
Epoch 0:  94%|█████████▍| 1819/1935 [00:02<00:00, 726.58it/s]
Epoch 0:  94%|█████████▍| 1819/1935 [00:02<00:00, 726.53it/s]
Epoch 0:  94%|█████████▍| 1820/1935 [00:02<00:00, 726.58it/s]
Epoch 0:  94%|█████████▍| 1820/1935 [00:02<00:00, 726.53it/s]
Epoch 0:  94%|█████████▍| 1821/1935 [00:02<00:00, 726.58it/s]
Epoch 0:  94%|█████████▍| 1821/1935 [00:02<00:00, 726.53it/s]
Epoch 0:  94%|█████████▍| 1822/1935 [00:02<00:00, 726.58it/s]
Epoch 0:  94%|█████████▍| 1822/1935 [00:02<00:00, 726.53it/s]
Epoch 0:  94%|█████████▍| 1823/1935 [00:02<00:00, 726.59it/s]
Epoch 0:  94%|█████████▍| 1823/1935 [00:02<00:00, 726.54it/s]
Epoch 0:  94%|█████████▍| 1824/1935 [00:02<00:00, 726.58it/s]
Epoch 0:  94%|█████████▍| 1824/1935 [00:02<00:00, 726.53it/s]
Epoch 0:  94%|█████████▍| 1825/1935 [00:02<00:00, 726.59it/s]
Epoch 0:  94%|█████████▍| 1825/1935 [00:02<00:00, 726.53it/s]
Epoch 0:  94%|█████████▍| 1826/1935 [00:02<00:00, 726.59it/s]
Epoch 0:  94%|█████████▍| 1826/1935 [00:02<00:00, 726.54it/s]
Epoch 0:  94%|█████████▍| 1827/1935 [00:02<00:00, 726.59it/s]
Epoch 0:  94%|█████████▍| 1827/1935 [00:02<00:00, 726.54it/s]
Epoch 0:  94%|█████████▍| 1828/1935 [00:02<00:00, 726.60it/s]
Epoch 0:  94%|█████████▍| 1828/1935 [00:02<00:00, 726.55it/s]
Epoch 0:  95%|█████████▍| 1829/1935 [00:02<00:00, 726.59it/s]
Epoch 0:  95%|█████████▍| 1829/1935 [00:02<00:00, 726.54it/s]
Epoch 0:  95%|█████████▍| 1830/1935 [00:02<00:00, 726.60it/s]
Epoch 0:  95%|█████████▍| 1830/1935 [00:02<00:00, 726.55it/s]
Epoch 0:  95%|█████████▍| 1831/1935 [00:02<00:00, 726.61it/s]
Epoch 0:  95%|█████████▍| 1831/1935 [00:02<00:00, 726.57it/s]
Epoch 0:  95%|█████████▍| 1832/1935 [00:02<00:00, 726.61it/s]
Epoch 0:  95%|█████████▍| 1832/1935 [00:02<00:00, 726.56it/s]
Epoch 0:  95%|█████████▍| 1833/1935 [00:02<00:00, 726.61it/s]
Epoch 0:  95%|█████████▍| 1833/1935 [00:02<00:00, 726.56it/s]
Epoch 0:  95%|█████████▍| 1834/1935 [00:02<00:00, 726.57it/s]
Epoch 0:  95%|█████████▍| 1834/1935 [00:02<00:00, 726.52it/s]
Epoch 0:  95%|█████████▍| 1835/1935 [00:02<00:00, 726.58it/s]
Epoch 0:  95%|█████████▍| 1835/1935 [00:02<00:00, 726.53it/s]
Epoch 0:  95%|█████████▍| 1836/1935 [00:02<00:00, 726.59it/s]
Epoch 0:  95%|█████████▍| 1836/1935 [00:02<00:00, 726.54it/s]
Epoch 0:  95%|█████████▍| 1837/1935 [00:02<00:00, 726.59it/s]
Epoch 0:  95%|█████████▍| 1837/1935 [00:02<00:00, 726.54it/s]
Epoch 0:  95%|█████████▍| 1838/1935 [00:02<00:00, 726.60it/s]
Epoch 0:  95%|█████████▍| 1838/1935 [00:02<00:00, 726.55it/s]
Epoch 0:  95%|█████████▌| 1839/1935 [00:02<00:00, 726.60it/s]
Epoch 0:  95%|█████████▌| 1839/1935 [00:02<00:00, 726.55it/s]
Epoch 0:  95%|█████████▌| 1840/1935 [00:02<00:00, 726.60it/s]
Epoch 0:  95%|█████████▌| 1840/1935 [00:02<00:00, 726.55it/s]
Epoch 0:  95%|█████████▌| 1841/1935 [00:02<00:00, 726.61it/s]
Epoch 0:  95%|█████████▌| 1841/1935 [00:02<00:00, 726.56it/s]
Epoch 0:  95%|█████████▌| 1842/1935 [00:02<00:00, 726.61it/s]
Epoch 0:  95%|█████████▌| 1842/1935 [00:02<00:00, 726.55it/s]
Epoch 0:  95%|█████████▌| 1843/1935 [00:02<00:00, 726.61it/s]
Epoch 0:  95%|█████████▌| 1843/1935 [00:02<00:00, 726.56it/s]
Epoch 0:  95%|█████████▌| 1844/1935 [00:02<00:00, 726.62it/s]
Epoch 0:  95%|█████████▌| 1844/1935 [00:02<00:00, 726.57it/s]
Epoch 0:  95%|█████████▌| 1845/1935 [00:02<00:00, 726.61it/s]
Epoch 0:  95%|█████████▌| 1845/1935 [00:02<00:00, 726.56it/s]
Epoch 0:  95%|█████████▌| 1846/1935 [00:02<00:00, 726.62it/s]
Epoch 0:  95%|█████████▌| 1846/1935 [00:02<00:00, 726.57it/s]
Epoch 0:  95%|█████████▌| 1847/1935 [00:02<00:00, 726.63it/s]
Epoch 0:  95%|█████████▌| 1847/1935 [00:02<00:00, 726.58it/s]
Epoch 0:  96%|█████████▌| 1848/1935 [00:02<00:00, 726.62it/s]
Epoch 0:  96%|█████████▌| 1848/1935 [00:02<00:00, 726.58it/s]
Epoch 0:  96%|█████████▌| 1849/1935 [00:02<00:00, 726.63it/s]
Epoch 0:  96%|█████████▌| 1849/1935 [00:02<00:00, 726.58it/s]
Epoch 0:  96%|█████████▌| 1850/1935 [00:02<00:00, 726.63it/s]
Epoch 0:  96%|█████████▌| 1850/1935 [00:02<00:00, 726.58it/s]
Epoch 0:  96%|█████████▌| 1851/1935 [00:02<00:00, 726.63it/s]
Epoch 0:  96%|█████████▌| 1851/1935 [00:02<00:00, 726.58it/s]
Epoch 0:  96%|█████████▌| 1852/1935 [00:02<00:00, 726.64it/s]
Epoch 0:  96%|█████████▌| 1852/1935 [00:02<00:00, 726.59it/s]
Epoch 0:  96%|█████████▌| 1853/1935 [00:02<00:00, 726.63it/s]
Epoch 0:  96%|█████████▌| 1853/1935 [00:02<00:00, 726.59it/s]
Epoch 0:  96%|█████████▌| 1854/1935 [00:02<00:00, 726.64it/s]
Epoch 0:  96%|█████████▌| 1854/1935 [00:02<00:00, 726.59it/s]
Epoch 0:  96%|█████████▌| 1855/1935 [00:02<00:00, 726.65it/s]
Epoch 0:  96%|█████████▌| 1855/1935 [00:02<00:00, 726.61it/s]
Epoch 0:  96%|█████████▌| 1856/1935 [00:02<00:00, 726.66it/s]
Epoch 0:  96%|█████████▌| 1856/1935 [00:02<00:00, 726.61it/s]
Epoch 0:  96%|█████████▌| 1857/1935 [00:02<00:00, 726.66it/s]
Epoch 0:  96%|█████████▌| 1857/1935 [00:02<00:00, 726.61it/s]
Epoch 0:  96%|█████████▌| 1858/1935 [00:02<00:00, 726.66it/s]
Epoch 0:  96%|█████████▌| 1858/1935 [00:02<00:00, 726.61it/s]
Epoch 0:  96%|█████████▌| 1859/1935 [00:02<00:00, 726.64it/s]
Epoch 0:  96%|█████████▌| 1859/1935 [00:02<00:00, 726.60it/s]
Epoch 0:  96%|█████████▌| 1860/1935 [00:02<00:00, 726.66it/s]
Epoch 0:  96%|█████████▌| 1860/1935 [00:02<00:00, 726.61it/s]
Epoch 0:  96%|█████████▌| 1861/1935 [00:02<00:00, 726.66it/s]
Epoch 0:  96%|█████████▌| 1861/1935 [00:02<00:00, 726.61it/s]
Epoch 0:  96%|█████████▌| 1862/1935 [00:02<00:00, 726.67it/s]
Epoch 0:  96%|█████████▌| 1862/1935 [00:02<00:00, 726.62it/s]
Epoch 0:  96%|█████████▋| 1863/1935 [00:02<00:00, 726.68it/s]
Epoch 0:  96%|█████████▋| 1863/1935 [00:02<00:00, 726.63it/s]
Epoch 0:  96%|█████████▋| 1864/1935 [00:02<00:00, 726.68it/s]
Epoch 0:  96%|█████████▋| 1864/1935 [00:02<00:00, 726.63it/s]
Epoch 0:  96%|█████████▋| 1865/1935 [00:02<00:00, 726.68it/s]
Epoch 0:  96%|█████████▋| 1865/1935 [00:02<00:00, 726.63it/s]
Epoch 0:  96%|█████████▋| 1866/1935 [00:02<00:00, 726.69it/s]
Epoch 0:  96%|█████████▋| 1866/1935 [00:02<00:00, 726.64it/s]
Epoch 0:  96%|█████████▋| 1867/1935 [00:02<00:00, 726.69it/s]
Epoch 0:  96%|█████████▋| 1867/1935 [00:02<00:00, 726.64it/s]
Epoch 0:  97%|█████████▋| 1868/1935 [00:02<00:00, 726.70it/s]
Epoch 0:  97%|█████████▋| 1868/1935 [00:02<00:00, 726.65it/s]
Epoch 0:  97%|█████████▋| 1869/1935 [00:02<00:00, 726.71it/s]
Epoch 0:  97%|█████████▋| 1869/1935 [00:02<00:00, 726.66it/s]
Epoch 0:  97%|█████████▋| 1870/1935 [00:02<00:00, 726.71it/s]
Epoch 0:  97%|█████████▋| 1870/1935 [00:02<00:00, 726.66it/s]
Epoch 0:  97%|█████████▋| 1871/1935 [00:02<00:00, 726.72it/s]
Epoch 0:  97%|█████████▋| 1871/1935 [00:02<00:00, 726.67it/s]
Epoch 0:  97%|█████████▋| 1872/1935 [00:02<00:00, 726.72it/s]
Epoch 0:  97%|█████████▋| 1872/1935 [00:02<00:00, 726.67it/s]
Epoch 0:  97%|█████████▋| 1873/1935 [00:02<00:00, 726.72it/s]
Epoch 0:  97%|█████████▋| 1873/1935 [00:02<00:00, 726.68it/s]
Epoch 0:  97%|█████████▋| 1874/1935 [00:02<00:00, 726.73it/s]
Epoch 0:  97%|█████████▋| 1874/1935 [00:02<00:00, 726.68it/s]
Epoch 0:  97%|█████████▋| 1875/1935 [00:02<00:00, 726.73it/s]
Epoch 0:  97%|█████████▋| 1875/1935 [00:02<00:00, 726.68it/s]
Epoch 0:  97%|█████████▋| 1876/1935 [00:02<00:00, 726.73it/s]
Epoch 0:  97%|█████████▋| 1876/1935 [00:02<00:00, 726.69it/s]
Epoch 0:  97%|█████████▋| 1877/1935 [00:02<00:00, 726.74it/s]
Epoch 0:  97%|█████████▋| 1877/1935 [00:02<00:00, 726.69it/s]
Epoch 0:  97%|█████████▋| 1878/1935 [00:02<00:00, 726.73it/s]
Epoch 0:  97%|█████████▋| 1878/1935 [00:02<00:00, 726.68it/s]
Epoch 0:  97%|█████████▋| 1879/1935 [00:02<00:00, 726.74it/s]
Epoch 0:  97%|█████████▋| 1879/1935 [00:02<00:00, 726.69it/s]
Epoch 0:  97%|█████████▋| 1880/1935 [00:02<00:00, 726.74it/s]
Epoch 0:  97%|█████████▋| 1880/1935 [00:02<00:00, 726.69it/s]
Epoch 0:  97%|█████████▋| 1881/1935 [00:02<00:00, 726.74it/s]
Epoch 0:  97%|█████████▋| 1881/1935 [00:02<00:00, 726.69it/s]
Epoch 0:  97%|█████████▋| 1882/1935 [00:02<00:00, 726.74it/s]
Epoch 0:  97%|█████████▋| 1882/1935 [00:02<00:00, 726.69it/s]
Epoch 0:  97%|█████████▋| 1883/1935 [00:02<00:00, 726.74it/s]
Epoch 0:  97%|█████████▋| 1883/1935 [00:02<00:00, 726.69it/s]
Epoch 0:  97%|█████████▋| 1884/1935 [00:02<00:00, 726.74it/s]
Epoch 0:  97%|█████████▋| 1884/1935 [00:02<00:00, 726.70it/s]
Epoch 0:  97%|█████████▋| 1885/1935 [00:02<00:00, 726.74it/s]
Epoch 0:  97%|█████████▋| 1885/1935 [00:02<00:00, 726.70it/s]
Epoch 0:  97%|█████████▋| 1886/1935 [00:02<00:00, 726.75it/s]
Epoch 0:  97%|█████████▋| 1886/1935 [00:02<00:00, 726.70it/s]
Epoch 0:  98%|█████████▊| 1887/1935 [00:02<00:00, 726.76it/s]
Epoch 0:  98%|█████████▊| 1887/1935 [00:02<00:00, 726.71it/s]
Epoch 0:  98%|█████████▊| 1888/1935 [00:02<00:00, 726.76it/s]
Epoch 0:  98%|█████████▊| 1888/1935 [00:02<00:00, 726.71it/s]
Epoch 0:  98%|█████████▊| 1889/1935 [00:02<00:00, 726.76it/s]
Epoch 0:  98%|█████████▊| 1889/1935 [00:02<00:00, 726.71it/s]
Epoch 0:  98%|█████████▊| 1890/1935 [00:02<00:00, 726.76it/s]
Epoch 0:  98%|█████████▊| 1890/1935 [00:02<00:00, 726.72it/s]
Epoch 0:  98%|█████████▊| 1891/1935 [00:02<00:00, 726.77it/s]
Epoch 0:  98%|█████████▊| 1891/1935 [00:02<00:00, 726.72it/s]
Epoch 0:  98%|█████████▊| 1892/1935 [00:02<00:00, 726.77it/s]
Epoch 0:  98%|█████████▊| 1892/1935 [00:02<00:00, 726.73it/s]
Epoch 0:  98%|█████████▊| 1893/1935 [00:02<00:00, 726.78it/s]
Epoch 0:  98%|█████████▊| 1893/1935 [00:02<00:00, 726.73it/s]
Epoch 0:  98%|█████████▊| 1894/1935 [00:02<00:00, 726.74it/s]
Epoch 0:  98%|█████████▊| 1894/1935 [00:02<00:00, 726.69it/s]
Epoch 0:  98%|█████████▊| 1895/1935 [00:02<00:00, 726.75it/s]
Epoch 0:  98%|█████████▊| 1895/1935 [00:02<00:00, 726.70it/s]
Epoch 0:  98%|█████████▊| 1896/1935 [00:02<00:00, 726.75it/s]
Epoch 0:  98%|█████████▊| 1896/1935 [00:02<00:00, 726.71it/s]
Epoch 0:  98%|█████████▊| 1897/1935 [00:02<00:00, 726.76it/s]
Epoch 0:  98%|█████████▊| 1897/1935 [00:02<00:00, 726.71it/s]
Epoch 0:  98%|█████████▊| 1898/1935 [00:02<00:00, 726.76it/s]
Epoch 0:  98%|█████████▊| 1898/1935 [00:02<00:00, 726.72it/s]
Epoch 0:  98%|█████████▊| 1899/1935 [00:02<00:00, 726.77it/s]
Epoch 0:  98%|█████████▊| 1899/1935 [00:02<00:00, 726.72it/s]
Epoch 0:  98%|█████████▊| 1900/1935 [00:02<00:00, 726.76it/s]
Epoch 0:  98%|█████████▊| 1900/1935 [00:02<00:00, 726.72it/s]
Epoch 0:  98%|█████████▊| 1901/1935 [00:02<00:00, 726.77it/s]
Epoch 0:  98%|█████████▊| 1901/1935 [00:02<00:00, 726.72it/s]
Epoch 0:  98%|█████████▊| 1902/1935 [00:02<00:00, 726.77it/s]
Epoch 0:  98%|█████████▊| 1902/1935 [00:02<00:00, 726.72it/s]
Epoch 0:  98%|█████████▊| 1903/1935 [00:02<00:00, 726.78it/s]
Epoch 0:  98%|█████████▊| 1903/1935 [00:02<00:00, 726.73it/s]
Epoch 0:  98%|█████████▊| 1904/1935 [00:02<00:00, 726.79it/s]
Epoch 0:  98%|█████████▊| 1904/1935 [00:02<00:00, 726.74it/s]
Epoch 0:  98%|█████████▊| 1905/1935 [00:02<00:00, 726.79it/s]
Epoch 0:  98%|█████████▊| 1905/1935 [00:02<00:00, 726.74it/s]
Epoch 0:  99%|█████████▊| 1906/1935 [00:02<00:00, 726.79it/s]
Epoch 0:  99%|█████████▊| 1906/1935 [00:02<00:00, 726.75it/s]
Epoch 0:  99%|█████████▊| 1907/1935 [00:02<00:00, 726.80it/s]
Epoch 0:  99%|█████████▊| 1907/1935 [00:02<00:00, 726.75it/s]
Epoch 0:  99%|█████████▊| 1908/1935 [00:02<00:00, 726.80it/s]
Epoch 0:  99%|█████████▊| 1908/1935 [00:02<00:00, 726.75it/s]
Epoch 0:  99%|█████████▊| 1909/1935 [00:02<00:00, 726.80it/s]
Epoch 0:  99%|█████████▊| 1909/1935 [00:02<00:00, 726.75it/s]
Epoch 0:  99%|█████████▊| 1910/1935 [00:02<00:00, 726.81it/s]
Epoch 0:  99%|█████████▊| 1910/1935 [00:02<00:00, 726.76it/s]
Epoch 0:  99%|█████████▉| 1911/1935 [00:02<00:00, 726.81it/s]
Epoch 0:  99%|█████████▉| 1911/1935 [00:02<00:00, 726.76it/s]
Epoch 0:  99%|█████████▉| 1912/1935 [00:02<00:00, 726.81it/s]
Epoch 0:  99%|█████████▉| 1912/1935 [00:02<00:00, 726.77it/s]
Epoch 0:  99%|█████████▉| 1913/1935 [00:02<00:00, 726.81it/s]
Epoch 0:  99%|█████████▉| 1913/1935 [00:02<00:00, 726.76it/s]
Epoch 0:  99%|█████████▉| 1914/1935 [00:02<00:00, 726.81it/s]
Epoch 0:  99%|█████████▉| 1914/1935 [00:02<00:00, 726.76it/s]
Epoch 0:  99%|█████████▉| 1915/1935 [00:02<00:00, 726.81it/s]
Epoch 0:  99%|█████████▉| 1915/1935 [00:02<00:00, 726.76it/s]
Epoch 0:  99%|█████████▉| 1916/1935 [00:02<00:00, 726.81it/s]
Epoch 0:  99%|█████████▉| 1916/1935 [00:02<00:00, 726.77it/s]
Epoch 0:  99%|█████████▉| 1917/1935 [00:02<00:00, 726.81it/s]
Epoch 0:  99%|█████████▉| 1917/1935 [00:02<00:00, 726.76it/s]
Epoch 0:  99%|█████████▉| 1918/1935 [00:02<00:00, 726.82it/s]
Epoch 0:  99%|█████████▉| 1918/1935 [00:02<00:00, 726.77it/s]
Epoch 0:  99%|█████████▉| 1919/1935 [00:02<00:00, 718.33it/s]
Epoch 0:  99%|█████████▉| 1919/1935 [00:02<00:00, 718.28it/s]
Epoch 0:  99%|█████████▉| 1920/1935 [00:02<00:00, 718.31it/s]
Epoch 0:  99%|█████████▉| 1920/1935 [00:02<00:00, 718.27it/s]
Epoch 0:  99%|█████████▉| 1921/1935 [00:02<00:00, 718.32it/s]
Epoch 0:  99%|█████████▉| 1921/1935 [00:02<00:00, 718.28it/s]
Epoch 0:  99%|█████████▉| 1922/1935 [00:02<00:00, 718.34it/s]
Epoch 0:  99%|█████████▉| 1922/1935 [00:02<00:00, 718.31it/s]
Epoch 0:  99%|█████████▉| 1923/1935 [00:02<00:00, 718.37it/s]
Epoch 0:  99%|█████████▉| 1923/1935 [00:02<00:00, 718.33it/s]
Epoch 0:  99%|█████████▉| 1924/1935 [00:02<00:00, 718.39it/s]
Epoch 0:  99%|█████████▉| 1924/1935 [00:02<00:00, 718.35it/s]
Epoch 0:  99%|█████████▉| 1925/1935 [00:02<00:00, 718.41it/s]
Epoch 0:  99%|█████████▉| 1925/1935 [00:02<00:00, 718.37it/s]
Epoch 0: 100%|█████████▉| 1926/1935 [00:02<00:00, 718.44it/s]
Epoch 0: 100%|█████████▉| 1926/1935 [00:02<00:00, 718.41it/s]
Epoch 0: 100%|█████████▉| 1927/1935 [00:02<00:00, 718.47it/s]
Epoch 0: 100%|█████████▉| 1927/1935 [00:02<00:00, 718.43it/s]
Epoch 0: 100%|█████████▉| 1928/1935 [00:02<00:00, 718.51it/s]
Epoch 0: 100%|█████████▉| 1928/1935 [00:02<00:00, 718.47it/s]
Epoch 0: 100%|█████████▉| 1929/1935 [00:02<00:00, 718.54it/s]
Epoch 0: 100%|█████████▉| 1929/1935 [00:02<00:00, 718.51it/s]
Epoch 0: 100%|█████████▉| 1930/1935 [00:02<00:00, 718.58it/s]
Epoch 0: 100%|█████████▉| 1930/1935 [00:02<00:00, 718.54it/s]
Epoch 0: 100%|█████████▉| 1931/1935 [00:02<00:00, 718.61it/s]
Epoch 0: 100%|█████████▉| 1931/1935 [00:02<00:00, 718.57it/s]
Epoch 0: 100%|█████████▉| 1932/1935 [00:02<00:00, 718.64it/s]
Epoch 0: 100%|█████████▉| 1932/1935 [00:02<00:00, 718.61it/s]
Epoch 0: 100%|█████████▉| 1933/1935 [00:02<00:00, 718.68it/s]
Epoch 0: 100%|█████████▉| 1933/1935 [00:02<00:00, 718.64it/s]
Epoch 0: 100%|█████████▉| 1934/1935 [00:02<00:00, 718.71it/s]
Epoch 0: 100%|█████████▉| 1934/1935 [00:02<00:00, 718.67it/s]
Epoch 0: 100%|██████████| 1935/1935 [00:02<00:00, 718.75it/s]
Epoch 0: 100%|██████████| 1935/1935 [00:02<00:00, 718.71it/s]

Validation: |          | 0/? [00:00<?, ?it/s][A

Validation:   0%|          | 0/215 [00:00<?, ?it/s][A

Validation DataLoader 0:   0%|          | 0/215 [00:00<?, ?it/s][A

Validation DataLoader 0:   0%|          | 1/215 [00:00<00:00, 1701.54it/s][A

Validation DataLoader 0:   1%|          | 2/215 [00:00<00:00, 320.94it/s] [A

Validation DataLoader 0:   1%|▏         | 3/215 [00:00<00:00, 432.61it/s][A

Validation DataLoader 0:   2%|▏         | 4/215 [00:00<00:00, 523.76it/s][A

Validation DataLoader 0:   2%|▏         | 5/215 [00:00<00:00, 600.78it/s][A

Validation DataLoader 0:   3%|▎         | 6/215 [00:00<00:00, 662.62it/s][A

Validation DataLoader 0:   3%|▎         | 7/215 [00:00<00:00, 530.70it/s][A

Validation DataLoader 0:   4%|▎         | 8/215 [00:00<00:00, 575.53it/s][A

Validation DataLoader 0:   4%|▍         | 9/215 [00:00<00:00, 616.41it/s][A

Validation DataLoader 0:   5%|▍         | 10/215 [00:00<00:00, 654.12it/s][A

Validation DataLoader 0:   5%|▌         | 11/215 [00:00<00:00, 688.42it/s][A

Validation DataLoader 0:   6%|▌         | 12/215 [00:00<00:00, 719.76it/s][A

Validation DataLoader 0:   6%|▌         | 13/215 [00:00<00:00, 749.29it/s][A

Validation DataLoader 0:   7%|▋         | 14/215 [00:00<00:00, 775.80it/s][A

Validation DataLoader 0:   7%|▋         | 15/215 [00:00<00:00, 775.50it/s][A

Validation DataLoader 0:   7%|▋         | 16/215 [00:00<00:00, 798.14it/s][A

Validation DataLoader 0:   8%|▊         | 17/215 [00:00<00:00, 797.26it/s][A

Validation DataLoader 0:   8%|▊         | 18/215 [00:00<00:00, 797.06it/s][A

Validation DataLoader 0:   9%|▉         | 19/215 [00:00<00:00, 788.66it/s][A

Validation DataLoader 0:   9%|▉         | 20/215 [00:00<00:00, 789.46it/s][A

Validation DataLoader 0:  10%|▉         | 21/215 [00:00<00:00, 788.93it/s][A

Validation DataLoader 0:  10%|█         | 22/215 [00:00<00:00, 788.85it/s][A

Validation DataLoader 0:  11%|█         | 23/215 [00:00<00:00, 788.82it/s][A

Validation DataLoader 0:  11%|█         | 24/215 [00:00<00:00, 788.05it/s][A

Validation DataLoader 0:  12%|█▏        | 25/215 [00:00<00:00, 788.62it/s][A

Validation DataLoader 0:  12%|█▏        | 26/215 [00:00<00:00, 789.34it/s][A

Validation DataLoader 0:  13%|█▎        | 27/215 [00:00<00:00, 790.20it/s][A

Validation DataLoader 0:  13%|█▎        | 28/215 [00:00<00:00, 790.32it/s][A

Validation DataLoader 0:  13%|█▎        | 29/215 [00:00<00:00, 790.76it/s][A

Validation DataLoader 0:  14%|█▍        | 30/215 [00:00<00:00, 791.00it/s][A

Validation DataLoader 0:  14%|█▍        | 31/215 [00:00<00:00, 791.11it/s][A

Validation DataLoader 0:  15%|█▍        | 32/215 [00:00<00:00, 790.98it/s][A

Validation DataLoader 0:  15%|█▌        | 33/215 [00:00<00:00, 791.44it/s][A

Validation DataLoader 0:  16%|█▌        | 34/215 [00:00<00:00, 791.93it/s][A

Validation DataLoader 0:  16%|█▋        | 35/215 [00:00<00:00, 792.57it/s][A

Validation DataLoader 0:  17%|█▋        | 36/215 [00:00<00:00, 793.12it/s][A

Validation DataLoader 0:  17%|█▋        | 37/215 [00:00<00:00, 792.61it/s][A

Validation DataLoader 0:  18%|█▊        | 38/215 [00:00<00:00, 792.63it/s][A

Validation DataLoader 0:  18%|█▊        | 39/215 [00:00<00:00, 793.03it/s][A

Validation DataLoader 0:  19%|█▊        | 40/215 [00:00<00:00, 792.74it/s][A

Validation DataLoader 0:  19%|█▉        | 41/215 [00:00<00:00, 792.90it/s][A

Validation DataLoader 0:  20%|█▉        | 42/215 [00:00<00:00, 793.26it/s][A

Validation DataLoader 0:  20%|██        | 43/215 [00:00<00:00, 793.69it/s][A

Validation DataLoader 0:  20%|██        | 44/215 [00:00<00:00, 793.95it/s][A

Validation DataLoader 0:  21%|██        | 45/215 [00:00<00:00, 794.15it/s][A

Validation DataLoader 0:  21%|██▏       | 46/215 [00:00<00:00, 794.26it/s][A

Validation DataLoader 0:  22%|██▏       | 47/215 [00:00<00:00, 794.41it/s][A

Validation DataLoader 0:  22%|██▏       | 48/215 [00:00<00:00, 794.21it/s][A

Validation DataLoader 0:  23%|██▎       | 49/215 [00:00<00:00, 794.42it/s][A

Validation DataLoader 0:  23%|██▎       | 50/215 [00:00<00:00, 794.47it/s][A

Validation DataLoader 0:  24%|██▎       | 51/215 [00:00<00:00, 794.82it/s][A

Validation DataLoader 0:  24%|██▍       | 52/215 [00:00<00:00, 795.10it/s][A

Validation DataLoader 0:  25%|██▍       | 53/215 [00:00<00:00, 794.84it/s][A

Validation DataLoader 0:  25%|██▌       | 54/215 [00:00<00:00, 794.75it/s][A

Validation DataLoader 0:  26%|██▌       | 55/215 [00:00<00:00, 794.90it/s][A

Validation DataLoader 0:  26%|██▌       | 56/215 [00:00<00:00, 794.63it/s][A

Validation DataLoader 0:  27%|██▋       | 57/215 [00:00<00:00, 794.72it/s][A

Validation DataLoader 0:  27%|██▋       | 58/215 [00:00<00:00, 794.69it/s][A

Validation DataLoader 0:  27%|██▋       | 59/215 [00:00<00:00, 794.82it/s][A

Validation DataLoader 0:  28%|██▊       | 60/215 [00:00<00:00, 795.11it/s][A

Validation DataLoader 0:  28%|██▊       | 61/215 [00:00<00:00, 795.22it/s][A

Validation DataLoader 0:  29%|██▉       | 62/215 [00:00<00:00, 795.22it/s][A

Validation DataLoader 0:  29%|██▉       | 63/215 [00:00<00:00, 795.25it/s][A

Validation DataLoader 0:  30%|██▉       | 64/215 [00:00<00:00, 795.08it/s][A

Validation DataLoader 0:  30%|███       | 65/215 [00:00<00:00, 794.88it/s][A

Validation DataLoader 0:  31%|███       | 66/215 [00:00<00:00, 795.25it/s][A

Validation DataLoader 0:  31%|███       | 67/215 [00:00<00:00, 795.13it/s][A

Validation DataLoader 0:  32%|███▏      | 68/215 [00:00<00:00, 795.45it/s][A

Validation DataLoader 0:  32%|███▏      | 69/215 [00:00<00:00, 795.24it/s][A

Validation DataLoader 0:  33%|███▎      | 70/215 [00:00<00:00, 795.17it/s][A

Validation DataLoader 0:  33%|███▎      | 71/215 [00:00<00:00, 795.28it/s][A

Validation DataLoader 0:  33%|███▎      | 72/215 [00:00<00:00, 795.08it/s][A

Validation DataLoader 0:  34%|███▍      | 73/215 [00:00<00:00, 795.27it/s][A

Validation DataLoader 0:  34%|███▍      | 74/215 [00:00<00:00, 795.64it/s][A

Validation DataLoader 0:  35%|███▍      | 75/215 [00:00<00:00, 795.40it/s][A

Validation DataLoader 0:  35%|███▌      | 76/215 [00:00<00:00, 795.55it/s][A

Validation DataLoader 0:  36%|███▌      | 77/215 [00:00<00:00, 795.63it/s][A

Validation DataLoader 0:  36%|███▋      | 78/215 [00:00<00:00, 795.59it/s][A

Validation DataLoader 0:  37%|███▋      | 79/215 [00:00<00:00, 795.62it/s][A

Validation DataLoader 0:  37%|███▋      | 80/215 [00:00<00:00, 795.54it/s][A

Validation DataLoader 0:  38%|███▊      | 81/215 [00:00<00:00, 795.61it/s][A

Validation DataLoader 0:  38%|███▊      | 82/215 [00:00<00:00, 794.48it/s][A

Validation DataLoader 0:  39%|███▊      | 83/215 [00:00<00:00, 794.40it/s][A

Validation DataLoader 0:  39%|███▉      | 84/215 [00:00<00:00, 794.70it/s][A

Validation DataLoader 0:  40%|███▉      | 85/215 [00:00<00:00, 794.70it/s][A

Validation DataLoader 0:  40%|████      | 86/215 [00:00<00:00, 794.68it/s][A

Validation DataLoader 0:  40%|████      | 87/215 [00:00<00:00, 794.74it/s][A

Validation DataLoader 0:  41%|████      | 88/215 [00:00<00:00, 794.73it/s][A

Validation DataLoader 0:  41%|████▏     | 89/215 [00:00<00:00, 794.90it/s][A

Validation DataLoader 0:  42%|████▏     | 90/215 [00:00<00:00, 795.24it/s][A

Validation DataLoader 0:  42%|████▏     | 91/215 [00:00<00:00, 795.10it/s][A

Validation DataLoader 0:  43%|████▎     | 92/215 [00:00<00:00, 795.30it/s][A

Validation DataLoader 0:  43%|████▎     | 93/215 [00:00<00:00, 795.40it/s][A

Validation DataLoader 0:  44%|████▎     | 94/215 [00:00<00:00, 795.39it/s][A

Validation DataLoader 0:  44%|████▍     | 95/215 [00:00<00:00, 795.30it/s][A

Validation DataLoader 0:  45%|████▍     | 96/215 [00:00<00:00, 795.29it/s][A

Validation DataLoader 0:  45%|████▌     | 97/215 [00:00<00:00, 795.45it/s][A

Validation DataLoader 0:  46%|████▌     | 98/215 [00:00<00:00, 795.54it/s][A

Validation DataLoader 0:  46%|████▌     | 99/215 [00:00<00:00, 795.47it/s][A

Validation DataLoader 0:  47%|████▋     | 100/215 [00:00<00:00, 795.68it/s][A

Validation DataLoader 0:  47%|████▋     | 101/215 [00:00<00:00, 795.62it/s][A

Validation DataLoader 0:  47%|████▋     | 102/215 [00:00<00:00, 795.63it/s][A

Validation DataLoader 0:  48%|████▊     | 103/215 [00:00<00:00, 795.68it/s][A

Validation DataLoader 0:  48%|████▊     | 104/215 [00:00<00:00, 795.58it/s][A

Validation DataLoader 0:  49%|████▉     | 105/215 [00:00<00:00, 795.68it/s][A

Validation DataLoader 0:  49%|████▉     | 106/215 [00:00<00:00, 795.97it/s][A

Validation DataLoader 0:  50%|████▉     | 107/215 [00:00<00:00, 795.92it/s][A

Validation DataLoader 0:  50%|█████     | 108/215 [00:00<00:00, 796.07it/s][A

Validation DataLoader 0:  51%|█████     | 109/215 [00:00<00:00, 796.11it/s][A

Validation DataLoader 0:  51%|█████     | 110/215 [00:00<00:00, 796.15it/s][A

Validation DataLoader 0:  52%|█████▏    | 111/215 [00:00<00:00, 796.10it/s][A

Validation DataLoader 0:  52%|█████▏    | 112/215 [00:00<00:00, 796.07it/s][A

Validation DataLoader 0:  53%|█████▎    | 113/215 [00:00<00:00, 796.16it/s][A

Validation DataLoader 0:  53%|█████▎    | 114/215 [00:00<00:00, 796.30it/s][A

Validation DataLoader 0:  53%|█████▎    | 115/215 [00:00<00:00, 796.25it/s][A

Validation DataLoader 0:  54%|█████▍    | 116/215 [00:00<00:00, 796.39it/s][A

Validation DataLoader 0:  54%|█████▍    | 117/215 [00:00<00:00, 796.24it/s][A

Validation DataLoader 0:  55%|█████▍    | 118/215 [00:00<00:00, 796.13it/s][A

Validation DataLoader 0:  55%|█████▌    | 119/215 [00:00<00:00, 796.15it/s][A

Validation DataLoader 0:  56%|█████▌    | 120/215 [00:00<00:00, 796.06it/s][A

Validation DataLoader 0:  56%|█████▋    | 121/215 [00:00<00:00, 796.14it/s][A

Validation DataLoader 0:  57%|█████▋    | 122/215 [00:00<00:00, 796.32it/s][A

Validation DataLoader 0:  57%|█████▋    | 123/215 [00:00<00:00, 796.29it/s][A

Validation DataLoader 0:  58%|█████▊    | 124/215 [00:00<00:00, 796.43it/s][A

Validation DataLoader 0:  58%|█████▊    | 125/215 [00:00<00:00, 796.40it/s][A

Validation DataLoader 0:  59%|█████▊    | 126/215 [00:00<00:00, 796.42it/s][A

Validation DataLoader 0:  59%|█████▉    | 127/215 [00:00<00:00, 796.42it/s][A

Validation DataLoader 0:  60%|█████▉    | 128/215 [00:00<00:00, 796.39it/s][A

Validation DataLoader 0:  60%|██████    | 129/215 [00:00<00:00, 796.51it/s][A

Validation DataLoader 0:  60%|██████    | 130/215 [00:00<00:00, 796.72it/s][A

Validation DataLoader 0:  61%|██████    | 131/215 [00:00<00:00, 796.69it/s][A

Validation DataLoader 0:  61%|██████▏   | 132/215 [00:00<00:00, 796.80it/s][A

Validation DataLoader 0:  62%|██████▏   | 133/215 [00:00<00:00, 796.83it/s][A

Validation DataLoader 0:  62%|██████▏   | 134/215 [00:00<00:00, 796.87it/s][A

Validation DataLoader 0:  63%|██████▎   | 135/215 [00:00<00:00, 796.92it/s][A

Validation DataLoader 0:  63%|██████▎   | 136/215 [00:00<00:00, 796.93it/s][A

Validation DataLoader 0:  64%|██████▎   | 137/215 [00:00<00:00, 797.03it/s][A

Validation DataLoader 0:  64%|██████▍   | 138/215 [00:00<00:00, 797.26it/s][A

Validation DataLoader 0:  65%|██████▍   | 139/215 [00:00<00:00, 797.09it/s][A

Validation DataLoader 0:  65%|██████▌   | 140/215 [00:00<00:00, 797.26it/s][A

Validation DataLoader 0:  66%|██████▌   | 141/215 [00:00<00:00, 797.26it/s][A

Validation DataLoader 0:  66%|██████▌   | 142/215 [00:00<00:00, 797.11it/s][A

Validation DataLoader 0:  67%|██████▋   | 143/215 [00:00<00:00, 797.10it/s][A

Validation DataLoader 0:  67%|██████▋   | 144/215 [00:00<00:00, 797.10it/s][A

Validation DataLoader 0:  67%|██████▋   | 145/215 [00:00<00:00, 796.53it/s][A

Validation DataLoader 0:  68%|██████▊   | 146/215 [00:00<00:00, 796.61it/s][A

Validation DataLoader 0:  68%|██████▊   | 147/215 [00:00<00:00, 796.62it/s][A

Validation DataLoader 0:  69%|██████▉   | 148/215 [00:00<00:00, 796.71it/s][A

Validation DataLoader 0:  69%|██████▉   | 149/215 [00:00<00:00, 796.70it/s][A

Validation DataLoader 0:  70%|██████▉   | 150/215 [00:00<00:00, 796.70it/s][A

Validation DataLoader 0:  70%|███████   | 151/215 [00:00<00:00, 796.81it/s][A

Validation DataLoader 0:  71%|███████   | 152/215 [00:00<00:00, 796.82it/s][A

Validation DataLoader 0:  71%|███████   | 153/215 [00:00<00:00, 796.92it/s][A

Validation DataLoader 0:  72%|███████▏  | 154/215 [00:00<00:00, 797.11it/s][A

Validation DataLoader 0:  72%|███████▏  | 155/215 [00:00<00:00, 797.02it/s][A

Validation DataLoader 0:  73%|███████▎  | 156/215 [00:00<00:00, 797.17it/s][A

Validation DataLoader 0:  73%|███████▎  | 157/215 [00:00<00:00, 797.19it/s][A

Validation DataLoader 0:  73%|███████▎  | 158/215 [00:00<00:00, 797.23it/s][A

Validation DataLoader 0:  74%|███████▍  | 159/215 [00:00<00:00, 797.24it/s][A

Validation DataLoader 0:  74%|███████▍  | 160/215 [00:00<00:00, 797.25it/s][A

Validation DataLoader 0:  75%|███████▍  | 161/215 [00:00<00:00, 797.35it/s][A

Validation DataLoader 0:  75%|███████▌  | 162/215 [00:00<00:00, 797.44it/s][A

Validation DataLoader 0:  76%|███████▌  | 163/215 [00:00<00:00, 797.38it/s][A

Validation DataLoader 0:  76%|███████▋  | 164/215 [00:00<00:00, 797.41it/s][A

Validation DataLoader 0:  77%|███████▋  | 165/215 [00:00<00:00, 797.43it/s][A

Validation DataLoader 0:  77%|███████▋  | 166/215 [00:00<00:00, 797.45it/s][A

Validation DataLoader 0:  78%|███████▊  | 167/215 [00:00<00:00, 797.48it/s][A

Validation DataLoader 0:  78%|███████▊  | 168/215 [00:00<00:00, 797.49it/s][A

Validation DataLoader 0:  79%|███████▊  | 169/215 [00:00<00:00, 797.59it/s][A

Validation DataLoader 0:  79%|███████▉  | 170/215 [00:00<00:00, 797.76it/s][A

Validation DataLoader 0:  80%|███████▉  | 171/215 [00:00<00:00, 797.60it/s][A

Validation DataLoader 0:  80%|████████  | 172/215 [00:00<00:00, 797.72it/s][A

Validation DataLoader 0:  80%|████████  | 173/215 [00:00<00:00, 797.73it/s][A

Validation DataLoader 0:  81%|████████  | 174/215 [00:00<00:00, 797.74it/s][A

Validation DataLoader 0:  81%|████████▏ | 175/215 [00:00<00:00, 797.75it/s][A

Validation DataLoader 0:  82%|████████▏ | 176/215 [00:00<00:00, 797.75it/s][A

Validation DataLoader 0:  82%|████████▏ | 177/215 [00:00<00:00, 797.82it/s][A

Validation DataLoader 0:  83%|████████▎ | 178/215 [00:00<00:00, 797.97it/s][A

Validation DataLoader 0:  83%|████████▎ | 179/215 [00:00<00:00, 797.94it/s][A

Validation DataLoader 0:  84%|████████▎ | 180/215 [00:00<00:00, 798.09it/s][A

Validation DataLoader 0:  84%|████████▍ | 181/215 [00:00<00:00, 798.11it/s][A

Validation DataLoader 0:  85%|████████▍ | 182/215 [00:00<00:00, 798.12it/s][A

Validation DataLoader 0:  85%|████████▌ | 183/215 [00:00<00:00, 798.05it/s][A

Validation DataLoader 0:  86%|████████▌ | 184/215 [00:00<00:00, 798.03it/s][A

Validation DataLoader 0:  86%|████████▌ | 185/215 [00:00<00:00, 798.12it/s][A

Validation DataLoader 0:  87%|████████▋ | 186/215 [00:00<00:00, 798.28it/s][A

Validation DataLoader 0:  87%|████████▋ | 187/215 [00:00<00:00, 798.15it/s][A

Validation DataLoader 0:  87%|████████▋ | 188/215 [00:00<00:00, 798.28it/s][A

Validation DataLoader 0:  88%|████████▊ | 189/215 [00:00<00:00, 798.31it/s][A

Validation DataLoader 0:  88%|████████▊ | 190/215 [00:00<00:00, 798.25it/s][A

Validation DataLoader 0:  89%|████████▉ | 191/215 [00:00<00:00, 798.27it/s][A

Validation DataLoader 0:  89%|████████▉ | 192/215 [00:00<00:00, 798.25it/s][A

Validation DataLoader 0:  90%|████████▉ | 193/215 [00:00<00:00, 798.31it/s][A

Validation DataLoader 0:  90%|█████████ | 194/215 [00:00<00:00, 798.44it/s][A

Validation DataLoader 0:  91%|█████████ | 195/215 [00:00<00:00, 798.44it/s][A

Validation DataLoader 0:  91%|█████████ | 196/215 [00:00<00:00, 798.54it/s][A

Validation DataLoader 0:  92%|█████████▏| 197/215 [00:00<00:00, 798.52it/s][A

Validation DataLoader 0:  92%|█████████▏| 198/215 [00:00<00:00, 798.51it/s][A

Validation DataLoader 0:  93%|█████████▎| 199/215 [00:00<00:00, 798.58it/s][A

Validation DataLoader 0:  93%|█████████▎| 200/215 [00:00<00:00, 798.78it/s][A

Validation DataLoader 0:  93%|█████████▎| 201/215 [00:00<00:00, 799.05it/s][A

Validation DataLoader 0:  94%|█████████▍| 202/215 [00:00<00:00, 799.36it/s][A

Validation DataLoader 0:  94%|█████████▍| 203/215 [00:00<00:00, 799.52it/s][A

Validation DataLoader 0:  95%|█████████▍| 204/215 [00:00<00:00, 799.82it/s][A

Validation DataLoader 0:  95%|█████████▌| 205/215 [00:00<00:00, 800.12it/s][A

Validation DataLoader 0:  96%|█████████▌| 206/215 [00:00<00:00, 800.29it/s][A

Validation DataLoader 0:  96%|█████████▋| 207/215 [00:00<00:00, 800.50it/s][A

Validation DataLoader 0:  97%|█████████▋| 208/215 [00:00<00:00, 800.38it/s][A

Validation DataLoader 0:  97%|█████████▋| 209/215 [00:00<00:00, 800.73it/s][A

Validation DataLoader 0:  98%|█████████▊| 210/215 [00:00<00:00, 800.98it/s][A

Validation DataLoader 0:  98%|█████████▊| 211/215 [00:00<00:00, 801.29it/s][A

Validation DataLoader 0:  99%|█████████▊| 212/215 [00:00<00:00, 801.63it/s][A

Validation DataLoader 0:  99%|█████████▉| 213/215 [00:00<00:00, 801.98it/s][A

Validation DataLoader 0: 100%|█████████▉| 214/215 [00:00<00:00, 802.31it/s][A

Validation DataLoader 0: 100%|██████████| 215/215 [00:00<00:00, 802.65it/s][A

                                                                           [A
Epoch 0: 100%|██████████| 1935/1935 [00:06<00:00, 292.68it/s]
Epoch 0: 100%|██████████| 1935/1935 [00:06<00:00, 292.66it/s]
Epoch 0: 100%|██████████| 1935/1935 [00:06<00:00, 292.64it/s]
Starting TEST for knn on Fox with window size 60...

Testing: |          | 0/? [00:00<?, ?it/s]
Testing:   0%|          | 0/538 [00:00<?, ?it/s]
Testing DataLoader 0:   0%|          | 0/538 [00:00<?, ?it/s]
Testing DataLoader 0:   0%|          | 1/538 [00:03<30:11,  0.30it/s]
Testing DataLoader 0:   0%|          | 2/538 [00:05<25:52,  0.35it/s]
Testing DataLoader 0:   1%|          | 3/538 [00:08<24:23,  0.37it/s]
Testing DataLoader 0:   1%|          | 4/538 [00:10<23:38,  0.38it/s]
Testing DataLoader 0:   1%|          | 5/538 [00:13<23:10,  0.38it/s]
Testing DataLoader 0:   1%|          | 6/538 [00:15<22:51,  0.39it/s]
Testing DataLoader 0:   1%|▏         | 7/538 [00:17<22:36,  0.39it/s]
Testing DataLoader 0:   1%|▏         | 8/538 [00:20<22:24,  0.39it/s]
Testing DataLoader 0:   2%|▏         | 9/538 [00:22<22:15,  0.40it/s]
Testing DataLoader 0:   2%|▏         | 10/538 [00:25<22:06,  0.40it/s]
Testing DataLoader 0:   2%|▏         | 11/538 [00:27<22:00,  0.40it/s]
Testing DataLoader 0:   2%|▏         | 12/538 [00:29<21:53,  0.40it/s]
Testing DataLoader 0:   2%|▏         | 13/538 [00:32<21:47,  0.40it/s]
Testing DataLoader 0:   3%|▎         | 14/538 [00:34<21:42,  0.40it/s]
Testing DataLoader 0:   3%|▎         | 15/538 [00:37<21:37,  0.40it/s]
Testing DataLoader 0:   3%|▎         | 16/538 [00:39<21:32,  0.40it/s]
Testing DataLoader 0:   3%|▎         | 17/538 [00:42<21:28,  0.40it/s]
Testing DataLoader 0:   3%|▎         | 18/538 [00:44<21:24,  0.40it/s]
Testing DataLoader 0:   4%|▎         | 19/538 [00:46<21:20,  0.41it/s]
Testing DataLoader 0:   4%|▎         | 20/538 [00:49<21:16,  0.41it/s]
Testing DataLoader 0:   4%|▍         | 21/538 [00:51<21:12,  0.41it/s]
Testing DataLoader 0:   4%|▍         | 22/538 [00:54<21:09,  0.41it/s]
Testing DataLoader 0:   4%|▍         | 23/538 [00:56<21:06,  0.41it/s]
Testing DataLoader 0:   4%|▍         | 24/538 [00:58<21:02,  0.41it/s]
Testing DataLoader 0:   5%|▍         | 25/538 [01:01<20:59,  0.41it/s]
Testing DataLoader 0:   5%|▍         | 26/538 [01:03<20:56,  0.41it/s]
Testing DataLoader 0:   5%|▌         | 27/538 [01:06<20:53,  0.41it/s]
Testing DataLoader 0:   5%|▌         | 28/538 [01:08<20:50,  0.41it/s]
Testing DataLoader 0:   5%|▌         | 29/538 [01:11<20:47,  0.41it/s]
Testing DataLoader 0:   6%|▌         | 30/538 [01:13<20:44,  0.41it/s]
Testing DataLoader 0:   6%|▌         | 31/538 [01:15<20:41,  0.41it/s]
Testing DataLoader 0:   6%|▌         | 32/538 [01:18<20:38,  0.41it/s]
Testing DataLoader 0:   6%|▌         | 33/538 [01:20<20:35,  0.41it/s]
Testing DataLoader 0:   6%|▋         | 34/538 [01:23<20:32,  0.41it/s]
Testing DataLoader 0:   7%|▋         | 35/538 [01:25<20:29,  0.41it/s]
Testing DataLoader 0:   7%|▋         | 36/538 [01:27<20:26,  0.41it/s]
Testing DataLoader 0:   7%|▋         | 37/538 [01:30<20:24,  0.41it/s]
Testing DataLoader 0:   7%|▋         | 38/538 [01:32<20:21,  0.41it/s]
Testing DataLoader 0:   7%|▋         | 39/538 [01:35<20:18,  0.41it/s]
Testing DataLoader 0:   7%|▋         | 40/538 [01:37<20:15,  0.41it/s]
Testing DataLoader 0:   8%|▊         | 41/538 [01:40<20:13,  0.41it/s]
Testing DataLoader 0:   8%|▊         | 42/538 [01:42<20:10,  0.41it/s]
Testing DataLoader 0:   8%|▊         | 43/538 [01:44<20:07,  0.41it/s]
Testing DataLoader 0:   8%|▊         | 44/538 [01:47<20:04,  0.41it/s]
Testing DataLoader 0:   8%|▊         | 45/538 [01:49<20:02,  0.41it/s]
Testing DataLoader 0:   9%|▊         | 46/538 [01:52<19:59,  0.41it/s]
Testing DataLoader 0:   9%|▊         | 47/538 [01:54<19:56,  0.41it/s]
Testing DataLoader 0:   9%|▉         | 48/538 [01:56<19:54,  0.41it/s]
Testing DataLoader 0:   9%|▉         | 49/538 [01:59<19:51,  0.41it/s]
Testing DataLoader 0:   9%|▉         | 50/538 [02:01<19:48,  0.41it/s]
Testing DataLoader 0:   9%|▉         | 51/538 [02:04<19:46,  0.41it/s]
Testing DataLoader 0:  10%|▉         | 52/538 [02:06<19:43,  0.41it/s]
Testing DataLoader 0:  10%|▉         | 53/538 [02:09<19:41,  0.41it/s]
Testing DataLoader 0:  10%|█         | 54/538 [02:11<19:38,  0.41it/s]
Testing DataLoader 0:  10%|█         | 55/538 [02:13<19:36,  0.41it/s]
Testing DataLoader 0:  10%|█         | 56/538 [02:16<19:33,  0.41it/s]
Testing DataLoader 0:  11%|█         | 57/538 [02:18<19:31,  0.41it/s]
Testing DataLoader 0:  11%|█         | 58/538 [02:21<19:28,  0.41it/s]
Testing DataLoader 0:  11%|█         | 59/538 [02:23<19:26,  0.41it/s]
Testing DataLoader 0:  11%|█         | 60/538 [02:26<19:23,  0.41it/s]
Testing DataLoader 0:  11%|█▏        | 61/538 [02:28<19:20,  0.41it/s]
Testing DataLoader 0:  12%|█▏        | 62/538 [02:30<19:18,  0.41it/s]
Testing DataLoader 0:  12%|█▏        | 63/538 [02:33<19:15,  0.41it/s]
Testing DataLoader 0:  12%|█▏        | 64/538 [02:35<19:13,  0.41it/s]
Testing DataLoader 0:  12%|█▏        | 65/538 [02:38<19:10,  0.41it/s]
Testing DataLoader 0:  12%|█▏        | 66/538 [02:40<19:08,  0.41it/s]
Testing DataLoader 0:  12%|█▏        | 67/538 [02:43<19:05,  0.41it/s]
Testing DataLoader 0:  13%|█▎        | 68/538 [02:45<19:03,  0.41it/s]
Testing DataLoader 0:  13%|█▎        | 69/538 [02:47<19:00,  0.41it/s]
Testing DataLoader 0:  13%|█▎        | 70/538 [02:50<18:58,  0.41it/s]
Testing DataLoader 0:  13%|█▎        | 71/538 [02:52<18:55,  0.41it/s]
Testing DataLoader 0:  13%|█▎        | 72/538 [02:55<18:53,  0.41it/s]
Testing DataLoader 0:  14%|█▎        | 73/538 [02:57<18:50,  0.41it/s]
Testing DataLoader 0:  14%|█▍        | 74/538 [02:59<18:48,  0.41it/s]
Testing DataLoader 0:  14%|█▍        | 75/538 [03:02<18:45,  0.41it/s]
Testing DataLoader 0:  14%|█▍        | 76/538 [03:04<18:43,  0.41it/s]
Testing DataLoader 0:  14%|█▍        | 77/538 [03:07<18:40,  0.41it/s]
Testing DataLoader 0:  14%|█▍        | 78/538 [03:09<18:38,  0.41it/s]
Testing DataLoader 0:  15%|█▍        | 79/538 [03:12<18:35,  0.41it/s]
Testing DataLoader 0:  15%|█▍        | 80/538 [03:14<18:33,  0.41it/s]
Testing DataLoader 0:  15%|█▌        | 81/538 [03:16<18:30,  0.41it/s]
Testing DataLoader 0:  15%|█▌        | 82/538 [03:19<18:28,  0.41it/s]
Testing DataLoader 0:  15%|█▌        | 83/538 [03:21<18:25,  0.41it/s]
Testing DataLoader 0:  16%|█▌        | 84/538 [03:24<18:23,  0.41it/s]
Testing DataLoader 0:  16%|█▌        | 85/538 [03:26<18:20,  0.41it/s]
Testing DataLoader 0:  16%|█▌        | 86/538 [03:28<18:18,  0.41it/s]
Testing DataLoader 0:  16%|█▌        | 87/538 [03:31<18:15,  0.41it/s]
Testing DataLoader 0:  16%|█▋        | 88/538 [03:33<18:13,  0.41it/s]
Testing DataLoader 0:  17%|█▋        | 89/538 [03:36<18:11,  0.41it/s]
Testing DataLoader 0:  17%|█▋        | 90/538 [03:38<18:08,  0.41it/s]
Testing DataLoader 0:  17%|█▋        | 91/538 [03:41<18:06,  0.41it/s]
Testing DataLoader 0:  17%|█▋        | 92/538 [03:43<18:03,  0.41it/s]
Testing DataLoader 0:  17%|█▋        | 93/538 [03:45<18:01,  0.41it/s]
Testing DataLoader 0:  17%|█▋        | 94/538 [03:48<17:58,  0.41it/s]
Testing DataLoader 0:  18%|█▊        | 95/538 [03:50<17:56,  0.41it/s]
Testing DataLoader 0:  18%|█▊        | 96/538 [03:53<17:53,  0.41it/s]
Testing DataLoader 0:  18%|█▊        | 97/538 [03:55<17:51,  0.41it/s]
Testing DataLoader 0:  18%|█▊        | 98/538 [03:58<17:48,  0.41it/s]
Testing DataLoader 0:  18%|█▊        | 99/538 [04:00<17:46,  0.41it/s]
Testing DataLoader 0:  19%|█▊        | 100/538 [04:02<17:43,  0.41it/s]
Testing DataLoader 0:  19%|█▉        | 101/538 [04:05<17:41,  0.41it/s]
Testing DataLoader 0:  19%|█▉        | 102/538 [04:07<17:38,  0.41it/s]
Testing DataLoader 0:  19%|█▉        | 103/538 [04:10<17:36,  0.41it/s]
Testing DataLoader 0:  19%|█▉        | 104/538 [04:12<17:34,  0.41it/s]
Testing DataLoader 0:  20%|█▉        | 105/538 [04:14<17:31,  0.41it/s]
Testing DataLoader 0:  20%|█▉        | 106/538 [04:17<17:29,  0.41it/s]
Testing DataLoader 0:  20%|█▉        | 107/538 [04:19<17:26,  0.41it/s]
Testing DataLoader 0:  20%|██        | 108/538 [04:22<17:24,  0.41it/s]
Testing DataLoader 0:  20%|██        | 109/538 [04:24<17:21,  0.41it/s]
Testing DataLoader 0:  20%|██        | 110/538 [04:27<17:19,  0.41it/s]
Testing DataLoader 0:  21%|██        | 111/538 [04:29<17:16,  0.41it/s]
Testing DataLoader 0:  21%|██        | 112/538 [04:31<17:14,  0.41it/s]
Testing DataLoader 0:  21%|██        | 113/538 [04:34<17:11,  0.41it/s]
Testing DataLoader 0:  21%|██        | 114/538 [04:36<17:09,  0.41it/s]
Testing DataLoader 0:  21%|██▏       | 115/538 [04:39<17:06,  0.41it/s]
Testing DataLoader 0:  22%|██▏       | 116/538 [04:41<17:04,  0.41it/s]
Testing DataLoader 0:  22%|██▏       | 117/538 [04:44<17:02,  0.41it/s]
Testing DataLoader 0:  22%|██▏       | 118/538 [04:46<16:59,  0.41it/s]
Testing DataLoader 0:  22%|██▏       | 119/538 [04:48<16:57,  0.41it/s]
Testing DataLoader 0:  22%|██▏       | 120/538 [04:51<16:54,  0.41it/s]
Testing DataLoader 0:  22%|██▏       | 121/538 [04:53<16:52,  0.41it/s]
Testing DataLoader 0:  23%|██▎       | 122/538 [04:56<16:49,  0.41it/s]
Testing DataLoader 0:  23%|██▎       | 123/538 [04:58<16:47,  0.41it/s]
Testing DataLoader 0:  23%|██▎       | 124/538 [05:01<16:45,  0.41it/s]
Testing DataLoader 0:  23%|██▎       | 125/538 [05:03<16:42,  0.41it/s]
Testing DataLoader 0:  23%|██▎       | 126/538 [05:05<16:40,  0.41it/s]
Testing DataLoader 0:  24%|██▎       | 127/538 [05:08<16:37,  0.41it/s]
Testing DataLoader 0:  24%|██▍       | 128/538 [05:10<16:35,  0.41it/s]
Testing DataLoader 0:  24%|██▍       | 129/538 [05:13<16:32,  0.41it/s]
Testing DataLoader 0:  24%|██▍       | 130/538 [05:15<16:30,  0.41it/s]
Testing DataLoader 0:  24%|██▍       | 131/538 [05:17<16:27,  0.41it/s]
Testing DataLoader 0:  25%|██▍       | 132/538 [05:20<16:25,  0.41it/s]
Testing DataLoader 0:  25%|██▍       | 133/538 [05:22<16:23,  0.41it/s]
Testing DataLoader 0:  25%|██▍       | 134/538 [05:25<16:20,  0.41it/s]
Testing DataLoader 0:  25%|██▌       | 135/538 [05:27<16:18,  0.41it/s]
Testing DataLoader 0:  25%|██▌       | 136/538 [05:30<16:15,  0.41it/s]
Testing DataLoader 0:  25%|██▌       | 137/538 [05:32<16:13,  0.41it/s]
Testing DataLoader 0:  26%|██▌       | 138/538 [05:34<16:10,  0.41it/s]
Testing DataLoader 0:  26%|██▌       | 139/538 [05:37<16:08,  0.41it/s]
Testing DataLoader 0:  26%|██▌       | 140/538 [05:39<16:06,  0.41it/s]
Testing DataLoader 0:  26%|██▌       | 141/538 [05:42<16:03,  0.41it/s]
Testing DataLoader 0:  26%|██▋       | 142/538 [05:44<16:01,  0.41it/s]
Testing DataLoader 0:  27%|██▋       | 143/538 [05:47<15:58,  0.41it/s]
Testing DataLoader 0:  27%|██▋       | 144/538 [05:49<15:56,  0.41it/s]
Testing DataLoader 0:  27%|██▋       | 145/538 [05:51<15:53,  0.41it/s]
Testing DataLoader 0:  27%|██▋       | 146/538 [05:54<15:51,  0.41it/s]
Testing DataLoader 0:  27%|██▋       | 147/538 [05:56<15:48,  0.41it/s]
Testing DataLoader 0:  28%|██▊       | 148/538 [05:59<15:46,  0.41it/s]
Testing DataLoader 0:  28%|██▊       | 149/538 [06:01<15:44,  0.41it/s]
Testing DataLoader 0:  28%|██▊       | 150/538 [06:04<15:41,  0.41it/s]
Testing DataLoader 0:  28%|██▊       | 151/538 [06:06<15:39,  0.41it/s]
Testing DataLoader 0:  28%|██▊       | 152/538 [06:08<15:36,  0.41it/s]
Testing DataLoader 0:  28%|██▊       | 153/538 [06:11<15:34,  0.41it/s]
Testing DataLoader 0:  29%|██▊       | 154/538 [06:13<15:31,  0.41it/s]
Testing DataLoader 0:  29%|██▉       | 155/538 [06:16<15:29,  0.41it/s]
Testing DataLoader 0:  29%|██▉       | 156/538 [06:18<15:26,  0.41it/s]
Testing DataLoader 0:  29%|██▉       | 157/538 [06:20<15:24,  0.41it/s]
Testing DataLoader 0:  29%|██▉       | 158/538 [06:23<15:22,  0.41it/s]
Testing DataLoader 0:  30%|██▉       | 159/538 [06:25<15:19,  0.41it/s]
Testing DataLoader 0:  30%|██▉       | 160/538 [06:28<15:17,  0.41it/s]
Testing DataLoader 0:  30%|██▉       | 161/538 [06:30<15:14,  0.41it/s]
Testing DataLoader 0:  30%|███       | 162/538 [06:33<15:12,  0.41it/s]
Testing DataLoader 0:  30%|███       | 163/538 [06:35<15:09,  0.41it/s]
Testing DataLoader 0:  30%|███       | 164/538 [06:37<15:07,  0.41it/s]
Testing DataLoader 0:  31%|███       | 165/538 [06:40<15:04,  0.41it/s]
Testing DataLoader 0:  31%|███       | 166/538 [06:42<15:02,  0.41it/s]
Testing DataLoader 0:  31%|███       | 167/538 [06:45<15:00,  0.41it/s]
Testing DataLoader 0:  31%|███       | 168/538 [06:47<14:57,  0.41it/s]
Testing DataLoader 0:  31%|███▏      | 169/538 [06:50<14:55,  0.41it/s]
Testing DataLoader 0:  32%|███▏      | 170/538 [06:52<14:52,  0.41it/s]
Testing DataLoader 0:  32%|███▏      | 171/538 [06:54<14:50,  0.41it/s]
Testing DataLoader 0:  32%|███▏      | 172/538 [06:57<14:47,  0.41it/s]
Testing DataLoader 0:  32%|███▏      | 173/538 [06:59<14:45,  0.41it/s]
Testing DataLoader 0:  32%|███▏      | 174/538 [07:02<14:43,  0.41it/s]
Testing DataLoader 0:  33%|███▎      | 175/538 [07:04<14:40,  0.41it/s]
Testing DataLoader 0:  33%|███▎      | 176/538 [07:06<14:38,  0.41it/s]
Testing DataLoader 0:  33%|███▎      | 177/538 [07:09<14:35,  0.41it/s]
Testing DataLoader 0:  33%|███▎      | 178/538 [07:11<14:33,  0.41it/s]
Testing DataLoader 0:  33%|███▎      | 179/538 [07:14<14:30,  0.41it/s]
Testing DataLoader 0:  33%|███▎      | 180/538 [07:16<14:28,  0.41it/s]
Testing DataLoader 0:  34%|███▎      | 181/538 [07:19<14:26,  0.41it/s]
Testing DataLoader 0:  34%|███▍      | 182/538 [07:21<14:23,  0.41it/s]
Testing DataLoader 0:  34%|███▍      | 183/538 [07:23<14:21,  0.41it/s]
Testing DataLoader 0:  34%|███▍      | 184/538 [07:26<14:18,  0.41it/s]
Testing DataLoader 0:  34%|███▍      | 185/538 [07:28<14:16,  0.41it/s]
Testing DataLoader 0:  35%|███▍      | 186/538 [07:31<14:13,  0.41it/s]
Testing DataLoader 0:  35%|███▍      | 187/538 [07:33<14:11,  0.41it/s]
Testing DataLoader 0:  35%|███▍      | 188/538 [07:36<14:09,  0.41it/s]
Testing DataLoader 0:  35%|███▌      | 189/538 [07:38<14:06,  0.41it/s]
Testing DataLoader 0:  35%|███▌      | 190/538 [07:40<14:04,  0.41it/s]
Testing DataLoader 0:  36%|███▌      | 191/538 [07:43<14:01,  0.41it/s]
Testing DataLoader 0:  36%|███▌      | 192/538 [07:45<13:59,  0.41it/s]
Testing DataLoader 0:  36%|███▌      | 193/538 [07:48<13:56,  0.41it/s]
Testing DataLoader 0:  36%|███▌      | 194/538 [07:50<13:54,  0.41it/s]
Testing DataLoader 0:  36%|███▌      | 195/538 [07:53<13:52,  0.41it/s]
Testing DataLoader 0:  36%|███▋      | 196/538 [07:55<13:49,  0.41it/s]
Testing DataLoader 0:  37%|███▋      | 197/538 [07:57<13:47,  0.41it/s]
Testing DataLoader 0:  37%|███▋      | 198/538 [08:00<13:44,  0.41it/s]
Testing DataLoader 0:  37%|███▋      | 199/538 [08:02<13:42,  0.41it/s]
Testing DataLoader 0:  37%|███▋      | 200/538 [08:05<13:39,  0.41it/s]
Testing DataLoader 0:  37%|███▋      | 201/538 [08:07<13:37,  0.41it/s]
Testing DataLoader 0:  38%|███▊      | 202/538 [08:09<13:34,  0.41it/s]
Testing DataLoader 0:  38%|███▊      | 203/538 [08:12<13:32,  0.41it/s]
Testing DataLoader 0:  38%|███▊      | 204/538 [08:14<13:30,  0.41it/s]
Testing DataLoader 0:  38%|███▊      | 205/538 [08:17<13:27,  0.41it/s]
Testing DataLoader 0:  38%|███▊      | 206/538 [08:19<13:25,  0.41it/s]
Testing DataLoader 0:  38%|███▊      | 207/538 [08:22<13:22,  0.41it/s]
Testing DataLoader 0:  39%|███▊      | 208/538 [08:24<13:20,  0.41it/s]
Testing DataLoader 0:  39%|███▉      | 209/538 [08:26<13:17,  0.41it/s]
Testing DataLoader 0:  39%|███▉      | 210/538 [08:29<13:15,  0.41it/s]
Testing DataLoader 0:  39%|███▉      | 211/538 [08:31<13:13,  0.41it/s]
Testing DataLoader 0:  39%|███▉      | 212/538 [08:34<13:10,  0.41it/s]
Testing DataLoader 0:  40%|███▉      | 213/538 [08:36<13:08,  0.41it/s]
Testing DataLoader 0:  40%|███▉      | 214/538 [08:38<13:05,  0.41it/s]
Testing DataLoader 0:  40%|███▉      | 215/538 [08:41<13:03,  0.41it/s]
Testing DataLoader 0:  40%|████      | 216/538 [08:43<13:00,  0.41it/s]
Testing DataLoader 0:  40%|████      | 217/538 [08:46<12:58,  0.41it/s]
Testing DataLoader 0:  41%|████      | 218/538 [08:48<12:56,  0.41it/s]
Testing DataLoader 0:  41%|████      | 219/538 [08:51<12:53,  0.41it/s]
Testing DataLoader 0:  41%|████      | 220/538 [08:53<12:51,  0.41it/s]
Testing DataLoader 0:  41%|████      | 221/538 [08:55<12:48,  0.41it/s]
Testing DataLoader 0:  41%|████▏     | 222/538 [08:58<12:46,  0.41it/s]
Testing DataLoader 0:  41%|████▏     | 223/538 [09:00<12:43,  0.41it/s]
Testing DataLoader 0:  42%|████▏     | 224/538 [09:03<12:41,  0.41it/s]
Testing DataLoader 0:  42%|████▏     | 225/538 [09:05<12:39,  0.41it/s]
Testing DataLoader 0:  42%|████▏     | 226/538 [09:08<12:36,  0.41it/s]
Testing DataLoader 0:  42%|████▏     | 227/538 [09:10<12:34,  0.41it/s]
Testing DataLoader 0:  42%|████▏     | 228/538 [09:12<12:31,  0.41it/s]
Testing DataLoader 0:  43%|████▎     | 229/538 [09:15<12:29,  0.41it/s]
Testing DataLoader 0:  43%|████▎     | 230/538 [09:17<12:26,  0.41it/s]
Testing DataLoader 0:  43%|████▎     | 231/538 [09:20<12:24,  0.41it/s]
Testing DataLoader 0:  43%|████▎     | 232/538 [09:22<12:22,  0.41it/s]
Testing DataLoader 0:  43%|████▎     | 233/538 [09:24<12:19,  0.41it/s]
Testing DataLoader 0:  43%|████▎     | 234/538 [09:27<12:17,  0.41it/s]
Testing DataLoader 0:  44%|████▎     | 235/538 [09:29<12:14,  0.41it/s]
Testing DataLoader 0:  44%|████▍     | 236/538 [09:32<12:12,  0.41it/s]
Testing DataLoader 0:  44%|████▍     | 237/538 [09:34<12:09,  0.41it/s]
Testing DataLoader 0:  44%|████▍     | 238/538 [09:37<12:07,  0.41it/s]
Testing DataLoader 0:  44%|████▍     | 239/538 [09:39<12:05,  0.41it/s]
Testing DataLoader 0:  45%|████▍     | 240/538 [09:41<12:02,  0.41it/s]
Testing DataLoader 0:  45%|████▍     | 241/538 [09:44<12:00,  0.41it/s]
Testing DataLoader 0:  45%|████▍     | 242/538 [09:46<11:57,  0.41it/s]
Testing DataLoader 0:  45%|████▌     | 243/538 [09:49<11:55,  0.41it/s]
Testing DataLoader 0:  45%|████▌     | 244/538 [09:51<11:52,  0.41it/s]
Testing DataLoader 0:  46%|████▌     | 245/538 [09:54<11:50,  0.41it/s]
Testing DataLoader 0:  46%|████▌     | 246/538 [09:56<11:48,  0.41it/s]
Testing DataLoader 0:  46%|████▌     | 247/538 [09:58<11:45,  0.41it/s]
Testing DataLoader 0:  46%|████▌     | 248/538 [10:01<11:43,  0.41it/s]
Testing DataLoader 0:  46%|████▋     | 249/538 [10:03<11:40,  0.41it/s]
Testing DataLoader 0:  46%|████▋     | 250/538 [10:06<11:38,  0.41it/s]
Testing DataLoader 0:  47%|████▋     | 251/538 [10:08<11:35,  0.41it/s]
Testing DataLoader 0:  47%|████▋     | 252/538 [10:11<11:33,  0.41it/s]
Testing DataLoader 0:  47%|████▋     | 253/538 [10:13<11:31,  0.41it/s]
Testing DataLoader 0:  47%|████▋     | 254/538 [10:15<11:28,  0.41it/s]
Testing DataLoader 0:  47%|████▋     | 255/538 [10:18<11:26,  0.41it/s]
Testing DataLoader 0:  48%|████▊     | 256/538 [10:20<11:23,  0.41it/s]
Testing DataLoader 0:  48%|████▊     | 257/538 [10:23<11:21,  0.41it/s]
Testing DataLoader 0:  48%|████▊     | 258/538 [10:25<11:18,  0.41it/s]
Testing DataLoader 0:  48%|████▊     | 259/538 [10:27<11:16,  0.41it/s]
Testing DataLoader 0:  48%|████▊     | 260/538 [10:30<11:14,  0.41it/s]
Testing DataLoader 0:  49%|████▊     | 261/538 [10:32<11:11,  0.41it/s]
Testing DataLoader 0:  49%|████▊     | 262/538 [10:35<11:09,  0.41it/s]
Testing DataLoader 0:  49%|████▉     | 263/538 [10:37<11:06,  0.41it/s]
Testing DataLoader 0:  49%|████▉     | 264/538 [10:40<11:04,  0.41it/s]
Testing DataLoader 0:  49%|████▉     | 265/538 [10:42<11:01,  0.41it/s]
Testing DataLoader 0:  49%|████▉     | 266/538 [10:44<10:59,  0.41it/s]
Testing DataLoader 0:  50%|████▉     | 267/538 [10:47<10:57,  0.41it/s]
Testing DataLoader 0:  50%|████▉     | 268/538 [10:49<10:54,  0.41it/s]
Testing DataLoader 0:  50%|█████     | 269/538 [10:52<10:52,  0.41it/s]
Testing DataLoader 0:  50%|█████     | 270/538 [10:54<10:49,  0.41it/s]
Testing DataLoader 0:  50%|█████     | 271/538 [10:57<10:47,  0.41it/s]
Testing DataLoader 0:  51%|█████     | 272/538 [10:59<10:44,  0.41it/s]
Testing DataLoader 0:  51%|█████     | 273/538 [11:01<10:42,  0.41it/s]
Testing DataLoader 0:  51%|█████     | 274/538 [11:04<10:40,  0.41it/s]
Testing DataLoader 0:  51%|█████     | 275/538 [11:06<10:37,  0.41it/s]
Testing DataLoader 0:  51%|█████▏    | 276/538 [11:09<10:35,  0.41it/s]
Testing DataLoader 0:  51%|█████▏    | 277/538 [11:11<10:32,  0.41it/s]
Testing DataLoader 0:  52%|█████▏    | 278/538 [11:14<10:30,  0.41it/s]
Testing DataLoader 0:  52%|█████▏    | 279/538 [11:16<10:27,  0.41it/s]
Testing DataLoader 0:  52%|█████▏    | 280/538 [11:18<10:25,  0.41it/s]
Testing DataLoader 0:  52%|█████▏    | 281/538 [11:21<10:23,  0.41it/s]
Testing DataLoader 0:  52%|█████▏    | 282/538 [11:23<10:20,  0.41it/s]
Testing DataLoader 0:  53%|█████▎    | 283/538 [11:26<10:18,  0.41it/s]
Testing DataLoader 0:  53%|█████▎    | 284/538 [11:28<10:15,  0.41it/s]
Testing DataLoader 0:  53%|█████▎    | 285/538 [11:30<10:13,  0.41it/s]
Testing DataLoader 0:  53%|█████▎    | 286/538 [11:33<10:10,  0.41it/s]
Testing DataLoader 0:  53%|█████▎    | 287/538 [11:35<10:08,  0.41it/s]
Testing DataLoader 0:  54%|█████▎    | 288/538 [11:38<10:06,  0.41it/s]
Testing DataLoader 0:  54%|█████▎    | 289/538 [11:40<10:03,  0.41it/s]
Testing DataLoader 0:  54%|█████▍    | 290/538 [11:43<10:01,  0.41it/s]
Testing DataLoader 0:  54%|█████▍    | 291/538 [11:45<09:58,  0.41it/s]
Testing DataLoader 0:  54%|█████▍    | 292/538 [11:47<09:56,  0.41it/s]
Testing DataLoader 0:  54%|█████▍    | 293/538 [11:50<09:53,  0.41it/s]
Testing DataLoader 0:  55%|█████▍    | 294/538 [11:52<09:51,  0.41it/s]
Testing DataLoader 0:  55%|█████▍    | 295/538 [11:55<09:49,  0.41it/s]
Testing DataLoader 0:  55%|█████▌    | 296/538 [11:57<09:46,  0.41it/s]
Testing DataLoader 0:  55%|█████▌    | 297/538 [12:00<09:44,  0.41it/s]
Testing DataLoader 0:  55%|█████▌    | 298/538 [12:02<09:41,  0.41it/s]
Testing DataLoader 0:  56%|█████▌    | 299/538 [12:04<09:39,  0.41it/s]
Testing DataLoader 0:  56%|█████▌    | 300/538 [12:07<09:36,  0.41it/s]
Testing DataLoader 0:  56%|█████▌    | 301/538 [12:09<09:34,  0.41it/s]
Testing DataLoader 0:  56%|█████▌    | 302/538 [12:12<09:32,  0.41it/s]
Testing DataLoader 0:  56%|█████▋    | 303/538 [12:14<09:29,  0.41it/s]
Testing DataLoader 0:  57%|█████▋    | 304/538 [12:16<09:27,  0.41it/s]
Testing DataLoader 0:  57%|█████▋    | 305/538 [12:19<09:24,  0.41it/s]
Testing DataLoader 0:  57%|█████▋    | 306/538 [12:21<09:22,  0.41it/s]
Testing DataLoader 0:  57%|█████▋    | 307/538 [12:24<09:19,  0.41it/s]
Testing DataLoader 0:  57%|█████▋    | 308/538 [12:26<09:17,  0.41it/s]
Testing DataLoader 0:  57%|█████▋    | 309/538 [12:29<09:15,  0.41it/s]
Testing DataLoader 0:  58%|█████▊    | 310/538 [12:31<09:12,  0.41it/s]
Testing DataLoader 0:  58%|█████▊    | 311/538 [12:33<09:10,  0.41it/s]
Testing DataLoader 0:  58%|█████▊    | 312/538 [12:36<09:07,  0.41it/s]
Testing DataLoader 0:  58%|█████▊    | 313/538 [12:38<09:05,  0.41it/s]
Testing DataLoader 0:  58%|█████▊    | 314/538 [12:41<09:03,  0.41it/s]
Testing DataLoader 0:  59%|█████▊    | 315/538 [12:43<09:00,  0.41it/s]
Testing DataLoader 0:  59%|█████▊    | 316/538 [12:46<08:58,  0.41it/s]
Testing DataLoader 0:  59%|█████▉    | 317/538 [12:48<08:55,  0.41it/s]
Testing DataLoader 0:  59%|█████▉    | 318/538 [12:50<08:53,  0.41it/s]
Testing DataLoader 0:  59%|█████▉    | 319/538 [12:53<08:50,  0.41it/s]
Testing DataLoader 0:  59%|█████▉    | 320/538 [12:55<08:48,  0.41it/s]
Testing DataLoader 0:  60%|█████▉    | 321/538 [12:58<08:46,  0.41it/s]
Testing DataLoader 0:  60%|█████▉    | 322/538 [13:00<08:43,  0.41it/s]
Testing DataLoader 0:  60%|██████    | 323/538 [13:02<08:41,  0.41it/s]
Testing DataLoader 0:  60%|██████    | 324/538 [13:05<08:38,  0.41it/s]
Testing DataLoader 0:  60%|██████    | 325/538 [13:07<08:36,  0.41it/s]
Testing DataLoader 0:  61%|██████    | 326/538 [13:10<08:33,  0.41it/s]
Testing DataLoader 0:  61%|██████    | 327/538 [13:12<08:31,  0.41it/s]
Testing DataLoader 0:  61%|██████    | 328/538 [13:15<08:29,  0.41it/s]
Testing DataLoader 0:  61%|██████    | 329/538 [13:17<08:26,  0.41it/s]
Testing DataLoader 0:  61%|██████▏   | 330/538 [13:19<08:24,  0.41it/s]
Testing DataLoader 0:  62%|██████▏   | 331/538 [13:22<08:21,  0.41it/s]
Testing DataLoader 0:  62%|██████▏   | 332/538 [13:24<08:19,  0.41it/s]
Testing DataLoader 0:  62%|██████▏   | 333/538 [13:27<08:16,  0.41it/s]
Testing DataLoader 0:  62%|██████▏   | 334/538 [13:29<08:14,  0.41it/s]
Testing DataLoader 0:  62%|██████▏   | 335/538 [13:32<08:12,  0.41it/s]
Testing DataLoader 0:  62%|██████▏   | 336/538 [13:34<08:09,  0.41it/s]
Testing DataLoader 0:  63%|██████▎   | 337/538 [13:36<08:07,  0.41it/s]
Testing DataLoader 0:  63%|██████▎   | 338/538 [13:39<08:04,  0.41it/s]
Testing DataLoader 0:  63%|██████▎   | 339/538 [13:41<08:02,  0.41it/s]
Testing DataLoader 0:  63%|██████▎   | 340/538 [13:44<07:59,  0.41it/s]
Testing DataLoader 0:  63%|██████▎   | 341/538 [13:46<07:57,  0.41it/s]
Testing DataLoader 0:  64%|██████▎   | 342/538 [13:48<07:55,  0.41it/s]
Testing DataLoader 0:  64%|██████▍   | 343/538 [13:51<07:52,  0.41it/s]
Testing DataLoader 0:  64%|██████▍   | 344/538 [13:53<07:50,  0.41it/s]
Testing DataLoader 0:  64%|██████▍   | 345/538 [13:56<07:47,  0.41it/s]
Testing DataLoader 0:  64%|██████▍   | 346/538 [13:58<07:45,  0.41it/s]
Testing DataLoader 0:  64%|██████▍   | 347/538 [14:01<07:42,  0.41it/s]
Testing DataLoader 0:  65%|██████▍   | 348/538 [14:03<07:40,  0.41it/s]
Testing DataLoader 0:  65%|██████▍   | 349/538 [14:05<07:38,  0.41it/s]
Testing DataLoader 0:  65%|██████▌   | 350/538 [14:08<07:35,  0.41it/s]
Testing DataLoader 0:  65%|██████▌   | 351/538 [14:10<07:33,  0.41it/s]
Testing DataLoader 0:  65%|██████▌   | 352/538 [14:13<07:30,  0.41it/s]
Testing DataLoader 0:  66%|██████▌   | 353/538 [14:15<07:28,  0.41it/s]
Testing DataLoader 0:  66%|██████▌   | 354/538 [14:18<07:25,  0.41it/s]
Testing DataLoader 0:  66%|██████▌   | 355/538 [14:20<07:23,  0.41it/s]
Testing DataLoader 0:  66%|██████▌   | 356/538 [14:22<07:21,  0.41it/s]
Testing DataLoader 0:  66%|██████▋   | 357/538 [14:25<07:18,  0.41it/s]
Testing DataLoader 0:  67%|██████▋   | 358/538 [14:27<07:16,  0.41it/s]
Testing DataLoader 0:  67%|██████▋   | 359/538 [14:30<07:13,  0.41it/s]
Testing DataLoader 0:  67%|██████▋   | 360/538 [14:32<07:11,  0.41it/s]
Testing DataLoader 0:  67%|██████▋   | 361/538 [14:34<07:09,  0.41it/s]
Testing DataLoader 0:  67%|██████▋   | 362/538 [14:37<07:06,  0.41it/s]
Testing DataLoader 0:  67%|██████▋   | 363/538 [14:39<07:04,  0.41it/s]
Testing DataLoader 0:  68%|██████▊   | 364/538 [14:42<07:01,  0.41it/s]
Testing DataLoader 0:  68%|██████▊   | 365/538 [14:44<06:59,  0.41it/s]
Testing DataLoader 0:  68%|██████▊   | 366/538 [14:47<06:56,  0.41it/s]
Testing DataLoader 0:  68%|██████▊   | 367/538 [14:49<06:54,  0.41it/s]
Testing DataLoader 0:  68%|██████▊   | 368/538 [14:51<06:52,  0.41it/s]
Testing DataLoader 0:  69%|██████▊   | 369/538 [14:54<06:49,  0.41it/s]
Testing DataLoader 0:  69%|██████▉   | 370/538 [14:56<06:47,  0.41it/s]
Testing DataLoader 0:  69%|██████▉   | 371/538 [14:59<06:44,  0.41it/s]
Testing DataLoader 0:  69%|██████▉   | 372/538 [15:01<06:42,  0.41it/s]
Testing DataLoader 0:  69%|██████▉   | 373/538 [15:04<06:39,  0.41it/s]
Testing DataLoader 0:  70%|██████▉   | 374/538 [15:06<06:37,  0.41it/s]
Testing DataLoader 0:  70%|██████▉   | 375/538 [15:08<06:35,  0.41it/s]
Testing DataLoader 0:  70%|██████▉   | 376/538 [15:11<06:32,  0.41it/s]
Testing DataLoader 0:  70%|███████   | 377/538 [15:13<06:30,  0.41it/s]
Testing DataLoader 0:  70%|███████   | 378/538 [15:16<06:27,  0.41it/s]
Testing DataLoader 0:  70%|███████   | 379/538 [15:18<06:25,  0.41it/s]
Testing DataLoader 0:  71%|███████   | 380/538 [15:21<06:22,  0.41it/s]
Testing DataLoader 0:  71%|███████   | 381/538 [15:23<06:20,  0.41it/s]
Testing DataLoader 0:  71%|███████   | 382/538 [15:25<06:18,  0.41it/s]
Testing DataLoader 0:  71%|███████   | 383/538 [15:28<06:15,  0.41it/s]
Testing DataLoader 0:  71%|███████▏  | 384/538 [15:30<06:13,  0.41it/s]
Testing DataLoader 0:  72%|███████▏  | 385/538 [15:33<06:10,  0.41it/s]
Testing DataLoader 0:  72%|███████▏  | 386/538 [15:35<06:08,  0.41it/s]
Testing DataLoader 0:  72%|███████▏  | 387/538 [15:37<06:05,  0.41it/s]
Testing DataLoader 0:  72%|███████▏  | 388/538 [15:40<06:03,  0.41it/s]
Testing DataLoader 0:  72%|███████▏  | 389/538 [15:42<06:01,  0.41it/s]
Testing DataLoader 0:  72%|███████▏  | 390/538 [15:45<05:58,  0.41it/s]
Testing DataLoader 0:  73%|███████▎  | 391/538 [15:47<05:56,  0.41it/s]
Testing DataLoader 0:  73%|███████▎  | 392/538 [15:50<05:53,  0.41it/s]
Testing DataLoader 0:  73%|███████▎  | 393/538 [15:52<05:51,  0.41it/s]
Testing DataLoader 0:  73%|███████▎  | 394/538 [15:54<05:49,  0.41it/s]
Testing DataLoader 0:  73%|███████▎  | 395/538 [15:57<05:46,  0.41it/s]
Testing DataLoader 0:  74%|███████▎  | 396/538 [15:59<05:44,  0.41it/s]
Testing DataLoader 0:  74%|███████▍  | 397/538 [16:02<05:41,  0.41it/s]
Testing DataLoader 0:  74%|███████▍  | 398/538 [16:04<05:39,  0.41it/s]
Testing DataLoader 0:  74%|███████▍  | 399/538 [16:07<05:36,  0.41it/s]
Testing DataLoader 0:  74%|███████▍  | 400/538 [16:09<05:34,  0.41it/s]
Testing DataLoader 0:  75%|███████▍  | 401/538 [16:11<05:32,  0.41it/s]
Testing DataLoader 0:  75%|███████▍  | 402/538 [16:14<05:29,  0.41it/s]
Testing DataLoader 0:  75%|███████▍  | 403/538 [16:16<05:27,  0.41it/s]
Testing DataLoader 0:  75%|███████▌  | 404/538 [16:19<05:24,  0.41it/s]
Testing DataLoader 0:  75%|███████▌  | 405/538 [16:21<05:22,  0.41it/s]
Testing DataLoader 0:  75%|███████▌  | 406/538 [16:23<05:19,  0.41it/s]
Testing DataLoader 0:  76%|███████▌  | 407/538 [16:26<05:17,  0.41it/s]
Testing DataLoader 0:  76%|███████▌  | 408/538 [16:28<05:15,  0.41it/s]
Testing DataLoader 0:  76%|███████▌  | 409/538 [16:31<05:12,  0.41it/s]
Testing DataLoader 0:  76%|███████▌  | 410/538 [16:33<05:10,  0.41it/s]
Testing DataLoader 0:  76%|███████▋  | 411/538 [16:36<05:07,  0.41it/s]
Testing DataLoader 0:  77%|███████▋  | 412/538 [16:38<05:05,  0.41it/s]
Testing DataLoader 0:  77%|███████▋  | 413/538 [16:40<05:02,  0.41it/s]
Testing DataLoader 0:  77%|███████▋  | 414/538 [16:43<05:00,  0.41it/s]
Testing DataLoader 0:  77%|███████▋  | 415/538 [16:45<04:58,  0.41it/s]
Testing DataLoader 0:  77%|███████▋  | 416/538 [16:48<04:55,  0.41it/s]
Testing DataLoader 0:  78%|███████▊  | 417/538 [16:50<04:53,  0.41it/s]
Testing DataLoader 0:  78%|███████▊  | 418/538 [16:53<04:50,  0.41it/s]
Testing DataLoader 0:  78%|███████▊  | 419/538 [16:55<04:48,  0.41it/s]
Testing DataLoader 0:  78%|███████▊  | 420/538 [16:57<04:45,  0.41it/s]
Testing DataLoader 0:  78%|███████▊  | 421/538 [17:00<04:43,  0.41it/s]
Testing DataLoader 0:  78%|███████▊  | 422/538 [17:02<04:41,  0.41it/s]
Testing DataLoader 0:  79%|███████▊  | 423/538 [17:05<04:38,  0.41it/s]
Testing DataLoader 0:  79%|███████▉  | 424/538 [17:07<04:36,  0.41it/s]
Testing DataLoader 0:  79%|███████▉  | 425/538 [17:10<04:33,  0.41it/s]
Testing DataLoader 0:  79%|███████▉  | 426/538 [17:12<04:31,  0.41it/s]
Testing DataLoader 0:  79%|███████▉  | 427/538 [17:14<04:29,  0.41it/s]
Testing DataLoader 0:  80%|███████▉  | 428/538 [17:17<04:26,  0.41it/s]
Testing DataLoader 0:  80%|███████▉  | 429/538 [17:19<04:24,  0.41it/s]
Testing DataLoader 0:  80%|███████▉  | 430/538 [17:22<04:21,  0.41it/s]
Testing DataLoader 0:  80%|████████  | 431/538 [17:24<04:19,  0.41it/s]
Testing DataLoader 0:  80%|████████  | 432/538 [17:26<04:16,  0.41it/s]
Testing DataLoader 0:  80%|████████  | 433/538 [17:29<04:14,  0.41it/s]
Testing DataLoader 0:  81%|████████  | 434/538 [17:31<04:12,  0.41it/s]
Testing DataLoader 0:  81%|████████  | 435/538 [17:34<04:09,  0.41it/s]
Testing DataLoader 0:  81%|████████  | 436/538 [17:36<04:07,  0.41it/s]
Testing DataLoader 0:  81%|████████  | 437/538 [17:39<04:04,  0.41it/s]
Testing DataLoader 0:  81%|████████▏ | 438/538 [17:41<04:02,  0.41it/s]
Testing DataLoader 0:  82%|████████▏ | 439/538 [17:43<03:59,  0.41it/s]
Testing DataLoader 0:  82%|████████▏ | 440/538 [17:46<03:57,  0.41it/s]
Testing DataLoader 0:  82%|████████▏ | 441/538 [17:48<03:55,  0.41it/s]
Testing DataLoader 0:  82%|████████▏ | 442/538 [17:51<03:52,  0.41it/s]
Testing DataLoader 0:  82%|████████▏ | 443/538 [17:53<03:50,  0.41it/s]
Testing DataLoader 0:  83%|████████▎ | 444/538 [17:55<03:47,  0.41it/s]
Testing DataLoader 0:  83%|████████▎ | 445/538 [17:58<03:45,  0.41it/s]
Testing DataLoader 0:  83%|████████▎ | 446/538 [18:00<03:42,  0.41it/s]
Testing DataLoader 0:  83%|████████▎ | 447/538 [18:03<03:40,  0.41it/s]
Testing DataLoader 0:  83%|████████▎ | 448/538 [18:05<03:38,  0.41it/s]
Testing DataLoader 0:  83%|████████▎ | 449/538 [18:08<03:35,  0.41it/s]
Testing DataLoader 0:  84%|████████▎ | 450/538 [18:10<03:33,  0.41it/s]
Testing DataLoader 0:  84%|████████▍ | 451/538 [18:12<03:30,  0.41it/s]
Testing DataLoader 0:  84%|████████▍ | 452/538 [18:15<03:28,  0.41it/s]
Testing DataLoader 0:  84%|████████▍ | 453/538 [18:17<03:25,  0.41it/s]
Testing DataLoader 0:  84%|████████▍ | 454/538 [18:20<03:23,  0.41it/s]
Testing DataLoader 0:  85%|████████▍ | 455/538 [18:22<03:21,  0.41it/s]
Testing DataLoader 0:  85%|████████▍ | 456/538 [18:25<03:18,  0.41it/s]
Testing DataLoader 0:  85%|████████▍ | 457/538 [18:27<03:16,  0.41it/s]
Testing DataLoader 0:  85%|████████▌ | 458/538 [18:29<03:13,  0.41it/s]
Testing DataLoader 0:  85%|████████▌ | 459/538 [18:32<03:11,  0.41it/s]
Testing DataLoader 0:  86%|████████▌ | 460/538 [18:34<03:09,  0.41it/s]
Testing DataLoader 0:  86%|████████▌ | 461/538 [18:37<03:06,  0.41it/s]
Testing DataLoader 0:  86%|████████▌ | 462/538 [18:39<03:04,  0.41it/s]
Testing DataLoader 0:  86%|████████▌ | 463/538 [18:41<03:01,  0.41it/s]
Testing DataLoader 0:  86%|████████▌ | 464/538 [18:44<02:59,  0.41it/s]
Testing DataLoader 0:  86%|████████▋ | 465/538 [18:46<02:56,  0.41it/s]
Testing DataLoader 0:  87%|████████▋ | 466/538 [18:49<02:54,  0.41it/s]
Testing DataLoader 0:  87%|████████▋ | 467/538 [18:51<02:52,  0.41it/s]
Testing DataLoader 0:  87%|████████▋ | 468/538 [18:54<02:49,  0.41it/s]
Testing DataLoader 0:  87%|████████▋ | 469/538 [18:56<02:47,  0.41it/s]
Testing DataLoader 0:  87%|████████▋ | 470/538 [18:58<02:44,  0.41it/s]
Testing DataLoader 0:  88%|████████▊ | 471/538 [19:01<02:42,  0.41it/s]
Testing DataLoader 0:  88%|████████▊ | 472/538 [19:03<02:39,  0.41it/s]
Testing DataLoader 0:  88%|████████▊ | 473/538 [19:06<02:37,  0.41it/s]
Testing DataLoader 0:  88%|████████▊ | 474/538 [19:08<02:35,  0.41it/s]
Testing DataLoader 0:  88%|████████▊ | 475/538 [19:10<02:32,  0.41it/s]
Testing DataLoader 0:  88%|████████▊ | 476/538 [19:13<02:30,  0.41it/s]
Testing DataLoader 0:  89%|████████▊ | 477/538 [19:15<02:27,  0.41it/s]
Testing DataLoader 0:  89%|████████▉ | 478/538 [19:18<02:25,  0.41it/s]
Testing DataLoader 0:  89%|████████▉ | 479/538 [19:20<02:22,  0.41it/s]
Testing DataLoader 0:  89%|████████▉ | 480/538 [19:23<02:20,  0.41it/s]
Testing DataLoader 0:  89%|████████▉ | 481/538 [19:25<02:18,  0.41it/s]
Testing DataLoader 0:  90%|████████▉ | 482/538 [19:27<02:15,  0.41it/s]
Testing DataLoader 0:  90%|████████▉ | 483/538 [19:30<02:13,  0.41it/s]
Testing DataLoader 0:  90%|████████▉ | 484/538 [19:32<02:10,  0.41it/s]
Testing DataLoader 0:  90%|█████████ | 485/538 [19:35<02:08,  0.41it/s]
Testing DataLoader 0:  90%|█████████ | 486/538 [19:37<02:05,  0.41it/s]
Testing DataLoader 0:  91%|█████████ | 487/538 [19:39<02:03,  0.41it/s]
Testing DataLoader 0:  91%|█████████ | 488/538 [19:42<02:01,  0.41it/s]
Testing DataLoader 0:  91%|█████████ | 489/538 [19:44<01:58,  0.41it/s]
Testing DataLoader 0:  91%|█████████ | 490/538 [19:47<01:56,  0.41it/s]
Testing DataLoader 0:  91%|█████████▏| 491/538 [19:49<01:53,  0.41it/s]
Testing DataLoader 0:  91%|█████████▏| 492/538 [19:52<01:51,  0.41it/s]
Testing DataLoader 0:  92%|█████████▏| 493/538 [19:54<01:49,  0.41it/s]
Testing DataLoader 0:  92%|█████████▏| 494/538 [19:56<01:46,  0.41it/s]
Testing DataLoader 0:  92%|█████████▏| 495/538 [19:59<01:44,  0.41it/s]
Testing DataLoader 0:  92%|█████████▏| 496/538 [20:01<01:41,  0.41it/s]
Testing DataLoader 0:  92%|█████████▏| 497/538 [20:04<01:39,  0.41it/s]
Testing DataLoader 0:  93%|█████████▎| 498/538 [20:06<01:36,  0.41it/s]
Testing DataLoader 0:  93%|█████████▎| 499/538 [20:09<01:34,  0.41it/s]
Testing DataLoader 0:  93%|█████████▎| 500/538 [20:11<01:32,  0.41it/s]
Testing DataLoader 0:  93%|█████████▎| 501/538 [20:13<01:29,  0.41it/s]
Testing DataLoader 0:  93%|█████████▎| 502/538 [20:16<01:27,  0.41it/s]
Testing DataLoader 0:  93%|█████████▎| 503/538 [20:18<01:24,  0.41it/s]
Testing DataLoader 0:  94%|█████████▎| 504/538 [20:21<01:22,  0.41it/s]
Testing DataLoader 0:  94%|█████████▍| 505/538 [20:23<01:19,  0.41it/s]
Testing DataLoader 0:  94%|█████████▍| 506/538 [20:26<01:17,  0.41it/s]
Testing DataLoader 0:  94%|█████████▍| 507/538 [20:28<01:15,  0.41it/s]
Testing DataLoader 0:  94%|█████████▍| 508/538 [20:30<01:12,  0.41it/s]
Testing DataLoader 0:  95%|█████████▍| 509/538 [20:33<01:10,  0.41it/s]
Testing DataLoader 0:  95%|█████████▍| 510/538 [20:35<01:07,  0.41it/s]
Testing DataLoader 0:  95%|█████████▍| 511/538 [20:38<01:05,  0.41it/s]
Testing DataLoader 0:  95%|█████████▌| 512/538 [20:40<01:02,  0.41it/s]
Testing DataLoader 0:  95%|█████████▌| 513/538 [20:42<01:00,  0.41it/s]
Testing DataLoader 0:  96%|█████████▌| 514/538 [20:45<00:58,  0.41it/s]
Testing DataLoader 0:  96%|█████████▌| 515/538 [20:47<00:55,  0.41it/s]
Testing DataLoader 0:  96%|█████████▌| 516/538 [20:50<00:53,  0.41it/s]
Testing DataLoader 0:  96%|█████████▌| 517/538 [20:52<00:50,  0.41it/s]
Testing DataLoader 0:  96%|█████████▋| 518/538 [20:55<00:48,  0.41it/s]
Testing DataLoader 0:  96%|█████████▋| 519/538 [20:57<00:46,  0.41it/s]
Testing DataLoader 0:  97%|█████████▋| 520/538 [20:59<00:43,  0.41it/s]
Testing DataLoader 0:  97%|█████████▋| 521/538 [21:02<00:41,  0.41it/s]
Testing DataLoader 0:  97%|█████████▋| 522/538 [21:04<00:38,  0.41it/s]
Testing DataLoader 0:  97%|█████████▋| 523/538 [21:07<00:36,  0.41it/s]
Testing DataLoader 0:  97%|█████████▋| 524/538 [21:09<00:33,  0.41it/s]
Testing DataLoader 0:  98%|█████████▊| 525/538 [21:12<00:31,  0.41it/s]
Testing DataLoader 0:  98%|█████████▊| 526/538 [21:14<00:29,  0.41it/s]
Testing DataLoader 0:  98%|█████████▊| 527/538 [21:16<00:26,  0.41it/s]
Testing DataLoader 0:  98%|█████████▊| 528/538 [21:19<00:24,  0.41it/s]
Testing DataLoader 0:  98%|█████████▊| 529/538 [21:21<00:21,  0.41it/s]
Testing DataLoader 0:  99%|█████████▊| 530/538 [21:24<00:19,  0.41it/s]
Testing DataLoader 0:  99%|█████████▊| 531/538 [21:26<00:16,  0.41it/s]
Testing DataLoader 0:  99%|█████████▉| 532/538 [21:28<00:14,  0.41it/s]
Testing DataLoader 0:  99%|█████████▉| 533/538 [21:31<00:12,  0.41it/s]
Testing DataLoader 0:  99%|█████████▉| 534/538 [21:33<00:09,  0.41it/s]
Testing DataLoader 0:  99%|█████████▉| 535/538 [21:36<00:07,  0.41it/s]
Testing DataLoader 0: 100%|█████████▉| 536/538 [21:38<00:04,  0.41it/s]
Testing DataLoader 0: 100%|█████████▉| 537/538 [21:41<00:02,  0.41it/s]
Testing DataLoader 0: 100%|██████████| 538/538 [21:42<00:00,  0.41it/s]
=======================================================
  Final Test Report for KNN
=======================================================
              precision    recall  f1-score   support

      Normal     0.9626    0.0456    0.0870     68297
   Anomalous     0.5148    0.9983    0.6793     69289

    accuracy                         0.5254    137586
   macro avg     0.7387    0.5219    0.3832    137586
weighted avg     0.7371    0.5254    0.3853    137586

=======================================================

Testing DataLoader 0: 100%|██████████| 538/538 [21:42<00:00,  0.41it/s]
Model: knn, Dataset: Fox, Window Size: 60, Split Method: 1
✓ Successfully processed: knn Fox 60
---
[2/3] Processing: pca | Fox | window_size=60
Using 8 workers for data loading.
Starting TRAIN and VALID for pca on Fox with window size 60...
--- Step 1: Loading input files ---
Loaded 687989 log events and a map of 6132 template vectors.
--- Step 2: Generating and processing sequences with window_size=60 ---
Found 1463 zero vectors in the aggregated feature vectors. out of 687929
--- Step 3: Performing chronological train-val-test split ---

Sanity Checking: |          | 0/? [00:00<?, ?it/s]
Sanity Checking:   0%|          | 0/2 [00:00<?, ?it/s]
Sanity Checking DataLoader 0:   0%|          | 0/2 [00:00<?, ?it/s]
Sanity Checking DataLoader 0:  50%|█████     | 1/2 [00:00<00:00, 1160.25it/s]
Sanity Checking DataLoader 0: 100%|██████████| 2/2 [00:00<00:00, 1211.70it/s]
                                                                             

Training: |          | 0/? [00:00<?, ?it/s]
--- Fitting sklearn model: PCA ---
Filtering for normal data to fit PCA...
Model fitting complete.

Training:   0%|          | 0/1935 [00:00<?, ?it/s]
Epoch 0:   0%|          | 0/1935 [00:00<?, ?it/s] 
Epoch 0:   0%|          | 1/1935 [00:00<00:05, 354.76it/s]
Epoch 0:   0%|          | 1/1935 [00:00<00:05, 331.54it/s]
Epoch 0:   0%|          | 2/1935 [00:00<00:04, 420.82it/s]
Epoch 0:   0%|          | 2/1935 [00:00<00:04, 407.25it/s]
Epoch 0:   0%|          | 3/1935 [00:00<00:07, 270.41it/s]
Epoch 0:   0%|          | 3/1935 [00:00<00:07, 266.00it/s]
Epoch 0:   0%|          | 4/1935 [00:00<00:05, 334.63it/s]
Epoch 0:   0%|          | 4/1935 [00:00<00:05, 329.57it/s]
Epoch 0:   0%|          | 5/1935 [00:00<00:04, 390.33it/s]
Epoch 0:   0%|          | 5/1935 [00:00<00:05, 385.32it/s]
Epoch 0:   0%|          | 6/1935 [00:00<00:04, 439.90it/s]
Epoch 0:   0%|          | 6/1935 [00:00<00:04, 433.89it/s]
Epoch 0:   0%|          | 7/1935 [00:00<00:04, 443.34it/s]
Epoch 0:   0%|          | 7/1935 [00:00<00:04, 438.23it/s]
Epoch 0:   0%|          | 8/1935 [00:00<00:04, 415.53it/s]
Epoch 0:   0%|          | 8/1935 [00:00<00:04, 411.83it/s]
Epoch 0:   0%|          | 9/1935 [00:00<00:04, 447.71it/s]
Epoch 0:   0%|          | 9/1935 [00:00<00:04, 443.92it/s]
Epoch 0:   1%|          | 10/1935 [00:00<00:04, 476.92it/s]
Epoch 0:   1%|          | 10/1935 [00:00<00:04, 473.09it/s]
Epoch 0:   1%|          | 11/1935 [00:00<00:03, 503.93it/s]
Epoch 0:   1%|          | 11/1935 [00:00<00:03, 499.80it/s]
Epoch 0:   1%|          | 12/1935 [00:00<00:03, 529.37it/s]
Epoch 0:   1%|          | 12/1935 [00:00<00:03, 524.87it/s]
Epoch 0:   1%|          | 13/1935 [00:00<00:03, 552.76it/s]
Epoch 0:   1%|          | 13/1935 [00:00<00:03, 548.36it/s]
Epoch 0:   1%|          | 14/1935 [00:00<00:03, 574.67it/s]
Epoch 0:   1%|          | 14/1935 [00:00<00:03, 570.73it/s]
Epoch 0:   1%|          | 15/1935 [00:00<00:03, 595.56it/s]
Epoch 0:   1%|          | 15/1935 [00:00<00:03, 591.61it/s]
Epoch 0:   1%|          | 16/1935 [00:00<00:03, 601.43it/s]
Epoch 0:   1%|          | 16/1935 [00:00<00:03, 597.69it/s]
Epoch 0:   1%|          | 17/1935 [00:00<00:03, 607.09it/s]
Epoch 0:   1%|          | 17/1935 [00:00<00:03, 603.48it/s]
Epoch 0:   1%|          | 18/1935 [00:00<00:03, 611.57it/s]
Epoch 0:   1%|          | 18/1935 [00:00<00:03, 608.05it/s]
Epoch 0:   1%|          | 19/1935 [00:00<00:03, 616.28it/s]
Epoch 0:   1%|          | 19/1935 [00:00<00:03, 612.83it/s]
Epoch 0:   1%|          | 20/1935 [00:00<00:03, 619.90it/s]
Epoch 0:   1%|          | 20/1935 [00:00<00:03, 616.94it/s]
Epoch 0:   1%|          | 21/1935 [00:00<00:03, 623.38it/s]
Epoch 0:   1%|          | 21/1935 [00:00<00:03, 619.90it/s]
Epoch 0:   1%|          | 22/1935 [00:00<00:03, 625.42it/s]
Epoch 0:   1%|          | 22/1935 [00:00<00:03, 622.54it/s]
Epoch 0:   1%|          | 23/1935 [00:00<00:03, 629.11it/s]
Epoch 0:   1%|          | 23/1935 [00:00<00:03, 626.20it/s]
Epoch 0:   1%|          | 24/1935 [00:00<00:03, 632.26it/s]
Epoch 0:   1%|          | 24/1935 [00:00<00:03, 629.42it/s]
Epoch 0:   1%|▏         | 25/1935 [00:00<00:03, 634.86it/s]
Epoch 0:   1%|▏         | 25/1935 [00:00<00:03, 632.18it/s]
Epoch 0:   1%|▏         | 26/1935 [00:00<00:02, 637.34it/s]
Epoch 0:   1%|▏         | 26/1935 [00:00<00:03, 634.68it/s]
Epoch 0:   1%|▏         | 27/1935 [00:00<00:02, 640.24it/s]
Epoch 0:   1%|▏         | 27/1935 [00:00<00:02, 637.56it/s]
Epoch 0:   1%|▏         | 28/1935 [00:00<00:02, 642.04it/s]
Epoch 0:   1%|▏         | 28/1935 [00:00<00:02, 639.53it/s]
Epoch 0:   1%|▏         | 29/1935 [00:00<00:02, 643.50it/s]
Epoch 0:   1%|▏         | 29/1935 [00:00<00:02, 641.36it/s]
Epoch 0:   2%|▏         | 30/1935 [00:00<00:02, 645.79it/s]
Epoch 0:   2%|▏         | 30/1935 [00:00<00:02, 643.53it/s]
Epoch 0:   2%|▏         | 31/1935 [00:00<00:02, 647.51it/s]
Epoch 0:   2%|▏         | 31/1935 [00:00<00:02, 645.18it/s]
Epoch 0:   2%|▏         | 32/1935 [00:00<00:02, 649.07it/s]
Epoch 0:   2%|▏         | 32/1935 [00:00<00:02, 646.78it/s]
Epoch 0:   2%|▏         | 33/1935 [00:00<00:02, 650.39it/s]
Epoch 0:   2%|▏         | 33/1935 [00:00<00:02, 648.24it/s]
Epoch 0:   2%|▏         | 34/1935 [00:00<00:02, 651.69it/s]
Epoch 0:   2%|▏         | 34/1935 [00:00<00:02, 649.51it/s]
Epoch 0:   2%|▏         | 35/1935 [00:00<00:02, 653.47it/s]
Epoch 0:   2%|▏         | 35/1935 [00:00<00:02, 651.26it/s]
Epoch 0:   2%|▏         | 36/1935 [00:00<00:02, 654.43it/s]
Epoch 0:   2%|▏         | 36/1935 [00:00<00:02, 652.42it/s]
Epoch 0:   2%|▏         | 37/1935 [00:00<00:02, 655.82it/s]
Epoch 0:   2%|▏         | 37/1935 [00:00<00:02, 653.69it/s]
Epoch 0:   2%|▏         | 38/1935 [00:00<00:02, 656.89it/s]
Epoch 0:   2%|▏         | 38/1935 [00:00<00:02, 654.97it/s]
Epoch 0:   2%|▏         | 39/1935 [00:00<00:02, 658.30it/s]
Epoch 0:   2%|▏         | 39/1935 [00:00<00:02, 656.41it/s]
Epoch 0:   2%|▏         | 40/1935 [00:00<00:02, 659.54it/s]
Epoch 0:   2%|▏         | 40/1935 [00:00<00:02, 657.60it/s]
Epoch 0:   2%|▏         | 41/1935 [00:00<00:02, 660.69it/s]
Epoch 0:   2%|▏         | 41/1935 [00:00<00:02, 658.94it/s]
Epoch 0:   2%|▏         | 42/1935 [00:00<00:02, 661.77it/s]
Epoch 0:   2%|▏         | 42/1935 [00:00<00:02, 659.99it/s]
Epoch 0:   2%|▏         | 43/1935 [00:00<00:02, 663.07it/s]
Epoch 0:   2%|▏         | 43/1935 [00:00<00:02, 661.36it/s]
Epoch 0:   2%|▏         | 44/1935 [00:00<00:02, 664.00it/s]
Epoch 0:   2%|▏         | 44/1935 [00:00<00:02, 662.29it/s]
Epoch 0:   2%|▏         | 45/1935 [00:00<00:02, 665.05it/s]
Epoch 0:   2%|▏         | 45/1935 [00:00<00:02, 662.96it/s]
Epoch 0:   2%|▏         | 46/1935 [00:00<00:02, 665.44it/s]
Epoch 0:   2%|▏         | 46/1935 [00:00<00:02, 663.80it/s]
Epoch 0:   2%|▏         | 47/1935 [00:00<00:02, 666.67it/s]
Epoch 0:   2%|▏         | 47/1935 [00:00<00:02, 665.06it/s]
Epoch 0:   2%|▏         | 48/1935 [00:00<00:02, 667.26it/s]
Epoch 0:   2%|▏         | 48/1935 [00:00<00:02, 665.63it/s]
Epoch 0:   3%|▎         | 49/1935 [00:00<00:02, 667.99it/s]
Epoch 0:   3%|▎         | 49/1935 [00:00<00:02, 666.47it/s]
Epoch 0:   3%|▎         | 50/1935 [00:00<00:02, 668.76it/s]
Epoch 0:   3%|▎         | 50/1935 [00:00<00:02, 667.23it/s]
Epoch 0:   3%|▎         | 51/1935 [00:00<00:02, 669.70it/s]
Epoch 0:   3%|▎         | 51/1935 [00:00<00:02, 668.16it/s]
Epoch 0:   3%|▎         | 52/1935 [00:00<00:02, 670.17it/s]
Epoch 0:   3%|▎         | 52/1935 [00:00<00:02, 668.68it/s]
Epoch 0:   3%|▎         | 53/1935 [00:00<00:02, 670.82it/s]
Epoch 0:   3%|▎         | 53/1935 [00:00<00:02, 669.28it/s]
Epoch 0:   3%|▎         | 54/1935 [00:00<00:02, 671.29it/s]
Epoch 0:   3%|▎         | 54/1935 [00:00<00:02, 669.85it/s]
Epoch 0:   3%|▎         | 55/1935 [00:00<00:02, 671.89it/s]
Epoch 0:   3%|▎         | 55/1935 [00:00<00:02, 670.49it/s]
Epoch 0:   3%|▎         | 56/1935 [00:00<00:02, 672.57it/s]
Epoch 0:   3%|▎         | 56/1935 [00:00<00:02, 671.17it/s]
Epoch 0:   3%|▎         | 57/1935 [00:00<00:02, 673.25it/s]
Epoch 0:   3%|▎         | 57/1935 [00:00<00:02, 671.72it/s]
Epoch 0:   3%|▎         | 58/1935 [00:00<00:02, 673.59it/s]
Epoch 0:   3%|▎         | 58/1935 [00:00<00:02, 672.23it/s]
Epoch 0:   3%|▎         | 59/1935 [00:00<00:02, 674.38it/s]
Epoch 0:   3%|▎         | 59/1935 [00:00<00:02, 673.02it/s]
Epoch 0:   3%|▎         | 60/1935 [00:00<00:02, 674.63it/s]
Epoch 0:   3%|▎         | 60/1935 [00:00<00:02, 673.44it/s]
Epoch 0:   3%|▎         | 61/1935 [00:00<00:02, 675.30it/s]
Epoch 0:   3%|▎         | 61/1935 [00:00<00:02, 673.95it/s]
Epoch 0:   3%|▎         | 62/1935 [00:00<00:02, 675.68it/s]
Epoch 0:   3%|▎         | 62/1935 [00:00<00:02, 674.43it/s]
Epoch 0:   3%|▎         | 63/1935 [00:00<00:02, 676.18it/s]
Epoch 0:   3%|▎         | 63/1935 [00:00<00:02, 674.94it/s]
Epoch 0:   3%|▎         | 64/1935 [00:00<00:02, 676.57it/s]
Epoch 0:   3%|▎         | 64/1935 [00:00<00:02, 675.29it/s]
Epoch 0:   3%|▎         | 65/1935 [00:00<00:02, 676.80it/s]
Epoch 0:   3%|▎         | 65/1935 [00:00<00:02, 675.74it/s]
Epoch 0:   3%|▎         | 66/1935 [00:00<00:02, 677.44it/s]
Epoch 0:   3%|▎         | 66/1935 [00:00<00:02, 676.25it/s]
Epoch 0:   3%|▎         | 67/1935 [00:00<00:02, 678.08it/s]
Epoch 0:   3%|▎         | 67/1935 [00:00<00:02, 676.87it/s]
Epoch 0:   4%|▎         | 68/1935 [00:00<00:02, 678.54it/s]
Epoch 0:   4%|▎         | 68/1935 [00:00<00:02, 677.49it/s]
Epoch 0:   4%|▎         | 69/1935 [00:00<00:02, 679.18it/s]
Epoch 0:   4%|▎         | 69/1935 [00:00<00:02, 677.94it/s]
Epoch 0:   4%|▎         | 70/1935 [00:00<00:02, 679.45it/s]
Epoch 0:   4%|▎         | 70/1935 [00:00<00:02, 678.33it/s]
Epoch 0:   4%|▎         | 71/1935 [00:00<00:02, 680.06it/s]
Epoch 0:   4%|▎         | 71/1935 [00:00<00:02, 678.97it/s]
Epoch 0:   4%|▎         | 72/1935 [00:00<00:02, 680.57it/s]
Epoch 0:   4%|▎         | 72/1935 [00:00<00:02, 679.45it/s]
Epoch 0:   4%|▍         | 73/1935 [00:00<00:02, 681.09it/s]
Epoch 0:   4%|▍         | 73/1935 [00:00<00:02, 680.05it/s]
Epoch 0:   4%|▍         | 74/1935 [00:00<00:02, 681.58it/s]
Epoch 0:   4%|▍         | 74/1935 [00:00<00:02, 680.47it/s]
Epoch 0:   4%|▍         | 75/1935 [00:00<00:02, 681.98it/s]
Epoch 0:   4%|▍         | 75/1935 [00:00<00:02, 680.89it/s]
Epoch 0:   4%|▍         | 76/1935 [00:00<00:02, 682.37it/s]
Epoch 0:   4%|▍         | 76/1935 [00:00<00:02, 681.35it/s]
Epoch 0:   4%|▍         | 77/1935 [00:00<00:02, 682.73it/s]
Epoch 0:   4%|▍         | 77/1935 [00:00<00:02, 681.62it/s]
Epoch 0:   4%|▍         | 78/1935 [00:00<00:02, 683.07it/s]
Epoch 0:   4%|▍         | 78/1935 [00:00<00:02, 682.06it/s]
Epoch 0:   4%|▍         | 79/1935 [00:00<00:02, 683.64it/s]
Epoch 0:   4%|▍         | 79/1935 [00:00<00:02, 682.60it/s]
Epoch 0:   4%|▍         | 80/1935 [00:00<00:02, 683.94it/s]
Epoch 0:   4%|▍         | 80/1935 [00:00<00:02, 682.93it/s]
Epoch 0:   4%|▍         | 81/1935 [00:00<00:02, 684.28it/s]
Epoch 0:   4%|▍         | 81/1935 [00:00<00:02, 683.31it/s]
Epoch 0:   4%|▍         | 82/1935 [00:00<00:02, 684.60it/s]
Epoch 0:   4%|▍         | 82/1935 [00:00<00:02, 683.61it/s]
Epoch 0:   4%|▍         | 83/1935 [00:00<00:02, 684.95it/s]
Epoch 0:   4%|▍         | 83/1935 [00:00<00:02, 683.95it/s]
Epoch 0:   4%|▍         | 84/1935 [00:00<00:02, 685.30it/s]
Epoch 0:   4%|▍         | 84/1935 [00:00<00:02, 684.40it/s]
Epoch 0:   4%|▍         | 85/1935 [00:00<00:02, 685.62it/s]
Epoch 0:   4%|▍         | 85/1935 [00:00<00:02, 684.61it/s]
Epoch 0:   4%|▍         | 86/1935 [00:00<00:02, 685.72it/s]
Epoch 0:   4%|▍         | 86/1935 [00:00<00:02, 684.78it/s]
Epoch 0:   4%|▍         | 87/1935 [00:00<00:02, 686.11it/s]
Epoch 0:   4%|▍         | 87/1935 [00:00<00:02, 685.20it/s]
Epoch 0:   5%|▍         | 88/1935 [00:00<00:02, 686.45it/s]
Epoch 0:   5%|▍         | 88/1935 [00:00<00:02, 685.51it/s]
Epoch 0:   5%|▍         | 89/1935 [00:00<00:02, 686.59it/s]
Epoch 0:   5%|▍         | 89/1935 [00:00<00:02, 685.64it/s]
Epoch 0:   5%|▍         | 90/1935 [00:00<00:02, 686.67it/s]
Epoch 0:   5%|▍         | 90/1935 [00:00<00:02, 685.75it/s]
Epoch 0:   5%|▍         | 91/1935 [00:00<00:02, 686.99it/s]
Epoch 0:   5%|▍         | 91/1935 [00:00<00:02, 686.08it/s]
Epoch 0:   5%|▍         | 92/1935 [00:00<00:02, 687.25it/s]
Epoch 0:   5%|▍         | 92/1935 [00:00<00:02, 686.40it/s]
Epoch 0:   5%|▍         | 93/1935 [00:00<00:02, 687.56it/s]
Epoch 0:   5%|▍         | 93/1935 [00:00<00:02, 686.64it/s]
Epoch 0:   5%|▍         | 94/1935 [00:00<00:02, 687.71it/s]
Epoch 0:   5%|▍         | 94/1935 [00:00<00:02, 686.76it/s]
Epoch 0:   5%|▍         | 95/1935 [00:00<00:02, 687.95it/s]
Epoch 0:   5%|▍         | 95/1935 [00:00<00:02, 687.09it/s]
Epoch 0:   5%|▍         | 96/1935 [00:00<00:02, 688.19it/s]
Epoch 0:   5%|▍         | 96/1935 [00:00<00:02, 687.34it/s]
Epoch 0:   5%|▌         | 97/1935 [00:00<00:02, 688.44it/s]
Epoch 0:   5%|▌         | 97/1935 [00:00<00:02, 687.61it/s]
Epoch 0:   5%|▌         | 98/1935 [00:00<00:02, 688.67it/s]
Epoch 0:   5%|▌         | 98/1935 [00:00<00:02, 687.83it/s]
Epoch 0:   5%|▌         | 99/1935 [00:00<00:02, 689.02it/s]
Epoch 0:   5%|▌         | 99/1935 [00:00<00:02, 688.13it/s]
Epoch 0:   5%|▌         | 100/1935 [00:00<00:02, 689.14it/s]
Epoch 0:   5%|▌         | 100/1935 [00:00<00:02, 688.40it/s]
Epoch 0:   5%|▌         | 101/1935 [00:00<00:02, 689.44it/s]
Epoch 0:   5%|▌         | 101/1935 [00:00<00:02, 688.59it/s]
Epoch 0:   5%|▌         | 102/1935 [00:00<00:02, 689.59it/s]
Epoch 0:   5%|▌         | 102/1935 [00:00<00:02, 688.81it/s]
Epoch 0:   5%|▌         | 103/1935 [00:00<00:02, 689.77it/s]
Epoch 0:   5%|▌         | 103/1935 [00:00<00:02, 688.99it/s]
Epoch 0:   5%|▌         | 104/1935 [00:00<00:02, 689.97it/s]
Epoch 0:   5%|▌         | 104/1935 [00:00<00:02, 689.18it/s]
Epoch 0:   5%|▌         | 105/1935 [00:00<00:02, 690.26it/s]
Epoch 0:   5%|▌         | 105/1935 [00:00<00:02, 689.51it/s]
Epoch 0:   5%|▌         | 106/1935 [00:00<00:02, 690.32it/s]
Epoch 0:   5%|▌         | 106/1935 [00:00<00:02, 689.52it/s]
Epoch 0:   6%|▌         | 107/1935 [00:00<00:02, 690.55it/s]
Epoch 0:   6%|▌         | 107/1935 [00:00<00:02, 689.76it/s]
Epoch 0:   6%|▌         | 108/1935 [00:00<00:02, 690.74it/s]
Epoch 0:   6%|▌         | 108/1935 [00:00<00:02, 690.05it/s]
Epoch 0:   6%|▌         | 109/1935 [00:00<00:02, 690.95it/s]
Epoch 0:   6%|▌         | 109/1935 [00:00<00:02, 690.13it/s]
Epoch 0:   6%|▌         | 110/1935 [00:00<00:02, 691.07it/s]
Epoch 0:   6%|▌         | 110/1935 [00:00<00:02, 690.34it/s]
Epoch 0:   6%|▌         | 111/1935 [00:00<00:02, 691.39it/s]
Epoch 0:   6%|▌         | 111/1935 [00:00<00:02, 690.70it/s]
Epoch 0:   6%|▌         | 112/1935 [00:00<00:02, 691.65it/s]
Epoch 0:   6%|▌         | 112/1935 [00:00<00:02, 690.91it/s]
Epoch 0:   6%|▌         | 113/1935 [00:00<00:02, 691.90it/s]
Epoch 0:   6%|▌         | 113/1935 [00:00<00:02, 691.18it/s]
Epoch 0:   6%|▌         | 114/1935 [00:00<00:02, 691.97it/s]
Epoch 0:   6%|▌         | 114/1935 [00:00<00:02, 691.25it/s]
Epoch 0:   6%|▌         | 115/1935 [00:00<00:02, 692.25it/s]
Epoch 0:   6%|▌         | 115/1935 [00:00<00:02, 691.52it/s]
Epoch 0:   6%|▌         | 116/1935 [00:00<00:02, 692.43it/s]
Epoch 0:   6%|▌         | 116/1935 [00:00<00:02, 691.73it/s]
Epoch 0:   6%|▌         | 117/1935 [00:00<00:02, 692.58it/s]
Epoch 0:   6%|▌         | 117/1935 [00:00<00:02, 691.84it/s]
Epoch 0:   6%|▌         | 118/1935 [00:00<00:02, 692.67it/s]
Epoch 0:   6%|▌         | 118/1935 [00:00<00:02, 691.97it/s]
Epoch 0:   6%|▌         | 119/1935 [00:00<00:02, 692.89it/s]
Epoch 0:   6%|▌         | 119/1935 [00:00<00:02, 692.26it/s]
Epoch 0:   6%|▌         | 120/1935 [00:00<00:02, 693.02it/s]
Epoch 0:   6%|▌         | 120/1935 [00:00<00:02, 692.33it/s]
Epoch 0:   6%|▋         | 121/1935 [00:00<00:02, 693.17it/s]
Epoch 0:   6%|▋         | 121/1935 [00:00<00:02, 692.47it/s]
Epoch 0:   6%|▋         | 122/1935 [00:00<00:02, 693.32it/s]
Epoch 0:   6%|▋         | 122/1935 [00:00<00:02, 692.64it/s]
Epoch 0:   6%|▋         | 123/1935 [00:00<00:02, 693.50it/s]
Epoch 0:   6%|▋         | 123/1935 [00:00<00:02, 692.80it/s]
Epoch 0:   6%|▋         | 124/1935 [00:00<00:02, 693.51it/s]
Epoch 0:   6%|▋         | 124/1935 [00:00<00:02, 692.90it/s]
Epoch 0:   6%|▋         | 125/1935 [00:00<00:02, 693.69it/s]
Epoch 0:   6%|▋         | 125/1935 [00:00<00:02, 692.99it/s]
Epoch 0:   7%|▋         | 126/1935 [00:00<00:02, 693.73it/s]
Epoch 0:   7%|▋         | 126/1935 [00:00<00:02, 693.06it/s]
Epoch 0:   7%|▋         | 127/1935 [00:00<00:02, 693.98it/s]
Epoch 0:   7%|▋         | 127/1935 [00:00<00:02, 693.35it/s]
Epoch 0:   7%|▋         | 128/1935 [00:00<00:02, 694.19it/s]
Epoch 0:   7%|▋         | 128/1935 [00:00<00:02, 693.54it/s]
Epoch 0:   7%|▋         | 129/1935 [00:00<00:02, 694.25it/s]
Epoch 0:   7%|▋         | 129/1935 [00:00<00:02, 693.64it/s]
Epoch 0:   7%|▋         | 130/1935 [00:00<00:02, 694.45it/s]
Epoch 0:   7%|▋         | 130/1935 [00:00<00:02, 693.81it/s]
Epoch 0:   7%|▋         | 131/1935 [00:00<00:02, 694.69it/s]
Epoch 0:   7%|▋         | 131/1935 [00:00<00:02, 693.97it/s]
Epoch 0:   7%|▋         | 132/1935 [00:00<00:02, 694.70it/s]
Epoch 0:   7%|▋         | 132/1935 [00:00<00:02, 694.13it/s]
Epoch 0:   7%|▋         | 133/1935 [00:00<00:02, 694.90it/s]
Epoch 0:   7%|▋         | 133/1935 [00:00<00:02, 694.24it/s]
Epoch 0:   7%|▋         | 134/1935 [00:00<00:02, 694.96it/s]
Epoch 0:   7%|▋         | 134/1935 [00:00<00:02, 694.35it/s]
Epoch 0:   7%|▋         | 135/1935 [00:00<00:02, 695.20it/s]
Epoch 0:   7%|▋         | 135/1935 [00:00<00:02, 694.59it/s]
Epoch 0:   7%|▋         | 136/1935 [00:00<00:02, 695.33it/s]
Epoch 0:   7%|▋         | 136/1935 [00:00<00:02, 694.70it/s]
Epoch 0:   7%|▋         | 137/1935 [00:00<00:02, 695.44it/s]
Epoch 0:   7%|▋         | 137/1935 [00:00<00:02, 694.85it/s]
Epoch 0:   7%|▋         | 138/1935 [00:00<00:02, 695.61it/s]
Epoch 0:   7%|▋         | 138/1935 [00:00<00:02, 695.01it/s]
Epoch 0:   7%|▋         | 139/1935 [00:00<00:02, 695.80it/s]
Epoch 0:   7%|▋         | 139/1935 [00:00<00:02, 695.18it/s]
Epoch 0:   7%|▋         | 140/1935 [00:00<00:02, 695.58it/s]
Epoch 0:   7%|▋         | 140/1935 [00:00<00:02, 694.99it/s]
Epoch 0:   7%|▋         | 141/1935 [00:00<00:02, 695.73it/s]
Epoch 0:   7%|▋         | 141/1935 [00:00<00:02, 695.08it/s]
Epoch 0:   7%|▋         | 142/1935 [00:00<00:02, 695.70it/s]
Epoch 0:   7%|▋         | 142/1935 [00:00<00:02, 695.14it/s]
Epoch 0:   7%|▋         | 143/1935 [00:00<00:02, 695.85it/s]
Epoch 0:   7%|▋         | 143/1935 [00:00<00:02, 695.28it/s]
Epoch 0:   7%|▋         | 144/1935 [00:00<00:02, 695.98it/s]
Epoch 0:   7%|▋         | 144/1935 [00:00<00:02, 695.40it/s]
Epoch 0:   7%|▋         | 145/1935 [00:00<00:02, 696.13it/s]
Epoch 0:   7%|▋         | 145/1935 [00:00<00:02, 695.56it/s]
Epoch 0:   8%|▊         | 146/1935 [00:00<00:02, 696.19it/s]
Epoch 0:   8%|▊         | 146/1935 [00:00<00:02, 695.62it/s]
Epoch 0:   8%|▊         | 147/1935 [00:00<00:02, 696.41it/s]
Epoch 0:   8%|▊         | 147/1935 [00:00<00:02, 695.83it/s]
Epoch 0:   8%|▊         | 148/1935 [00:00<00:02, 696.51it/s]
Epoch 0:   8%|▊         | 148/1935 [00:00<00:02, 696.01it/s]
Epoch 0:   8%|▊         | 149/1935 [00:00<00:02, 696.64it/s]
Epoch 0:   8%|▊         | 149/1935 [00:00<00:02, 696.05it/s]
Epoch 0:   8%|▊         | 150/1935 [00:00<00:02, 696.73it/s]
Epoch 0:   8%|▊         | 150/1935 [00:00<00:02, 696.19it/s]
Epoch 0:   8%|▊         | 151/1935 [00:00<00:02, 696.89it/s]
Epoch 0:   8%|▊         | 151/1935 [00:00<00:02, 696.32it/s]
Epoch 0:   8%|▊         | 152/1935 [00:00<00:02, 697.01it/s]
Epoch 0:   8%|▊         | 152/1935 [00:00<00:02, 696.45it/s]
Epoch 0:   8%|▊         | 153/1935 [00:00<00:02, 697.15it/s]
Epoch 0:   8%|▊         | 153/1935 [00:00<00:02, 696.61it/s]
Epoch 0:   8%|▊         | 154/1935 [00:00<00:02, 697.21it/s]
Epoch 0:   8%|▊         | 154/1935 [00:00<00:02, 696.67it/s]
Epoch 0:   8%|▊         | 155/1935 [00:00<00:02, 697.39it/s]
Epoch 0:   8%|▊         | 155/1935 [00:00<00:02, 696.84it/s]
Epoch 0:   8%|▊         | 156/1935 [00:00<00:02, 697.49it/s]
Epoch 0:   8%|▊         | 156/1935 [00:00<00:02, 696.98it/s]
Epoch 0:   8%|▊         | 157/1935 [00:00<00:02, 697.61it/s]
Epoch 0:   8%|▊         | 157/1935 [00:00<00:02, 697.05it/s]
Epoch 0:   8%|▊         | 158/1935 [00:00<00:02, 697.66it/s]
Epoch 0:   8%|▊         | 158/1935 [00:00<00:02, 697.14it/s]
Epoch 0:   8%|▊         | 159/1935 [00:00<00:02, 697.85it/s]
Epoch 0:   8%|▊         | 159/1935 [00:00<00:02, 697.34it/s]
Epoch 0:   8%|▊         | 160/1935 [00:00<00:02, 697.88it/s]
Epoch 0:   8%|▊         | 160/1935 [00:00<00:02, 697.35it/s]
Epoch 0:   8%|▊         | 161/1935 [00:00<00:02, 697.99it/s]
Epoch 0:   8%|▊         | 161/1935 [00:00<00:02, 697.46it/s]
Epoch 0:   8%|▊         | 162/1935 [00:00<00:02, 698.04it/s]
Epoch 0:   8%|▊         | 162/1935 [00:00<00:02, 697.52it/s]
Epoch 0:   8%|▊         | 163/1935 [00:00<00:02, 698.15it/s]
Epoch 0:   8%|▊         | 163/1935 [00:00<00:02, 697.62it/s]
Epoch 0:   8%|▊         | 164/1935 [00:00<00:02, 698.14it/s]
Epoch 0:   8%|▊         | 164/1935 [00:00<00:02, 697.63it/s]
Epoch 0:   9%|▊         | 165/1935 [00:00<00:02, 698.20it/s]
Epoch 0:   9%|▊         | 165/1935 [00:00<00:02, 697.66it/s]
Epoch 0:   9%|▊         | 166/1935 [00:00<00:02, 698.20it/s]
Epoch 0:   9%|▊         | 166/1935 [00:00<00:02, 697.70it/s]
Epoch 0:   9%|▊         | 167/1935 [00:00<00:02, 698.37it/s]
Epoch 0:   9%|▊         | 167/1935 [00:00<00:02, 697.92it/s]
Epoch 0:   9%|▊         | 168/1935 [00:00<00:02, 698.52it/s]
Epoch 0:   9%|▊         | 168/1935 [00:00<00:02, 698.02it/s]
Epoch 0:   9%|▊         | 169/1935 [00:00<00:02, 698.58it/s]
Epoch 0:   9%|▊         | 169/1935 [00:00<00:02, 698.11it/s]
Epoch 0:   9%|▉         | 170/1935 [00:00<00:02, 698.66it/s]
Epoch 0:   9%|▉         | 170/1935 [00:00<00:02, 698.17it/s]
Epoch 0:   9%|▉         | 171/1935 [00:00<00:02, 698.80it/s]
Epoch 0:   9%|▉         | 171/1935 [00:00<00:02, 698.29it/s]
Epoch 0:   9%|▉         | 172/1935 [00:00<00:02, 698.83it/s]
Epoch 0:   9%|▉         | 172/1935 [00:00<00:02, 698.39it/s]
Epoch 0:   9%|▉         | 173/1935 [00:00<00:02, 698.95it/s]
Epoch 0:   9%|▉         | 173/1935 [00:00<00:02, 698.44it/s]
Epoch 0:   9%|▉         | 174/1935 [00:00<00:02, 698.98it/s]
Epoch 0:   9%|▉         | 174/1935 [00:00<00:02, 698.52it/s]
Epoch 0:   9%|▉         | 175/1935 [00:00<00:02, 699.10it/s]
Epoch 0:   9%|▉         | 175/1935 [00:00<00:02, 698.62it/s]
Epoch 0:   9%|▉         | 176/1935 [00:00<00:02, 699.16it/s]
Epoch 0:   9%|▉         | 176/1935 [00:00<00:02, 698.67it/s]
Epoch 0:   9%|▉         | 177/1935 [00:00<00:02, 699.26it/s]
Epoch 0:   9%|▉         | 177/1935 [00:00<00:02, 698.79it/s]
Epoch 0:   9%|▉         | 178/1935 [00:00<00:02, 699.32it/s]
Epoch 0:   9%|▉         | 178/1935 [00:00<00:02, 698.84it/s]
Epoch 0:   9%|▉         | 179/1935 [00:00<00:02, 699.48it/s]
Epoch 0:   9%|▉         | 179/1935 [00:00<00:02, 699.00it/s]
Epoch 0:   9%|▉         | 180/1935 [00:00<00:02, 699.56it/s]
Epoch 0:   9%|▉         | 180/1935 [00:00<00:02, 699.14it/s]
Epoch 0:   9%|▉         | 181/1935 [00:00<00:02, 699.61it/s]
Epoch 0:   9%|▉         | 181/1935 [00:00<00:02, 699.12it/s]
Epoch 0:   9%|▉         | 182/1935 [00:00<00:02, 699.67it/s]
Epoch 0:   9%|▉         | 182/1935 [00:00<00:02, 699.22it/s]
Epoch 0:   9%|▉         | 183/1935 [00:00<00:02, 699.84it/s]
Epoch 0:   9%|▉         | 183/1935 [00:00<00:02, 699.39it/s]
Epoch 0:  10%|▉         | 184/1935 [00:00<00:02, 699.83it/s]
Epoch 0:  10%|▉         | 184/1935 [00:00<00:02, 699.36it/s]
Epoch 0:  10%|▉         | 185/1935 [00:00<00:02, 699.85it/s]
Epoch 0:  10%|▉         | 185/1935 [00:00<00:02, 699.40it/s]
Epoch 0:  10%|▉         | 186/1935 [00:00<00:02, 699.85it/s]
Epoch 0:  10%|▉         | 186/1935 [00:00<00:02, 699.40it/s]
Epoch 0:  10%|▉         | 187/1935 [00:00<00:02, 699.90it/s]
Epoch 0:  10%|▉         | 187/1935 [00:00<00:02, 699.44it/s]
Epoch 0:  10%|▉         | 188/1935 [00:00<00:02, 699.90it/s]
Epoch 0:  10%|▉         | 188/1935 [00:00<00:02, 699.45it/s]
Epoch 0:  10%|▉         | 189/1935 [00:00<00:02, 699.84it/s]
Epoch 0:  10%|▉         | 189/1935 [00:00<00:02, 699.45it/s]
Epoch 0:  10%|▉         | 190/1935 [00:00<00:02, 699.89it/s]
Epoch 0:  10%|▉         | 190/1935 [00:00<00:02, 699.45it/s]
Epoch 0:  10%|▉         | 191/1935 [00:00<00:02, 699.96it/s]
Epoch 0:  10%|▉         | 191/1935 [00:00<00:02, 699.52it/s]
Epoch 0:  10%|▉         | 192/1935 [00:00<00:02, 699.99it/s]
Epoch 0:  10%|▉         | 192/1935 [00:00<00:02, 699.55it/s]
Epoch 0:  10%|▉         | 193/1935 [00:00<00:02, 699.99it/s]
Epoch 0:  10%|▉         | 193/1935 [00:00<00:02, 699.55it/s]
Epoch 0:  10%|█         | 194/1935 [00:00<00:02, 700.00it/s]
Epoch 0:  10%|█         | 194/1935 [00:00<00:02, 699.56it/s]
Epoch 0:  10%|█         | 195/1935 [00:00<00:02, 700.10it/s]
Epoch 0:  10%|█         | 195/1935 [00:00<00:02, 699.59it/s]
Epoch 0:  10%|█         | 196/1935 [00:00<00:02, 700.03it/s]
Epoch 0:  10%|█         | 196/1935 [00:00<00:02, 699.61it/s]
Epoch 0:  10%|█         | 197/1935 [00:00<00:02, 700.10it/s]
Epoch 0:  10%|█         | 197/1935 [00:00<00:02, 699.65it/s]
Epoch 0:  10%|█         | 198/1935 [00:00<00:02, 700.10it/s]
Epoch 0:  10%|█         | 198/1935 [00:00<00:02, 699.68it/s]
Epoch 0:  10%|█         | 199/1935 [00:00<00:02, 700.23it/s]
Epoch 0:  10%|█         | 199/1935 [00:00<00:02, 699.81it/s]
Epoch 0:  10%|█         | 200/1935 [00:00<00:02, 700.29it/s]
Epoch 0:  10%|█         | 200/1935 [00:00<00:02, 699.85it/s]
Epoch 0:  10%|█         | 201/1935 [00:00<00:02, 700.29it/s]
Epoch 0:  10%|█         | 201/1935 [00:00<00:02, 699.89it/s]
Epoch 0:  10%|█         | 202/1935 [00:00<00:02, 700.35it/s]
Epoch 0:  10%|█         | 202/1935 [00:00<00:02, 699.93it/s]
Epoch 0:  10%|█         | 203/1935 [00:00<00:02, 700.46it/s]
Epoch 0:  10%|█         | 203/1935 [00:00<00:02, 700.04it/s]
Epoch 0:  11%|█         | 204/1935 [00:00<00:02, 700.45it/s]
Epoch 0:  11%|█         | 204/1935 [00:00<00:02, 700.04it/s]
Epoch 0:  11%|█         | 205/1935 [00:00<00:02, 700.50it/s]
Epoch 0:  11%|█         | 205/1935 [00:00<00:02, 700.05it/s]
Epoch 0:  11%|█         | 206/1935 [00:00<00:02, 700.53it/s]
Epoch 0:  11%|█         | 206/1935 [00:00<00:02, 700.14it/s]
Epoch 0:  11%|█         | 207/1935 [00:00<00:02, 700.65it/s]
Epoch 0:  11%|█         | 207/1935 [00:00<00:02, 700.25it/s]
Epoch 0:  11%|█         | 208/1935 [00:00<00:02, 700.70it/s]
Epoch 0:  11%|█         | 208/1935 [00:00<00:02, 700.29it/s]
Epoch 0:  11%|█         | 209/1935 [00:00<00:02, 700.78it/s]
Epoch 0:  11%|█         | 209/1935 [00:00<00:02, 700.39it/s]
Epoch 0:  11%|█         | 210/1935 [00:00<00:02, 700.81it/s]
Epoch 0:  11%|█         | 210/1935 [00:00<00:02, 700.37it/s]
Epoch 0:  11%|█         | 211/1935 [00:00<00:02, 700.90it/s]
Epoch 0:  11%|█         | 211/1935 [00:00<00:02, 700.50it/s]
Epoch 0:  11%|█         | 212/1935 [00:00<00:02, 700.97it/s]
Epoch 0:  11%|█         | 212/1935 [00:00<00:02, 700.58it/s]
Epoch 0:  11%|█         | 213/1935 [00:00<00:02, 700.97it/s]
Epoch 0:  11%|█         | 213/1935 [00:00<00:02, 700.54it/s]
Epoch 0:  11%|█         | 214/1935 [00:00<00:02, 700.98it/s]
Epoch 0:  11%|█         | 214/1935 [00:00<00:02, 700.60it/s]
Epoch 0:  11%|█         | 215/1935 [00:00<00:02, 701.09it/s]
Epoch 0:  11%|█         | 215/1935 [00:00<00:02, 700.68it/s]
Epoch 0:  11%|█         | 216/1935 [00:00<00:02, 701.10it/s]
Epoch 0:  11%|█         | 216/1935 [00:00<00:02, 700.71it/s]
Epoch 0:  11%|█         | 217/1935 [00:00<00:02, 701.18it/s]
Epoch 0:  11%|█         | 217/1935 [00:00<00:02, 700.81it/s]
Epoch 0:  11%|█▏        | 218/1935 [00:00<00:02, 701.22it/s]
Epoch 0:  11%|█▏        | 218/1935 [00:00<00:02, 700.83it/s]
Epoch 0:  11%|█▏        | 219/1935 [00:00<00:02, 701.31it/s]
Epoch 0:  11%|█▏        | 219/1935 [00:00<00:02, 700.91it/s]
Epoch 0:  11%|█▏        | 220/1935 [00:00<00:02, 701.33it/s]
Epoch 0:  11%|█▏        | 220/1935 [00:00<00:02, 700.97it/s]
Epoch 0:  11%|█▏        | 221/1935 [00:00<00:02, 701.35it/s]
Epoch 0:  11%|█▏        | 221/1935 [00:00<00:02, 700.94it/s]
Epoch 0:  11%|█▏        | 222/1935 [00:00<00:02, 701.38it/s]
Epoch 0:  11%|█▏        | 222/1935 [00:00<00:02, 701.00it/s]
Epoch 0:  12%|█▏        | 223/1935 [00:00<00:02, 701.48it/s]
Epoch 0:  12%|█▏        | 223/1935 [00:00<00:02, 701.10it/s]
Epoch 0:  12%|█▏        | 224/1935 [00:00<00:02, 701.51it/s]
Epoch 0:  12%|█▏        | 224/1935 [00:00<00:02, 701.13it/s]
Epoch 0:  12%|█▏        | 225/1935 [00:00<00:02, 701.54it/s]
Epoch 0:  12%|█▏        | 225/1935 [00:00<00:02, 701.16it/s]
Epoch 0:  12%|█▏        | 226/1935 [00:00<00:02, 701.54it/s]
Epoch 0:  12%|█▏        | 226/1935 [00:00<00:02, 701.16it/s]
Epoch 0:  12%|█▏        | 227/1935 [00:00<00:02, 701.57it/s]
Epoch 0:  12%|█▏        | 227/1935 [00:00<00:02, 701.17it/s]
Epoch 0:  12%|█▏        | 228/1935 [00:00<00:02, 701.56it/s]
Epoch 0:  12%|█▏        | 228/1935 [00:00<00:02, 701.22it/s]
Epoch 0:  12%|█▏        | 229/1935 [00:00<00:02, 701.62it/s]
Epoch 0:  12%|█▏        | 229/1935 [00:00<00:02, 701.23it/s]
Epoch 0:  12%|█▏        | 230/1935 [00:00<00:02, 701.60it/s]
Epoch 0:  12%|█▏        | 230/1935 [00:00<00:02, 701.23it/s]
Epoch 0:  12%|█▏        | 231/1935 [00:00<00:02, 701.69it/s]
Epoch 0:  12%|█▏        | 231/1935 [00:00<00:02, 701.33it/s]
Epoch 0:  12%|█▏        | 232/1935 [00:00<00:02, 701.77it/s]
Epoch 0:  12%|█▏        | 232/1935 [00:00<00:02, 701.36it/s]
Epoch 0:  12%|█▏        | 233/1935 [00:00<00:02, 701.79it/s]
Epoch 0:  12%|█▏        | 233/1935 [00:00<00:02, 701.43it/s]
Epoch 0:  12%|█▏        | 234/1935 [00:00<00:02, 701.82it/s]
Epoch 0:  12%|█▏        | 234/1935 [00:00<00:02, 701.46it/s]
Epoch 0:  12%|█▏        | 235/1935 [00:00<00:02, 701.92it/s]
Epoch 0:  12%|█▏        | 235/1935 [00:00<00:02, 701.54it/s]
Epoch 0:  12%|█▏        | 236/1935 [00:00<00:02, 701.93it/s]
Epoch 0:  12%|█▏        | 236/1935 [00:00<00:02, 701.57it/s]
Epoch 0:  12%|█▏        | 237/1935 [00:00<00:02, 701.95it/s]
Epoch 0:  12%|█▏        | 237/1935 [00:00<00:02, 701.56it/s]
Epoch 0:  12%|█▏        | 238/1935 [00:00<00:02, 701.91it/s]
Epoch 0:  12%|█▏        | 238/1935 [00:00<00:02, 701.57it/s]
Epoch 0:  12%|█▏        | 239/1935 [00:00<00:02, 701.95it/s]
Epoch 0:  12%|█▏        | 239/1935 [00:00<00:02, 701.61it/s]
Epoch 0:  12%|█▏        | 240/1935 [00:00<00:02, 701.97it/s]
Epoch 0:  12%|█▏        | 240/1935 [00:00<00:02, 701.61it/s]
Epoch 0:  12%|█▏        | 241/1935 [00:00<00:02, 702.01it/s]
Epoch 0:  12%|█▏        | 241/1935 [00:00<00:02, 701.66it/s]
Epoch 0:  13%|█▎        | 242/1935 [00:00<00:02, 702.07it/s]
Epoch 0:  13%|█▎        | 242/1935 [00:00<00:02, 701.71it/s]
Epoch 0:  13%|█▎        | 243/1935 [00:00<00:02, 702.15it/s]
Epoch 0:  13%|█▎        | 243/1935 [00:00<00:02, 701.78it/s]
Epoch 0:  13%|█▎        | 244/1935 [00:00<00:02, 702.14it/s]
Epoch 0:  13%|█▎        | 244/1935 [00:00<00:02, 701.82it/s]
Epoch 0:  13%|█▎        | 245/1935 [00:00<00:02, 702.18it/s]
Epoch 0:  13%|█▎        | 245/1935 [00:00<00:02, 701.81it/s]
Epoch 0:  13%|█▎        | 246/1935 [00:00<00:02, 702.20it/s]
Epoch 0:  13%|█▎        | 246/1935 [00:00<00:02, 701.86it/s]
Epoch 0:  13%|█▎        | 247/1935 [00:00<00:02, 702.26it/s]
Epoch 0:  13%|█▎        | 247/1935 [00:00<00:02, 701.92it/s]
Epoch 0:  13%|█▎        | 248/1935 [00:00<00:02, 702.31it/s]
Epoch 0:  13%|█▎        | 248/1935 [00:00<00:02, 701.97it/s]
Epoch 0:  13%|█▎        | 249/1935 [00:00<00:02, 702.38it/s]
Epoch 0:  13%|█▎        | 249/1935 [00:00<00:02, 702.06it/s]
Epoch 0:  13%|█▎        | 250/1935 [00:00<00:02, 702.40it/s]
Epoch 0:  13%|█▎        | 250/1935 [00:00<00:02, 702.05it/s]
Epoch 0:  13%|█▎        | 251/1935 [00:00<00:02, 702.47it/s]
Epoch 0:  13%|█▎        | 251/1935 [00:00<00:02, 702.13it/s]
Epoch 0:  13%|█▎        | 252/1935 [00:00<00:02, 702.51it/s]
Epoch 0:  13%|█▎        | 252/1935 [00:00<00:02, 702.21it/s]
Epoch 0:  13%|█▎        | 253/1935 [00:00<00:02, 702.61it/s]
Epoch 0:  13%|█▎        | 253/1935 [00:00<00:02, 702.25it/s]
Epoch 0:  13%|█▎        | 254/1935 [00:00<00:02, 702.62it/s]
Epoch 0:  13%|█▎        | 254/1935 [00:00<00:02, 702.30it/s]
Epoch 0:  13%|█▎        | 255/1935 [00:00<00:02, 702.68it/s]
Epoch 0:  13%|█▎        | 255/1935 [00:00<00:02, 702.36it/s]
Epoch 0:  13%|█▎        | 256/1935 [00:00<00:02, 702.75it/s]
Epoch 0:  13%|█▎        | 256/1935 [00:00<00:02, 702.41it/s]
Epoch 0:  13%|█▎        | 257/1935 [00:00<00:02, 702.82it/s]
Epoch 0:  13%|█▎        | 257/1935 [00:00<00:02, 702.45it/s]
Epoch 0:  13%|█▎        | 258/1935 [00:00<00:02, 702.81it/s]
Epoch 0:  13%|█▎        | 258/1935 [00:00<00:02, 702.48it/s]
Epoch 0:  13%|█▎        | 259/1935 [00:00<00:02, 702.90it/s]
Epoch 0:  13%|█▎        | 259/1935 [00:00<00:02, 702.56it/s]
Epoch 0:  13%|█▎        | 260/1935 [00:00<00:02, 702.88it/s]
Epoch 0:  13%|█▎        | 260/1935 [00:00<00:02, 702.56it/s]
Epoch 0:  13%|█▎        | 261/1935 [00:00<00:02, 702.93it/s]
Epoch 0:  13%|█▎        | 261/1935 [00:00<00:02, 702.58it/s]
Epoch 0:  14%|█▎        | 262/1935 [00:00<00:02, 702.94it/s]
Epoch 0:  14%|█▎        | 262/1935 [00:00<00:02, 702.62it/s]
Epoch 0:  14%|█▎        | 263/1935 [00:00<00:02, 703.03it/s]
Epoch 0:  14%|█▎        | 263/1935 [00:00<00:02, 702.72it/s]
Epoch 0:  14%|█▎        | 264/1935 [00:00<00:02, 703.07it/s]
Epoch 0:  14%|█▎        | 264/1935 [00:00<00:02, 702.74it/s]
Epoch 0:  14%|█▎        | 265/1935 [00:00<00:02, 703.12it/s]
Epoch 0:  14%|█▎        | 265/1935 [00:00<00:02, 702.80it/s]
Epoch 0:  14%|█▎        | 266/1935 [00:00<00:02, 703.15it/s]
Epoch 0:  14%|█▎        | 266/1935 [00:00<00:02, 702.83it/s]
Epoch 0:  14%|█▍        | 267/1935 [00:00<00:02, 703.20it/s]
Epoch 0:  14%|█▍        | 267/1935 [00:00<00:02, 702.86it/s]
Epoch 0:  14%|█▍        | 268/1935 [00:00<00:02, 703.22it/s]
Epoch 0:  14%|█▍        | 268/1935 [00:00<00:02, 702.94it/s]
Epoch 0:  14%|█▍        | 269/1935 [00:00<00:02, 703.32it/s]
Epoch 0:  14%|█▍        | 269/1935 [00:00<00:02, 702.98it/s]
Epoch 0:  14%|█▍        | 270/1935 [00:00<00:02, 703.26it/s]
Epoch 0:  14%|█▍        | 270/1935 [00:00<00:02, 702.95it/s]
Epoch 0:  14%|█▍        | 271/1935 [00:00<00:02, 703.35it/s]
Epoch 0:  14%|█▍        | 271/1935 [00:00<00:02, 703.04it/s]
Epoch 0:  14%|█▍        | 272/1935 [00:00<00:02, 703.41it/s]
Epoch 0:  14%|█▍        | 272/1935 [00:00<00:02, 703.05it/s]
Epoch 0:  14%|█▍        | 273/1935 [00:00<00:02, 703.42it/s]
Epoch 0:  14%|█▍        | 273/1935 [00:00<00:02, 703.12it/s]
Epoch 0:  14%|█▍        | 274/1935 [00:00<00:02, 703.47it/s]
Epoch 0:  14%|█▍        | 274/1935 [00:00<00:02, 703.17it/s]
Epoch 0:  14%|█▍        | 275/1935 [00:00<00:02, 703.53it/s]
Epoch 0:  14%|█▍        | 275/1935 [00:00<00:02, 703.22it/s]
Epoch 0:  14%|█▍        | 276/1935 [00:00<00:02, 703.56it/s]
Epoch 0:  14%|█▍        | 276/1935 [00:00<00:02, 703.28it/s]
Epoch 0:  14%|█▍        | 277/1935 [00:00<00:02, 703.62it/s]
Epoch 0:  14%|█▍        | 277/1935 [00:00<00:02, 703.28it/s]
Epoch 0:  14%|█▍        | 278/1935 [00:00<00:02, 703.61it/s]
Epoch 0:  14%|█▍        | 278/1935 [00:00<00:02, 703.31it/s]
Epoch 0:  14%|█▍        | 279/1935 [00:00<00:02, 703.71it/s]
Epoch 0:  14%|█▍        | 279/1935 [00:00<00:02, 703.41it/s]
Epoch 0:  14%|█▍        | 280/1935 [00:00<00:02, 703.75it/s]
Epoch 0:  14%|█▍        | 280/1935 [00:00<00:02, 703.44it/s]
Epoch 0:  15%|█▍        | 281/1935 [00:00<00:02, 703.76it/s]
Epoch 0:  15%|█▍        | 281/1935 [00:00<00:02, 703.46it/s]
Epoch 0:  15%|█▍        | 282/1935 [00:00<00:02, 703.79it/s]
Epoch 0:  15%|█▍        | 282/1935 [00:00<00:02, 703.47it/s]
Epoch 0:  15%|█▍        | 283/1935 [00:00<00:02, 703.86it/s]
Epoch 0:  15%|█▍        | 283/1935 [00:00<00:02, 703.55it/s]
Epoch 0:  15%|█▍        | 284/1935 [00:00<00:02, 703.86it/s]
Epoch 0:  15%|█▍        | 284/1935 [00:00<00:02, 703.56it/s]
Epoch 0:  15%|█▍        | 285/1935 [00:00<00:02, 703.84it/s]
Epoch 0:  15%|█▍        | 285/1935 [00:00<00:02, 703.53it/s]
Epoch 0:  15%|█▍        | 286/1935 [00:00<00:02, 703.85it/s]
Epoch 0:  15%|█▍        | 286/1935 [00:00<00:02, 703.55it/s]
Epoch 0:  15%|█▍        | 287/1935 [00:00<00:02, 703.91it/s]
Epoch 0:  15%|█▍        | 287/1935 [00:00<00:02, 703.61it/s]
Epoch 0:  15%|█▍        | 288/1935 [00:00<00:02, 703.96it/s]
Epoch 0:  15%|█▍        | 288/1935 [00:00<00:02, 703.66it/s]
Epoch 0:  15%|█▍        | 289/1935 [00:00<00:02, 703.98it/s]
Epoch 0:  15%|█▍        | 289/1935 [00:00<00:02, 703.69it/s]
Epoch 0:  15%|█▍        | 290/1935 [00:00<00:02, 703.95it/s]
Epoch 0:  15%|█▍        | 290/1935 [00:00<00:02, 703.66it/s]
Epoch 0:  15%|█▌        | 291/1935 [00:00<00:02, 704.03it/s]
Epoch 0:  15%|█▌        | 291/1935 [00:00<00:02, 703.73it/s]
Epoch 0:  15%|█▌        | 292/1935 [00:00<00:02, 704.04it/s]
Epoch 0:  15%|█▌        | 292/1935 [00:00<00:02, 703.78it/s]
Epoch 0:  15%|█▌        | 293/1935 [00:00<00:02, 704.12it/s]
Epoch 0:  15%|█▌        | 293/1935 [00:00<00:02, 703.82it/s]
Epoch 0:  15%|█▌        | 294/1935 [00:00<00:02, 704.13it/s]
Epoch 0:  15%|█▌        | 294/1935 [00:00<00:02, 703.84it/s]
Epoch 0:  15%|█▌        | 295/1935 [00:00<00:02, 704.19it/s]
Epoch 0:  15%|█▌        | 295/1935 [00:00<00:02, 703.91it/s]
Epoch 0:  15%|█▌        | 296/1935 [00:00<00:02, 704.23it/s]
Epoch 0:  15%|█▌        | 296/1935 [00:00<00:02, 703.94it/s]
Epoch 0:  15%|█▌        | 297/1935 [00:00<00:02, 704.27it/s]
Epoch 0:  15%|█▌        | 297/1935 [00:00<00:02, 703.99it/s]
Epoch 0:  15%|█▌        | 298/1935 [00:00<00:02, 704.30it/s]
Epoch 0:  15%|█▌        | 298/1935 [00:00<00:02, 704.02it/s]
Epoch 0:  15%|█▌        | 299/1935 [00:00<00:02, 704.39it/s]
Epoch 0:  15%|█▌        | 299/1935 [00:00<00:02, 704.10it/s]
Epoch 0:  16%|█▌        | 300/1935 [00:00<00:02, 704.38it/s]
Epoch 0:  16%|█▌        | 300/1935 [00:00<00:02, 704.11it/s]
Epoch 0:  16%|█▌        | 301/1935 [00:00<00:02, 704.33it/s]
Epoch 0:  16%|█▌        | 301/1935 [00:00<00:02, 704.03it/s]
Epoch 0:  16%|█▌        | 302/1935 [00:00<00:02, 704.31it/s]
Epoch 0:  16%|█▌        | 302/1935 [00:00<00:02, 704.03it/s]
Epoch 0:  16%|█▌        | 303/1935 [00:00<00:02, 704.39it/s]
Epoch 0:  16%|█▌        | 303/1935 [00:00<00:02, 704.12it/s]
Epoch 0:  16%|█▌        | 304/1935 [00:00<00:02, 704.46it/s]
Epoch 0:  16%|█▌        | 304/1935 [00:00<00:02, 704.13it/s]
Epoch 0:  16%|█▌        | 305/1935 [00:00<00:02, 704.45it/s]
Epoch 0:  16%|█▌        | 305/1935 [00:00<00:02, 704.17it/s]
Epoch 0:  16%|█▌        | 306/1935 [00:00<00:02, 704.48it/s]
Epoch 0:  16%|█▌        | 306/1935 [00:00<00:02, 704.20it/s]
Epoch 0:  16%|█▌        | 307/1935 [00:00<00:02, 704.55it/s]
Epoch 0:  16%|█▌        | 307/1935 [00:00<00:02, 704.26it/s]
Epoch 0:  16%|█▌        | 308/1935 [00:00<00:02, 704.57it/s]
Epoch 0:  16%|█▌        | 308/1935 [00:00<00:02, 704.30it/s]
Epoch 0:  16%|█▌        | 309/1935 [00:00<00:02, 704.62it/s]
Epoch 0:  16%|█▌        | 309/1935 [00:00<00:02, 704.32it/s]
Epoch 0:  16%|█▌        | 310/1935 [00:00<00:02, 704.47it/s]
Epoch 0:  16%|█▌        | 310/1935 [00:00<00:02, 704.19it/s]
Epoch 0:  16%|█▌        | 311/1935 [00:00<00:02, 704.54it/s]
Epoch 0:  16%|█▌        | 311/1935 [00:00<00:02, 704.27it/s]
Epoch 0:  16%|█▌        | 312/1935 [00:00<00:02, 704.54it/s]
Epoch 0:  16%|█▌        | 312/1935 [00:00<00:02, 704.26it/s]
Epoch 0:  16%|█▌        | 313/1935 [00:00<00:02, 704.54it/s]
Epoch 0:  16%|█▌        | 313/1935 [00:00<00:02, 704.28it/s]
Epoch 0:  16%|█▌        | 314/1935 [00:00<00:02, 704.58it/s]
Epoch 0:  16%|█▌        | 314/1935 [00:00<00:02, 704.30it/s]
Epoch 0:  16%|█▋        | 315/1935 [00:00<00:02, 704.63it/s]
Epoch 0:  16%|█▋        | 315/1935 [00:00<00:02, 704.35it/s]
Epoch 0:  16%|█▋        | 316/1935 [00:00<00:02, 704.64it/s]
Epoch 0:  16%|█▋        | 316/1935 [00:00<00:02, 704.40it/s]
Epoch 0:  16%|█▋        | 317/1935 [00:00<00:02, 704.67it/s]
Epoch 0:  16%|█▋        | 317/1935 [00:00<00:02, 704.38it/s]
Epoch 0:  16%|█▋        | 318/1935 [00:00<00:02, 704.67it/s]
Epoch 0:  16%|█▋        | 318/1935 [00:00<00:02, 704.40it/s]
Epoch 0:  16%|█▋        | 319/1935 [00:00<00:02, 704.71it/s]
Epoch 0:  16%|█▋        | 319/1935 [00:00<00:02, 704.44it/s]
Epoch 0:  17%|█▋        | 320/1935 [00:00<00:02, 704.74it/s]
Epoch 0:  17%|█▋        | 320/1935 [00:00<00:02, 704.46it/s]
Epoch 0:  17%|█▋        | 321/1935 [00:00<00:02, 704.76it/s]
Epoch 0:  17%|█▋        | 321/1935 [00:00<00:02, 704.50it/s]
Epoch 0:  17%|█▋        | 322/1935 [00:00<00:02, 704.74it/s]
Epoch 0:  17%|█▋        | 322/1935 [00:00<00:02, 704.48it/s]
Epoch 0:  17%|█▋        | 323/1935 [00:00<00:02, 704.78it/s]
Epoch 0:  17%|█▋        | 323/1935 [00:00<00:02, 704.50it/s]
Epoch 0:  17%|█▋        | 324/1935 [00:00<00:02, 704.73it/s]
Epoch 0:  17%|█▋        | 324/1935 [00:00<00:02, 704.49it/s]
Epoch 0:  17%|█▋        | 325/1935 [00:00<00:02, 704.79it/s]
Epoch 0:  17%|█▋        | 325/1935 [00:00<00:02, 704.51it/s]
Epoch 0:  17%|█▋        | 326/1935 [00:00<00:02, 704.79it/s]
Epoch 0:  17%|█▋        | 326/1935 [00:00<00:02, 704.52it/s]
Epoch 0:  17%|█▋        | 327/1935 [00:00<00:02, 704.82it/s]
Epoch 0:  17%|█▋        | 327/1935 [00:00<00:02, 704.56it/s]
Epoch 0:  17%|█▋        | 328/1935 [00:00<00:02, 704.83it/s]
Epoch 0:  17%|█▋        | 328/1935 [00:00<00:02, 704.57it/s]
Epoch 0:  17%|█▋        | 329/1935 [00:00<00:02, 704.86it/s]
Epoch 0:  17%|█▋        | 329/1935 [00:00<00:02, 704.61it/s]
Epoch 0:  17%|█▋        | 330/1935 [00:00<00:02, 704.89it/s]
Epoch 0:  17%|█▋        | 330/1935 [00:00<00:02, 704.63it/s]
Epoch 0:  17%|█▋        | 331/1935 [00:00<00:02, 704.94it/s]
Epoch 0:  17%|█▋        | 331/1935 [00:00<00:02, 704.66it/s]
Epoch 0:  17%|█▋        | 332/1935 [00:00<00:02, 704.93it/s]
Epoch 0:  17%|█▋        | 332/1935 [00:00<00:02, 704.67it/s]
Epoch 0:  17%|█▋        | 333/1935 [00:00<00:02, 704.95it/s]
Epoch 0:  17%|█▋        | 333/1935 [00:00<00:02, 704.67it/s]
Epoch 0:  17%|█▋        | 334/1935 [00:00<00:02, 704.92it/s]
Epoch 0:  17%|█▋        | 334/1935 [00:00<00:02, 704.67it/s]
Epoch 0:  17%|█▋        | 335/1935 [00:00<00:02, 704.97it/s]
Epoch 0:  17%|█▋        | 335/1935 [00:00<00:02, 704.74it/s]
Epoch 0:  17%|█▋        | 336/1935 [00:00<00:02, 705.00it/s]
Epoch 0:  17%|█▋        | 336/1935 [00:00<00:02, 704.73it/s]
Epoch 0:  17%|█▋        | 337/1935 [00:00<00:02, 705.00it/s]
Epoch 0:  17%|█▋        | 337/1935 [00:00<00:02, 704.75it/s]
Epoch 0:  17%|█▋        | 338/1935 [00:00<00:02, 705.03it/s]
Epoch 0:  17%|█▋        | 338/1935 [00:00<00:02, 704.78it/s]
Epoch 0:  18%|█▊        | 339/1935 [00:00<00:02, 705.09it/s]
Epoch 0:  18%|█▊        | 339/1935 [00:00<00:02, 704.83it/s]
Epoch 0:  18%|█▊        | 340/1935 [00:00<00:02, 705.08it/s]
Epoch 0:  18%|█▊        | 340/1935 [00:00<00:02, 704.84it/s]
Epoch 0:  18%|█▊        | 341/1935 [00:00<00:02, 705.12it/s]
Epoch 0:  18%|█▊        | 341/1935 [00:00<00:02, 704.85it/s]
Epoch 0:  18%|█▊        | 342/1935 [00:00<00:02, 705.12it/s]
Epoch 0:  18%|█▊        | 342/1935 [00:00<00:02, 704.88it/s]
Epoch 0:  18%|█▊        | 343/1935 [00:00<00:02, 705.20it/s]
Epoch 0:  18%|█▊        | 343/1935 [00:00<00:02, 704.95it/s]
Epoch 0:  18%|█▊        | 344/1935 [00:00<00:02, 705.23it/s]
Epoch 0:  18%|█▊        | 344/1935 [00:00<00:02, 704.98it/s]
Epoch 0:  18%|█▊        | 345/1935 [00:00<00:02, 705.25it/s]
Epoch 0:  18%|█▊        | 345/1935 [00:00<00:02, 705.01it/s]
Epoch 0:  18%|█▊        | 346/1935 [00:00<00:02, 705.22it/s]
Epoch 0:  18%|█▊        | 346/1935 [00:00<00:02, 704.96it/s]
Epoch 0:  18%|█▊        | 347/1935 [00:00<00:02, 705.19it/s]
Epoch 0:  18%|█▊        | 347/1935 [00:00<00:02, 704.98it/s]
Epoch 0:  18%|█▊        | 348/1935 [00:00<00:02, 705.27it/s]
Epoch 0:  18%|█▊        | 348/1935 [00:00<00:02, 705.03it/s]
Epoch 0:  18%|█▊        | 349/1935 [00:00<00:02, 705.27it/s]
Epoch 0:  18%|█▊        | 349/1935 [00:00<00:02, 705.01it/s]
Epoch 0:  18%|█▊        | 350/1935 [00:00<00:02, 705.27it/s]
Epoch 0:  18%|█▊        | 350/1935 [00:00<00:02, 705.03it/s]
Epoch 0:  18%|█▊        | 351/1935 [00:00<00:02, 705.31it/s]
Epoch 0:  18%|█▊        | 351/1935 [00:00<00:02, 705.05it/s]
Epoch 0:  18%|█▊        | 352/1935 [00:00<00:02, 705.29it/s]
Epoch 0:  18%|█▊        | 352/1935 [00:00<00:02, 705.04it/s]
Epoch 0:  18%|█▊        | 353/1935 [00:00<00:02, 705.31it/s]
Epoch 0:  18%|█▊        | 353/1935 [00:00<00:02, 705.07it/s]
Epoch 0:  18%|█▊        | 354/1935 [00:00<00:02, 705.30it/s]
Epoch 0:  18%|█▊        | 354/1935 [00:00<00:02, 705.05it/s]
Epoch 0:  18%|█▊        | 355/1935 [00:00<00:02, 705.34it/s]
Epoch 0:  18%|█▊        | 355/1935 [00:00<00:02, 705.09it/s]
Epoch 0:  18%|█▊        | 356/1935 [00:00<00:02, 705.35it/s]
Epoch 0:  18%|█▊        | 356/1935 [00:00<00:02, 705.11it/s]
Epoch 0:  18%|█▊        | 357/1935 [00:00<00:02, 705.37it/s]
Epoch 0:  18%|█▊        | 357/1935 [00:00<00:02, 705.12it/s]
Epoch 0:  19%|█▊        | 358/1935 [00:00<00:02, 705.36it/s]
Epoch 0:  19%|█▊        | 358/1935 [00:00<00:02, 705.11it/s]
Epoch 0:  19%|█▊        | 359/1935 [00:00<00:02, 705.40it/s]
Epoch 0:  19%|█▊        | 359/1935 [00:00<00:02, 705.16it/s]
Epoch 0:  19%|█▊        | 360/1935 [00:00<00:02, 705.44it/s]
Epoch 0:  19%|█▊        | 360/1935 [00:00<00:02, 705.20it/s]
Epoch 0:  19%|█▊        | 361/1935 [00:00<00:02, 705.43it/s]
Epoch 0:  19%|█▊        | 361/1935 [00:00<00:02, 705.21it/s]
Epoch 0:  19%|█▊        | 362/1935 [00:00<00:02, 705.47it/s]
Epoch 0:  19%|█▊        | 362/1935 [00:00<00:02, 705.23it/s]
Epoch 0:  19%|█▉        | 363/1935 [00:00<00:02, 705.52it/s]
Epoch 0:  19%|█▉        | 363/1935 [00:00<00:02, 705.27it/s]
Epoch 0:  19%|█▉        | 364/1935 [00:00<00:02, 705.49it/s]
Epoch 0:  19%|█▉        | 364/1935 [00:00<00:02, 705.28it/s]
Epoch 0:  19%|█▉        | 365/1935 [00:00<00:02, 705.51it/s]
Epoch 0:  19%|█▉        | 365/1935 [00:00<00:02, 705.26it/s]
Epoch 0:  19%|█▉        | 366/1935 [00:00<00:02, 705.47it/s]
Epoch 0:  19%|█▉        | 366/1935 [00:00<00:02, 705.24it/s]
Epoch 0:  19%|█▉        | 367/1935 [00:00<00:02, 705.53it/s]
Epoch 0:  19%|█▉        | 367/1935 [00:00<00:02, 705.30it/s]
Epoch 0:  19%|█▉        | 368/1935 [00:00<00:02, 705.56it/s]
Epoch 0:  19%|█▉        | 368/1935 [00:00<00:02, 705.32it/s]
Epoch 0:  19%|█▉        | 369/1935 [00:00<00:02, 705.54it/s]
Epoch 0:  19%|█▉        | 369/1935 [00:00<00:02, 705.31it/s]
Epoch 0:  19%|█▉        | 370/1935 [00:00<00:02, 705.56it/s]
Epoch 0:  19%|█▉        | 370/1935 [00:00<00:02, 705.33it/s]
Epoch 0:  19%|█▉        | 371/1935 [00:00<00:02, 705.61it/s]
Epoch 0:  19%|█▉        | 371/1935 [00:00<00:02, 705.38it/s]
Epoch 0:  19%|█▉        | 372/1935 [00:00<00:02, 705.62it/s]
Epoch 0:  19%|█▉        | 372/1935 [00:00<00:02, 705.41it/s]
Epoch 0:  19%|█▉        | 373/1935 [00:00<00:02, 705.67it/s]
Epoch 0:  19%|█▉        | 373/1935 [00:00<00:02, 705.43it/s]
Epoch 0:  19%|█▉        | 374/1935 [00:00<00:02, 705.68it/s]
Epoch 0:  19%|█▉        | 374/1935 [00:00<00:02, 705.46it/s]
Epoch 0:  19%|█▉        | 375/1935 [00:00<00:02, 705.72it/s]
Epoch 0:  19%|█▉        | 375/1935 [00:00<00:02, 705.51it/s]
Epoch 0:  19%|█▉        | 376/1935 [00:00<00:02, 705.71it/s]
Epoch 0:  19%|█▉        | 376/1935 [00:00<00:02, 705.48it/s]
Epoch 0:  19%|█▉        | 377/1935 [00:00<00:02, 705.75it/s]
Epoch 0:  19%|█▉        | 377/1935 [00:00<00:02, 705.53it/s]
Epoch 0:  20%|█▉        | 378/1935 [00:00<00:02, 705.75it/s]
Epoch 0:  20%|█▉        | 378/1935 [00:00<00:02, 705.53it/s]
Epoch 0:  20%|█▉        | 379/1935 [00:00<00:02, 705.78it/s]
Epoch 0:  20%|█▉        | 379/1935 [00:00<00:02, 705.55it/s]
Epoch 0:  20%|█▉        | 380/1935 [00:00<00:02, 705.79it/s]
Epoch 0:  20%|█▉        | 380/1935 [00:00<00:02, 705.58it/s]
Epoch 0:  20%|█▉        | 381/1935 [00:00<00:02, 705.81it/s]
Epoch 0:  20%|█▉        | 381/1935 [00:00<00:02, 705.58it/s]
Epoch 0:  20%|█▉        | 382/1935 [00:00<00:02, 705.81it/s]
Epoch 0:  20%|█▉        | 382/1935 [00:00<00:02, 705.59it/s]
Epoch 0:  20%|█▉        | 383/1935 [00:00<00:02, 705.85it/s]
Epoch 0:  20%|█▉        | 383/1935 [00:00<00:02, 705.62it/s]
Epoch 0:  20%|█▉        | 384/1935 [00:00<00:02, 705.83it/s]
Epoch 0:  20%|█▉        | 384/1935 [00:00<00:02, 705.61it/s]
Epoch 0:  20%|█▉        | 385/1935 [00:00<00:02, 705.86it/s]
Epoch 0:  20%|█▉        | 385/1935 [00:00<00:02, 705.65it/s]
Epoch 0:  20%|█▉        | 386/1935 [00:00<00:02, 705.86it/s]
Epoch 0:  20%|█▉        | 386/1935 [00:00<00:02, 705.64it/s]
Epoch 0:  20%|██        | 387/1935 [00:00<00:02, 705.92it/s]
Epoch 0:  20%|██        | 387/1935 [00:00<00:02, 705.69it/s]
Epoch 0:  20%|██        | 388/1935 [00:00<00:02, 705.93it/s]
Epoch 0:  20%|██        | 388/1935 [00:00<00:02, 705.71it/s]
Epoch 0:  20%|██        | 389/1935 [00:00<00:02, 705.94it/s]
Epoch 0:  20%|██        | 389/1935 [00:00<00:02, 705.70it/s]
Epoch 0:  20%|██        | 390/1935 [00:00<00:02, 705.93it/s]
Epoch 0:  20%|██        | 390/1935 [00:00<00:02, 705.71it/s]
Epoch 0:  20%|██        | 391/1935 [00:00<00:02, 705.95it/s]
Epoch 0:  20%|██        | 391/1935 [00:00<00:02, 705.73it/s]
Epoch 0:  20%|██        | 392/1935 [00:00<00:02, 705.94it/s]
Epoch 0:  20%|██        | 392/1935 [00:00<00:02, 705.72it/s]
Epoch 0:  20%|██        | 393/1935 [00:00<00:02, 705.96it/s]
Epoch 0:  20%|██        | 393/1935 [00:00<00:02, 705.73it/s]
Epoch 0:  20%|██        | 394/1935 [00:00<00:02, 705.96it/s]
Epoch 0:  20%|██        | 394/1935 [00:00<00:02, 705.75it/s]
Epoch 0:  20%|██        | 395/1935 [00:00<00:02, 706.01it/s]
Epoch 0:  20%|██        | 395/1935 [00:00<00:02, 705.78it/s]
Epoch 0:  20%|██        | 396/1935 [00:00<00:02, 706.01it/s]
Epoch 0:  20%|██        | 396/1935 [00:00<00:02, 705.80it/s]
Epoch 0:  21%|██        | 397/1935 [00:00<00:02, 706.02it/s]
Epoch 0:  21%|██        | 397/1935 [00:00<00:02, 705.79it/s]
Epoch 0:  21%|██        | 398/1935 [00:00<00:02, 706.01it/s]
Epoch 0:  21%|██        | 398/1935 [00:00<00:02, 705.80it/s]
Epoch 0:  21%|██        | 399/1935 [00:00<00:02, 706.07it/s]
Epoch 0:  21%|██        | 399/1935 [00:00<00:02, 705.86it/s]
Epoch 0:  21%|██        | 400/1935 [00:00<00:02, 706.11it/s]
Epoch 0:  21%|██        | 400/1935 [00:00<00:02, 705.89it/s]
Epoch 0:  21%|██        | 401/1935 [00:00<00:02, 706.11it/s]
Epoch 0:  21%|██        | 401/1935 [00:00<00:02, 705.90it/s]
Epoch 0:  21%|██        | 402/1935 [00:00<00:02, 706.14it/s]
Epoch 0:  21%|██        | 402/1935 [00:00<00:02, 705.92it/s]
Epoch 0:  21%|██        | 403/1935 [00:00<00:02, 706.17it/s]
Epoch 0:  21%|██        | 403/1935 [00:00<00:02, 705.94it/s]
Epoch 0:  21%|██        | 404/1935 [00:00<00:02, 706.17it/s]
Epoch 0:  21%|██        | 404/1935 [00:00<00:02, 705.97it/s]
Epoch 0:  21%|██        | 405/1935 [00:00<00:02, 706.20it/s]
Epoch 0:  21%|██        | 405/1935 [00:00<00:02, 705.98it/s]
Epoch 0:  21%|██        | 406/1935 [00:00<00:02, 706.10it/s]
Epoch 0:  21%|██        | 406/1935 [00:00<00:02, 705.92it/s]
Epoch 0:  21%|██        | 407/1935 [00:00<00:02, 706.17it/s]
Epoch 0:  21%|██        | 407/1935 [00:00<00:02, 705.96it/s]
Epoch 0:  21%|██        | 408/1935 [00:00<00:02, 706.15it/s]
Epoch 0:  21%|██        | 408/1935 [00:00<00:02, 705.94it/s]
Epoch 0:  21%|██        | 409/1935 [00:00<00:02, 706.18it/s]
Epoch 0:  21%|██        | 409/1935 [00:00<00:02, 705.98it/s]
Epoch 0:  21%|██        | 410/1935 [00:00<00:02, 706.20it/s]
Epoch 0:  21%|██        | 410/1935 [00:00<00:02, 705.99it/s]
Epoch 0:  21%|██        | 411/1935 [00:00<00:02, 706.22it/s]
Epoch 0:  21%|██        | 411/1935 [00:00<00:02, 706.01it/s]
Epoch 0:  21%|██▏       | 412/1935 [00:00<00:02, 706.23it/s]
Epoch 0:  21%|██▏       | 412/1935 [00:00<00:02, 706.04it/s]
Epoch 0:  21%|██▏       | 413/1935 [00:00<00:02, 706.26it/s]
Epoch 0:  21%|██▏       | 413/1935 [00:00<00:02, 706.04it/s]
Epoch 0:  21%|██▏       | 414/1935 [00:00<00:02, 706.23it/s]
Epoch 0:  21%|██▏       | 414/1935 [00:00<00:02, 706.03it/s]
Epoch 0:  21%|██▏       | 415/1935 [00:00<00:02, 706.26it/s]
Epoch 0:  21%|██▏       | 415/1935 [00:00<00:02, 706.05it/s]
Epoch 0:  21%|██▏       | 416/1935 [00:00<00:02, 706.26it/s]
Epoch 0:  21%|██▏       | 416/1935 [00:00<00:02, 706.06it/s]
Epoch 0:  22%|██▏       | 417/1935 [00:00<00:02, 706.27it/s]
Epoch 0:  22%|██▏       | 417/1935 [00:00<00:02, 706.07it/s]
Epoch 0:  22%|██▏       | 418/1935 [00:00<00:02, 706.28it/s]
Epoch 0:  22%|██▏       | 418/1935 [00:00<00:02, 706.08it/s]
Epoch 0:  22%|██▏       | 419/1935 [00:00<00:02, 706.33it/s]
Epoch 0:  22%|██▏       | 419/1935 [00:00<00:02, 706.12it/s]
Epoch 0:  22%|██▏       | 420/1935 [00:00<00:02, 706.33it/s]
Epoch 0:  22%|██▏       | 420/1935 [00:00<00:02, 706.11it/s]
Epoch 0:  22%|██▏       | 421/1935 [00:00<00:02, 706.34it/s]
Epoch 0:  22%|██▏       | 421/1935 [00:00<00:02, 706.12it/s]
Epoch 0:  22%|██▏       | 422/1935 [00:00<00:02, 706.33it/s]
Epoch 0:  22%|██▏       | 422/1935 [00:00<00:02, 706.13it/s]
Epoch 0:  22%|██▏       | 423/1935 [00:00<00:02, 706.34it/s]
Epoch 0:  22%|██▏       | 423/1935 [00:00<00:02, 706.14it/s]
Epoch 0:  22%|██▏       | 424/1935 [00:00<00:02, 706.33it/s]
Epoch 0:  22%|██▏       | 424/1935 [00:00<00:02, 706.12it/s]
Epoch 0:  22%|██▏       | 425/1935 [00:00<00:02, 706.31it/s]
Epoch 0:  22%|██▏       | 425/1935 [00:00<00:02, 706.11it/s]
Epoch 0:  22%|██▏       | 426/1935 [00:00<00:02, 706.32it/s]
Epoch 0:  22%|██▏       | 426/1935 [00:00<00:02, 706.12it/s]
Epoch 0:  22%|██▏       | 427/1935 [00:00<00:02, 706.37it/s]
Epoch 0:  22%|██▏       | 427/1935 [00:00<00:02, 706.18it/s]
Epoch 0:  22%|██▏       | 428/1935 [00:00<00:02, 706.36it/s]
Epoch 0:  22%|██▏       | 428/1935 [00:00<00:02, 706.16it/s]
Epoch 0:  22%|██▏       | 429/1935 [00:00<00:02, 706.38it/s]
Epoch 0:  22%|██▏       | 429/1935 [00:00<00:02, 706.17it/s]
Epoch 0:  22%|██▏       | 430/1935 [00:00<00:02, 706.36it/s]
Epoch 0:  22%|██▏       | 430/1935 [00:00<00:02, 706.17it/s]
Epoch 0:  22%|██▏       | 431/1935 [00:00<00:02, 706.39it/s]
Epoch 0:  22%|██▏       | 431/1935 [00:00<00:02, 706.20it/s]
Epoch 0:  22%|██▏       | 432/1935 [00:00<00:02, 706.43it/s]
Epoch 0:  22%|██▏       | 432/1935 [00:00<00:02, 706.22it/s]
Epoch 0:  22%|██▏       | 433/1935 [00:00<00:02, 706.40it/s]
Epoch 0:  22%|██▏       | 433/1935 [00:00<00:02, 706.23it/s]
Epoch 0:  22%|██▏       | 434/1935 [00:00<00:02, 706.44it/s]
Epoch 0:  22%|██▏       | 434/1935 [00:00<00:02, 706.24it/s]
Epoch 0:  22%|██▏       | 435/1935 [00:00<00:02, 706.47it/s]
Epoch 0:  22%|██▏       | 435/1935 [00:00<00:02, 706.27it/s]
Epoch 0:  23%|██▎       | 436/1935 [00:00<00:02, 706.49it/s]
Epoch 0:  23%|██▎       | 436/1935 [00:00<00:02, 706.29it/s]
Epoch 0:  23%|██▎       | 437/1935 [00:00<00:02, 706.51it/s]
Epoch 0:  23%|██▎       | 437/1935 [00:00<00:02, 706.30it/s]
Epoch 0:  23%|██▎       | 438/1935 [00:00<00:02, 706.50it/s]
Epoch 0:  23%|██▎       | 438/1935 [00:00<00:02, 706.30it/s]
Epoch 0:  23%|██▎       | 439/1935 [00:00<00:02, 706.52it/s]
Epoch 0:  23%|██▎       | 439/1935 [00:00<00:02, 706.33it/s]
Epoch 0:  23%|██▎       | 440/1935 [00:00<00:02, 706.54it/s]
Epoch 0:  23%|██▎       | 440/1935 [00:00<00:02, 706.34it/s]
Epoch 0:  23%|██▎       | 441/1935 [00:00<00:02, 706.57it/s]
Epoch 0:  23%|██▎       | 441/1935 [00:00<00:02, 706.38it/s]
Epoch 0:  23%|██▎       | 442/1935 [00:00<00:02, 706.57it/s]
Epoch 0:  23%|██▎       | 442/1935 [00:00<00:02, 706.37it/s]
Epoch 0:  23%|██▎       | 443/1935 [00:00<00:02, 706.60it/s]
Epoch 0:  23%|██▎       | 443/1935 [00:00<00:02, 706.40it/s]
Epoch 0:  23%|██▎       | 444/1935 [00:00<00:02, 706.59it/s]
Epoch 0:  23%|██▎       | 444/1935 [00:00<00:02, 706.42it/s]
Epoch 0:  23%|██▎       | 445/1935 [00:00<00:02, 706.56it/s]
Epoch 0:  23%|██▎       | 445/1935 [00:00<00:02, 706.35it/s]
Epoch 0:  23%|██▎       | 446/1935 [00:00<00:02, 706.56it/s]
Epoch 0:  23%|██▎       | 446/1935 [00:00<00:02, 706.37it/s]
Epoch 0:  23%|██▎       | 447/1935 [00:00<00:02, 706.60it/s]
Epoch 0:  23%|██▎       | 447/1935 [00:00<00:02, 706.40it/s]
Epoch 0:  23%|██▎       | 448/1935 [00:00<00:02, 706.60it/s]
Epoch 0:  23%|██▎       | 448/1935 [00:00<00:02, 706.41it/s]
Epoch 0:  23%|██▎       | 449/1935 [00:00<00:02, 706.61it/s]
Epoch 0:  23%|██▎       | 449/1935 [00:00<00:02, 706.42it/s]
Epoch 0:  23%|██▎       | 450/1935 [00:00<00:02, 706.59it/s]
Epoch 0:  23%|██▎       | 450/1935 [00:00<00:02, 706.40it/s]
Epoch 0:  23%|██▎       | 451/1935 [00:00<00:02, 706.61it/s]
Epoch 0:  23%|██▎       | 451/1935 [00:00<00:02, 706.41it/s]
Epoch 0:  23%|██▎       | 452/1935 [00:00<00:02, 706.57it/s]
Epoch 0:  23%|██▎       | 452/1935 [00:00<00:02, 706.40it/s]
Epoch 0:  23%|██▎       | 453/1935 [00:00<00:02, 706.60it/s]
Epoch 0:  23%|██▎       | 453/1935 [00:00<00:02, 706.40it/s]
Epoch 0:  23%|██▎       | 454/1935 [00:00<00:02, 706.59it/s]
Epoch 0:  23%|██▎       | 454/1935 [00:00<00:02, 706.40it/s]
Epoch 0:  24%|██▎       | 455/1935 [00:00<00:02, 706.62it/s]
Epoch 0:  24%|██▎       | 455/1935 [00:00<00:02, 706.43it/s]
Epoch 0:  24%|██▎       | 456/1935 [00:00<00:02, 706.62it/s]
Epoch 0:  24%|██▎       | 456/1935 [00:00<00:02, 706.42it/s]
Epoch 0:  24%|██▎       | 457/1935 [00:00<00:02, 706.60it/s]
Epoch 0:  24%|██▎       | 457/1935 [00:00<00:02, 706.41it/s]
Epoch 0:  24%|██▎       | 458/1935 [00:00<00:02, 706.59it/s]
Epoch 0:  24%|██▎       | 458/1935 [00:00<00:02, 706.39it/s]
Epoch 0:  24%|██▎       | 459/1935 [00:00<00:02, 706.62it/s]
Epoch 0:  24%|██▎       | 459/1935 [00:00<00:02, 706.42it/s]
Epoch 0:  24%|██▍       | 460/1935 [00:00<00:02, 706.60it/s]
Epoch 0:  24%|██▍       | 460/1935 [00:00<00:02, 706.43it/s]
Epoch 0:  24%|██▍       | 461/1935 [00:00<00:02, 706.62it/s]
Epoch 0:  24%|██▍       | 461/1935 [00:00<00:02, 706.42it/s]
Epoch 0:  24%|██▍       | 462/1935 [00:00<00:02, 706.61it/s]
Epoch 0:  24%|██▍       | 462/1935 [00:00<00:02, 706.43it/s]
Epoch 0:  24%|██▍       | 463/1935 [00:00<00:02, 706.63it/s]
Epoch 0:  24%|██▍       | 463/1935 [00:00<00:02, 706.44it/s]
Epoch 0:  24%|██▍       | 464/1935 [00:00<00:02, 706.63it/s]
Epoch 0:  24%|██▍       | 464/1935 [00:00<00:02, 706.44it/s]
Epoch 0:  24%|██▍       | 465/1935 [00:00<00:02, 706.64it/s]
Epoch 0:  24%|██▍       | 465/1935 [00:00<00:02, 706.46it/s]
Epoch 0:  24%|██▍       | 466/1935 [00:00<00:02, 706.67it/s]
Epoch 0:  24%|██▍       | 466/1935 [00:00<00:02, 706.48it/s]
Epoch 0:  24%|██▍       | 467/1935 [00:00<00:02, 706.69it/s]
Epoch 0:  24%|██▍       | 467/1935 [00:00<00:02, 706.50it/s]
Epoch 0:  24%|██▍       | 468/1935 [00:00<00:02, 706.70it/s]
Epoch 0:  24%|██▍       | 468/1935 [00:00<00:02, 706.53it/s]
Epoch 0:  24%|██▍       | 469/1935 [00:00<00:02, 706.74it/s]
Epoch 0:  24%|██▍       | 469/1935 [00:00<00:02, 706.54it/s]
Epoch 0:  24%|██▍       | 470/1935 [00:00<00:02, 706.74it/s]
Epoch 0:  24%|██▍       | 470/1935 [00:00<00:02, 706.56it/s]
Epoch 0:  24%|██▍       | 471/1935 [00:00<00:02, 706.77it/s]
Epoch 0:  24%|██▍       | 471/1935 [00:00<00:02, 706.59it/s]
Epoch 0:  24%|██▍       | 472/1935 [00:00<00:02, 706.75it/s]
Epoch 0:  24%|██▍       | 472/1935 [00:00<00:02, 706.56it/s]
Epoch 0:  24%|██▍       | 473/1935 [00:00<00:02, 706.77it/s]
Epoch 0:  24%|██▍       | 473/1935 [00:00<00:02, 706.59it/s]
Epoch 0:  24%|██▍       | 474/1935 [00:00<00:02, 706.78it/s]
Epoch 0:  24%|██▍       | 474/1935 [00:00<00:02, 706.57it/s]
Epoch 0:  25%|██▍       | 475/1935 [00:00<00:02, 706.79it/s]
Epoch 0:  25%|██▍       | 475/1935 [00:00<00:02, 706.60it/s]
Epoch 0:  25%|██▍       | 476/1935 [00:00<00:02, 706.79it/s]
Epoch 0:  25%|██▍       | 476/1935 [00:00<00:02, 706.63it/s]
Epoch 0:  25%|██▍       | 477/1935 [00:00<00:02, 706.78it/s]
Epoch 0:  25%|██▍       | 477/1935 [00:00<00:02, 706.59it/s]
Epoch 0:  25%|██▍       | 478/1935 [00:00<00:02, 706.76it/s]
Epoch 0:  25%|██▍       | 478/1935 [00:00<00:02, 706.58it/s]
Epoch 0:  25%|██▍       | 479/1935 [00:00<00:02, 706.79it/s]
Epoch 0:  25%|██▍       | 479/1935 [00:00<00:02, 706.61it/s]
Epoch 0:  25%|██▍       | 480/1935 [00:00<00:02, 706.72it/s]
Epoch 0:  25%|██▍       | 480/1935 [00:00<00:02, 706.53it/s]
Epoch 0:  25%|██▍       | 481/1935 [00:00<00:02, 706.72it/s]
Epoch 0:  25%|██▍       | 481/1935 [00:00<00:02, 706.54it/s]
Epoch 0:  25%|██▍       | 482/1935 [00:00<00:02, 706.74it/s]
Epoch 0:  25%|██▍       | 482/1935 [00:00<00:02, 706.56it/s]
Epoch 0:  25%|██▍       | 483/1935 [00:00<00:02, 706.79it/s]
Epoch 0:  25%|██▍       | 483/1935 [00:00<00:02, 706.61it/s]
Epoch 0:  25%|██▌       | 484/1935 [00:00<00:02, 706.79it/s]
Epoch 0:  25%|██▌       | 484/1935 [00:00<00:02, 706.61it/s]
Epoch 0:  25%|██▌       | 485/1935 [00:00<00:02, 706.80it/s]
Epoch 0:  25%|██▌       | 485/1935 [00:00<00:02, 706.61it/s]
Epoch 0:  25%|██▌       | 486/1935 [00:00<00:02, 706.78it/s]
Epoch 0:  25%|██▌       | 486/1935 [00:00<00:02, 706.60it/s]
Epoch 0:  25%|██▌       | 487/1935 [00:00<00:02, 706.81it/s]
Epoch 0:  25%|██▌       | 487/1935 [00:00<00:02, 706.63it/s]
Epoch 0:  25%|██▌       | 488/1935 [00:00<00:02, 706.80it/s]
Epoch 0:  25%|██▌       | 488/1935 [00:00<00:02, 706.62it/s]
Epoch 0:  25%|██▌       | 489/1935 [00:00<00:02, 706.80it/s]
Epoch 0:  25%|██▌       | 489/1935 [00:00<00:02, 706.63it/s]
Epoch 0:  25%|██▌       | 490/1935 [00:00<00:02, 706.79it/s]
Epoch 0:  25%|██▌       | 490/1935 [00:00<00:02, 706.62it/s]
Epoch 0:  25%|██▌       | 491/1935 [00:00<00:02, 706.82it/s]
Epoch 0:  25%|██▌       | 491/1935 [00:00<00:02, 706.63it/s]
Epoch 0:  25%|██▌       | 492/1935 [00:00<00:02, 706.81it/s]
Epoch 0:  25%|██▌       | 492/1935 [00:00<00:02, 706.65it/s]
Epoch 0:  25%|██▌       | 493/1935 [00:00<00:02, 706.84it/s]
Epoch 0:  25%|██▌       | 493/1935 [00:00<00:02, 706.65it/s]
Epoch 0:  26%|██▌       | 494/1935 [00:00<00:02, 706.83it/s]
Epoch 0:  26%|██▌       | 494/1935 [00:00<00:02, 706.66it/s]
Epoch 0:  26%|██▌       | 495/1935 [00:00<00:02, 706.81it/s]
Epoch 0:  26%|██▌       | 495/1935 [00:00<00:02, 706.64it/s]
Epoch 0:  26%|██▌       | 496/1935 [00:00<00:02, 706.81it/s]
Epoch 0:  26%|██▌       | 496/1935 [00:00<00:02, 706.63it/s]
Epoch 0:  26%|██▌       | 497/1935 [00:00<00:02, 706.84it/s]
Epoch 0:  26%|██▌       | 497/1935 [00:00<00:02, 706.67it/s]
Epoch 0:  26%|██▌       | 498/1935 [00:00<00:02, 706.88it/s]
Epoch 0:  26%|██▌       | 498/1935 [00:00<00:02, 706.70it/s]
Epoch 0:  26%|██▌       | 499/1935 [00:00<00:02, 706.86it/s]
Epoch 0:  26%|██▌       | 499/1935 [00:00<00:02, 706.68it/s]
Epoch 0:  26%|██▌       | 500/1935 [00:00<00:02, 706.90it/s]
Epoch 0:  26%|██▌       | 500/1935 [00:00<00:02, 706.73it/s]
Epoch 0:  26%|██▌       | 501/1935 [00:00<00:02, 706.86it/s]
Epoch 0:  26%|██▌       | 501/1935 [00:00<00:02, 706.71it/s]
Epoch 0:  26%|██▌       | 502/1935 [00:00<00:02, 706.90it/s]
Epoch 0:  26%|██▌       | 502/1935 [00:00<00:02, 706.73it/s]
Epoch 0:  26%|██▌       | 503/1935 [00:00<00:02, 706.95it/s]
Epoch 0:  26%|██▌       | 503/1935 [00:00<00:02, 706.78it/s]
Epoch 0:  26%|██▌       | 504/1935 [00:00<00:02, 706.98it/s]
Epoch 0:  26%|██▌       | 504/1935 [00:00<00:02, 706.80it/s]
Epoch 0:  26%|██▌       | 505/1935 [00:00<00:02, 707.01it/s]
Epoch 0:  26%|██▌       | 505/1935 [00:00<00:02, 706.85it/s]
Epoch 0:  26%|██▌       | 506/1935 [00:00<00:02, 707.05it/s]
Epoch 0:  26%|██▌       | 506/1935 [00:00<00:02, 706.87it/s]
Epoch 0:  26%|██▌       | 507/1935 [00:00<00:02, 707.08it/s]
Epoch 0:  26%|██▌       | 507/1935 [00:00<00:02, 706.90it/s]
Epoch 0:  26%|██▋       | 508/1935 [00:00<00:02, 707.11it/s]
Epoch 0:  26%|██▋       | 508/1935 [00:00<00:02, 706.95it/s]
Epoch 0:  26%|██▋       | 509/1935 [00:00<00:02, 707.15it/s]
Epoch 0:  26%|██▋       | 509/1935 [00:00<00:02, 706.97it/s]
Epoch 0:  26%|██▋       | 510/1935 [00:00<00:02, 707.17it/s]
Epoch 0:  26%|██▋       | 510/1935 [00:00<00:02, 707.00it/s]
Epoch 0:  26%|██▋       | 511/1935 [00:00<00:02, 707.22it/s]
Epoch 0:  26%|██▋       | 511/1935 [00:00<00:02, 707.05it/s]
Epoch 0:  26%|██▋       | 512/1935 [00:00<00:02, 707.22it/s]
Epoch 0:  26%|██▋       | 512/1935 [00:00<00:02, 707.06it/s]
Epoch 0:  27%|██▋       | 513/1935 [00:00<00:02, 707.25it/s]
Epoch 0:  27%|██▋       | 513/1935 [00:00<00:02, 707.08it/s]
Epoch 0:  27%|██▋       | 514/1935 [00:00<00:02, 707.27it/s]
Epoch 0:  27%|██▋       | 514/1935 [00:00<00:02, 707.10it/s]
Epoch 0:  27%|██▋       | 515/1935 [00:00<00:02, 707.28it/s]
Epoch 0:  27%|██▋       | 515/1935 [00:00<00:02, 707.11it/s]
Epoch 0:  27%|██▋       | 516/1935 [00:00<00:02, 707.32it/s]
Epoch 0:  27%|██▋       | 516/1935 [00:00<00:02, 707.16it/s]
Epoch 0:  27%|██▋       | 517/1935 [00:00<00:02, 707.34it/s]
Epoch 0:  27%|██▋       | 517/1935 [00:00<00:02, 707.17it/s]
Epoch 0:  27%|██▋       | 518/1935 [00:00<00:02, 707.35it/s]
Epoch 0:  27%|██▋       | 518/1935 [00:00<00:02, 707.19it/s]
Epoch 0:  27%|██▋       | 519/1935 [00:00<00:02, 707.39it/s]
Epoch 0:  27%|██▋       | 519/1935 [00:00<00:02, 707.23it/s]
Epoch 0:  27%|██▋       | 520/1935 [00:00<00:02, 707.43it/s]
Epoch 0:  27%|██▋       | 520/1935 [00:00<00:02, 707.27it/s]
Epoch 0:  27%|██▋       | 521/1935 [00:00<00:01, 707.40it/s]
Epoch 0:  27%|██▋       | 521/1935 [00:00<00:01, 707.23it/s]
Epoch 0:  27%|██▋       | 522/1935 [00:00<00:01, 707.39it/s]
Epoch 0:  27%|██▋       | 522/1935 [00:00<00:01, 707.21it/s]
Epoch 0:  27%|██▋       | 523/1935 [00:00<00:01, 707.39it/s]
Epoch 0:  27%|██▋       | 523/1935 [00:00<00:01, 707.22it/s]
Epoch 0:  27%|██▋       | 524/1935 [00:00<00:01, 707.39it/s]
Epoch 0:  27%|██▋       | 524/1935 [00:00<00:01, 707.25it/s]
Epoch 0:  27%|██▋       | 525/1935 [00:00<00:01, 707.42it/s]
Epoch 0:  27%|██▋       | 525/1935 [00:00<00:01, 707.25it/s]
Epoch 0:  27%|██▋       | 526/1935 [00:00<00:01, 707.42it/s]
Epoch 0:  27%|██▋       | 526/1935 [00:00<00:01, 707.25it/s]
Epoch 0:  27%|██▋       | 527/1935 [00:00<00:01, 707.45it/s]
Epoch 0:  27%|██▋       | 527/1935 [00:00<00:01, 707.29it/s]
Epoch 0:  27%|██▋       | 528/1935 [00:00<00:01, 707.47it/s]
Epoch 0:  27%|██▋       | 528/1935 [00:00<00:01, 707.31it/s]
Epoch 0:  27%|██▋       | 529/1935 [00:00<00:01, 707.48it/s]
Epoch 0:  27%|██▋       | 529/1935 [00:00<00:01, 707.32it/s]
Epoch 0:  27%|██▋       | 530/1935 [00:00<00:01, 707.50it/s]
Epoch 0:  27%|██▋       | 530/1935 [00:00<00:01, 707.33it/s]
Epoch 0:  27%|██▋       | 531/1935 [00:00<00:01, 707.51it/s]
Epoch 0:  27%|██▋       | 531/1935 [00:00<00:01, 707.34it/s]
Epoch 0:  27%|██▋       | 532/1935 [00:00<00:01, 707.50it/s]
Epoch 0:  27%|██▋       | 532/1935 [00:00<00:01, 707.36it/s]
Epoch 0:  28%|██▊       | 533/1935 [00:00<00:01, 707.53it/s]
Epoch 0:  28%|██▊       | 533/1935 [00:00<00:01, 707.36it/s]
Epoch 0:  28%|██▊       | 534/1935 [00:00<00:01, 707.53it/s]
Epoch 0:  28%|██▊       | 534/1935 [00:00<00:01, 707.37it/s]
Epoch 0:  28%|██▊       | 535/1935 [00:00<00:01, 707.54it/s]
Epoch 0:  28%|██▊       | 535/1935 [00:00<00:01, 707.38it/s]
Epoch 0:  28%|██▊       | 536/1935 [00:00<00:01, 707.54it/s]
Epoch 0:  28%|██▊       | 536/1935 [00:00<00:01, 707.37it/s]
Epoch 0:  28%|██▊       | 537/1935 [00:00<00:01, 707.51it/s]
Epoch 0:  28%|██▊       | 537/1935 [00:00<00:01, 707.37it/s]
Epoch 0:  28%|██▊       | 538/1935 [00:00<00:01, 707.53it/s]
Epoch 0:  28%|██▊       | 538/1935 [00:00<00:01, 707.37it/s]
Epoch 0:  28%|██▊       | 539/1935 [00:00<00:01, 707.54it/s]
Epoch 0:  28%|██▊       | 539/1935 [00:00<00:01, 707.38it/s]
Epoch 0:  28%|██▊       | 540/1935 [00:00<00:01, 707.55it/s]
Epoch 0:  28%|██▊       | 540/1935 [00:00<00:01, 707.41it/s]
Epoch 0:  28%|██▊       | 541/1935 [00:00<00:01, 707.57it/s]
Epoch 0:  28%|██▊       | 541/1935 [00:00<00:01, 707.40it/s]
Epoch 0:  28%|██▊       | 542/1935 [00:00<00:01, 707.56it/s]
Epoch 0:  28%|██▊       | 542/1935 [00:00<00:01, 707.40it/s]
Epoch 0:  28%|██▊       | 543/1935 [00:00<00:01, 707.54it/s]
Epoch 0:  28%|██▊       | 543/1935 [00:00<00:01, 707.38it/s]
Epoch 0:  28%|██▊       | 544/1935 [00:00<00:01, 707.53it/s]
Epoch 0:  28%|██▊       | 544/1935 [00:00<00:01, 707.37it/s]
Epoch 0:  28%|██▊       | 545/1935 [00:00<00:01, 707.54it/s]
Epoch 0:  28%|██▊       | 545/1935 [00:00<00:01, 707.38it/s]
Epoch 0:  28%|██▊       | 546/1935 [00:00<00:01, 707.56it/s]
Epoch 0:  28%|██▊       | 546/1935 [00:00<00:01, 707.37it/s]
Epoch 0:  28%|██▊       | 547/1935 [00:00<00:01, 707.54it/s]
Epoch 0:  28%|██▊       | 547/1935 [00:00<00:01, 707.38it/s]
Epoch 0:  28%|██▊       | 548/1935 [00:00<00:01, 707.54it/s]
Epoch 0:  28%|██▊       | 548/1935 [00:00<00:01, 707.40it/s]
Epoch 0:  28%|██▊       | 549/1935 [00:00<00:01, 707.53it/s]
Epoch 0:  28%|██▊       | 549/1935 [00:00<00:01, 707.36it/s]
Epoch 0:  28%|██▊       | 550/1935 [00:00<00:01, 707.52it/s]
Epoch 0:  28%|██▊       | 550/1935 [00:00<00:01, 707.36it/s]
Epoch 0:  28%|██▊       | 551/1935 [00:00<00:01, 707.50it/s]
Epoch 0:  28%|██▊       | 551/1935 [00:00<00:01, 707.34it/s]
Epoch 0:  29%|██▊       | 552/1935 [00:00<00:01, 707.51it/s]
Epoch 0:  29%|██▊       | 552/1935 [00:00<00:01, 707.35it/s]
Epoch 0:  29%|██▊       | 553/1935 [00:00<00:01, 707.53it/s]
Epoch 0:  29%|██▊       | 553/1935 [00:00<00:01, 707.38it/s]
Epoch 0:  29%|██▊       | 554/1935 [00:00<00:01, 707.55it/s]
Epoch 0:  29%|██▊       | 554/1935 [00:00<00:01, 707.39it/s]
Epoch 0:  29%|██▊       | 555/1935 [00:00<00:01, 707.55it/s]
Epoch 0:  29%|██▊       | 555/1935 [00:00<00:01, 707.39it/s]
Epoch 0:  29%|██▊       | 556/1935 [00:00<00:01, 707.55it/s]
Epoch 0:  29%|██▊       | 556/1935 [00:00<00:01, 707.41it/s]
Epoch 0:  29%|██▉       | 557/1935 [00:00<00:01, 707.59it/s]
Epoch 0:  29%|██▉       | 557/1935 [00:00<00:01, 707.42it/s]
Epoch 0:  29%|██▉       | 558/1935 [00:00<00:01, 707.57it/s]
Epoch 0:  29%|██▉       | 558/1935 [00:00<00:01, 707.41it/s]
Epoch 0:  29%|██▉       | 559/1935 [00:00<00:01, 707.58it/s]
Epoch 0:  29%|██▉       | 559/1935 [00:00<00:01, 707.43it/s]
Epoch 0:  29%|██▉       | 560/1935 [00:00<00:01, 707.59it/s]
Epoch 0:  29%|██▉       | 560/1935 [00:00<00:01, 707.43it/s]
Epoch 0:  29%|██▉       | 561/1935 [00:00<00:01, 707.57it/s]
Epoch 0:  29%|██▉       | 561/1935 [00:00<00:01, 707.42it/s]
Epoch 0:  29%|██▉       | 562/1935 [00:00<00:01, 707.58it/s]
Epoch 0:  29%|██▉       | 562/1935 [00:00<00:01, 707.42it/s]
Epoch 0:  29%|██▉       | 563/1935 [00:00<00:01, 707.59it/s]
Epoch 0:  29%|██▉       | 563/1935 [00:00<00:01, 707.41it/s]
Epoch 0:  29%|██▉       | 564/1935 [00:00<00:01, 707.58it/s]
Epoch 0:  29%|██▉       | 564/1935 [00:00<00:01, 707.45it/s]
Epoch 0:  29%|██▉       | 565/1935 [00:00<00:01, 707.61it/s]
Epoch 0:  29%|██▉       | 565/1935 [00:00<00:01, 707.45it/s]
Epoch 0:  29%|██▉       | 566/1935 [00:00<00:01, 707.60it/s]
Epoch 0:  29%|██▉       | 566/1935 [00:00<00:01, 707.44it/s]
Epoch 0:  29%|██▉       | 567/1935 [00:00<00:01, 707.60it/s]
Epoch 0:  29%|██▉       | 567/1935 [00:00<00:01, 707.45it/s]
Epoch 0:  29%|██▉       | 568/1935 [00:00<00:01, 707.60it/s]
Epoch 0:  29%|██▉       | 568/1935 [00:00<00:01, 707.44it/s]
Epoch 0:  29%|██▉       | 569/1935 [00:00<00:01, 707.59it/s]
Epoch 0:  29%|██▉       | 569/1935 [00:00<00:01, 707.44it/s]
Epoch 0:  29%|██▉       | 570/1935 [00:00<00:01, 707.60it/s]
Epoch 0:  29%|██▉       | 570/1935 [00:00<00:01, 707.43it/s]
Epoch 0:  30%|██▉       | 571/1935 [00:00<00:01, 707.60it/s]
Epoch 0:  30%|██▉       | 571/1935 [00:00<00:01, 707.44it/s]
Epoch 0:  30%|██▉       | 572/1935 [00:00<00:01, 707.58it/s]
Epoch 0:  30%|██▉       | 572/1935 [00:00<00:01, 707.45it/s]
Epoch 0:  30%|██▉       | 573/1935 [00:00<00:01, 707.61it/s]
Epoch 0:  30%|██▉       | 573/1935 [00:00<00:01, 707.45it/s]
Epoch 0:  30%|██▉       | 574/1935 [00:00<00:01, 707.60it/s]
Epoch 0:  30%|██▉       | 574/1935 [00:00<00:01, 707.45it/s]
Epoch 0:  30%|██▉       | 575/1935 [00:00<00:01, 707.59it/s]
Epoch 0:  30%|██▉       | 575/1935 [00:00<00:01, 707.44it/s]
Epoch 0:  30%|██▉       | 576/1935 [00:00<00:01, 707.57it/s]
Epoch 0:  30%|██▉       | 576/1935 [00:00<00:01, 707.44it/s]
Epoch 0:  30%|██▉       | 577/1935 [00:00<00:01, 707.62it/s]
Epoch 0:  30%|██▉       | 577/1935 [00:00<00:01, 707.47it/s]
Epoch 0:  30%|██▉       | 578/1935 [00:00<00:01, 707.61it/s]
Epoch 0:  30%|██▉       | 578/1935 [00:00<00:01, 707.45it/s]
Epoch 0:  30%|██▉       | 579/1935 [00:00<00:01, 707.62it/s]
Epoch 0:  30%|██▉       | 579/1935 [00:00<00:01, 707.46it/s]
Epoch 0:  30%|██▉       | 580/1935 [00:00<00:01, 707.63it/s]
Epoch 0:  30%|██▉       | 580/1935 [00:00<00:01, 707.46it/s]
Epoch 0:  30%|███       | 581/1935 [00:00<00:01, 707.63it/s]
Epoch 0:  30%|███       | 581/1935 [00:00<00:01, 707.47it/s]
Epoch 0:  30%|███       | 582/1935 [00:00<00:01, 707.63it/s]
Epoch 0:  30%|███       | 582/1935 [00:00<00:01, 707.48it/s]
Epoch 0:  30%|███       | 583/1935 [00:00<00:01, 707.64it/s]
Epoch 0:  30%|███       | 583/1935 [00:00<00:01, 707.49it/s]
Epoch 0:  30%|███       | 584/1935 [00:00<00:01, 707.63it/s]
Epoch 0:  30%|███       | 584/1935 [00:00<00:01, 707.48it/s]
Epoch 0:  30%|███       | 585/1935 [00:00<00:01, 707.64it/s]
Epoch 0:  30%|███       | 585/1935 [00:00<00:01, 707.49it/s]
Epoch 0:  30%|███       | 586/1935 [00:00<00:01, 707.64it/s]
Epoch 0:  30%|███       | 586/1935 [00:00<00:01, 707.49it/s]
Epoch 0:  30%|███       | 587/1935 [00:00<00:01, 707.63it/s]
Epoch 0:  30%|███       | 587/1935 [00:00<00:01, 707.47it/s]
Epoch 0:  30%|███       | 588/1935 [00:00<00:01, 707.63it/s]
Epoch 0:  30%|███       | 588/1935 [00:00<00:01, 707.50it/s]
Epoch 0:  30%|███       | 589/1935 [00:00<00:01, 707.64it/s]
Epoch 0:  30%|███       | 589/1935 [00:00<00:01, 707.49it/s]
Epoch 0:  30%|███       | 590/1935 [00:00<00:01, 707.63it/s]
Epoch 0:  30%|███       | 590/1935 [00:00<00:01, 707.48it/s]
Epoch 0:  31%|███       | 591/1935 [00:00<00:01, 707.64it/s]
Epoch 0:  31%|███       | 591/1935 [00:00<00:01, 707.49it/s]
Epoch 0:  31%|███       | 592/1935 [00:00<00:01, 707.64it/s]
Epoch 0:  31%|███       | 592/1935 [00:00<00:01, 707.48it/s]
Epoch 0:  31%|███       | 593/1935 [00:00<00:01, 707.62it/s]
Epoch 0:  31%|███       | 593/1935 [00:00<00:01, 707.48it/s]
Epoch 0:  31%|███       | 594/1935 [00:00<00:01, 707.63it/s]
Epoch 0:  31%|███       | 594/1935 [00:00<00:01, 707.48it/s]
Epoch 0:  31%|███       | 595/1935 [00:00<00:01, 707.64it/s]
Epoch 0:  31%|███       | 595/1935 [00:00<00:01, 707.50it/s]
Epoch 0:  31%|███       | 596/1935 [00:00<00:01, 707.66it/s]
Epoch 0:  31%|███       | 596/1935 [00:00<00:01, 707.52it/s]
Epoch 0:  31%|███       | 597/1935 [00:00<00:01, 707.68it/s]
Epoch 0:  31%|███       | 597/1935 [00:00<00:01, 707.53it/s]
Epoch 0:  31%|███       | 598/1935 [00:00<00:01, 707.68it/s]
Epoch 0:  31%|███       | 598/1935 [00:00<00:01, 707.53it/s]
Epoch 0:  31%|███       | 599/1935 [00:00<00:01, 707.70it/s]
Epoch 0:  31%|███       | 599/1935 [00:00<00:01, 707.56it/s]
Epoch 0:  31%|███       | 600/1935 [00:00<00:01, 707.70it/s]
Epoch 0:  31%|███       | 600/1935 [00:00<00:01, 707.55it/s]
Epoch 0:  31%|███       | 601/1935 [00:00<00:01, 707.70it/s]
Epoch 0:  31%|███       | 601/1935 [00:00<00:01, 707.56it/s]
Epoch 0:  31%|███       | 602/1935 [00:00<00:01, 707.71it/s]
Epoch 0:  31%|███       | 602/1935 [00:00<00:01, 707.55it/s]
Epoch 0:  31%|███       | 603/1935 [00:00<00:01, 707.70it/s]
Epoch 0:  31%|███       | 603/1935 [00:00<00:01, 707.55it/s]
Epoch 0:  31%|███       | 604/1935 [00:00<00:01, 707.69it/s]
Epoch 0:  31%|███       | 604/1935 [00:00<00:01, 707.55it/s]
Epoch 0:  31%|███▏      | 605/1935 [00:00<00:01, 707.69it/s]
Epoch 0:  31%|███▏      | 605/1935 [00:00<00:01, 707.54it/s]
Epoch 0:  31%|███▏      | 606/1935 [00:00<00:01, 707.68it/s]
Epoch 0:  31%|███▏      | 606/1935 [00:00<00:01, 707.53it/s]
Epoch 0:  31%|███▏      | 607/1935 [00:00<00:01, 707.67it/s]
Epoch 0:  31%|███▏      | 607/1935 [00:00<00:01, 707.53it/s]
Epoch 0:  31%|███▏      | 608/1935 [00:00<00:01, 707.68it/s]
Epoch 0:  31%|███▏      | 608/1935 [00:00<00:01, 707.53it/s]
Epoch 0:  31%|███▏      | 609/1935 [00:00<00:01, 707.69it/s]
Epoch 0:  31%|███▏      | 609/1935 [00:00<00:01, 707.54it/s]
Epoch 0:  32%|███▏      | 610/1935 [00:00<00:01, 707.66it/s]
Epoch 0:  32%|███▏      | 610/1935 [00:00<00:01, 707.52it/s]
Epoch 0:  32%|███▏      | 611/1935 [00:00<00:01, 707.66it/s]
Epoch 0:  32%|███▏      | 611/1935 [00:00<00:01, 707.52it/s]
Epoch 0:  32%|███▏      | 612/1935 [00:00<00:01, 707.68it/s]
Epoch 0:  32%|███▏      | 612/1935 [00:00<00:01, 707.55it/s]
Epoch 0:  32%|███▏      | 613/1935 [00:00<00:01, 707.70it/s]
Epoch 0:  32%|███▏      | 613/1935 [00:00<00:01, 707.55it/s]
Epoch 0:  32%|███▏      | 614/1935 [00:00<00:01, 707.69it/s]
Epoch 0:  32%|███▏      | 614/1935 [00:00<00:01, 707.55it/s]
Epoch 0:  32%|███▏      | 615/1935 [00:00<00:01, 707.69it/s]
Epoch 0:  32%|███▏      | 615/1935 [00:00<00:01, 707.55it/s]
Epoch 0:  32%|███▏      | 616/1935 [00:00<00:01, 707.71it/s]
Epoch 0:  32%|███▏      | 616/1935 [00:00<00:01, 707.57it/s]
Epoch 0:  32%|███▏      | 617/1935 [00:00<00:01, 707.72it/s]
Epoch 0:  32%|███▏      | 617/1935 [00:00<00:01, 707.58it/s]
Epoch 0:  32%|███▏      | 618/1935 [00:00<00:01, 707.71it/s]
Epoch 0:  32%|███▏      | 618/1935 [00:00<00:01, 707.56it/s]
Epoch 0:  32%|███▏      | 619/1935 [00:00<00:01, 707.71it/s]
Epoch 0:  32%|███▏      | 619/1935 [00:00<00:01, 707.56it/s]
Epoch 0:  32%|███▏      | 620/1935 [00:00<00:01, 707.70it/s]
Epoch 0:  32%|███▏      | 620/1935 [00:00<00:01, 707.56it/s]
Epoch 0:  32%|███▏      | 621/1935 [00:00<00:01, 707.71it/s]
Epoch 0:  32%|███▏      | 621/1935 [00:00<00:01, 707.56it/s]
Epoch 0:  32%|███▏      | 622/1935 [00:00<00:01, 707.69it/s]
Epoch 0:  32%|███▏      | 622/1935 [00:00<00:01, 707.55it/s]
Epoch 0:  32%|███▏      | 623/1935 [00:00<00:01, 707.70it/s]
Epoch 0:  32%|███▏      | 623/1935 [00:00<00:01, 707.56it/s]
Epoch 0:  32%|███▏      | 624/1935 [00:00<00:01, 707.70it/s]
Epoch 0:  32%|███▏      | 624/1935 [00:00<00:01, 707.55it/s]
Epoch 0:  32%|███▏      | 625/1935 [00:00<00:01, 707.71it/s]
Epoch 0:  32%|███▏      | 625/1935 [00:00<00:01, 707.58it/s]
Epoch 0:  32%|███▏      | 626/1935 [00:00<00:01, 707.72it/s]
Epoch 0:  32%|███▏      | 626/1935 [00:00<00:01, 707.57it/s]
Epoch 0:  32%|███▏      | 627/1935 [00:00<00:01, 707.70it/s]
Epoch 0:  32%|███▏      | 627/1935 [00:00<00:01, 707.56it/s]
Epoch 0:  32%|███▏      | 628/1935 [00:00<00:01, 707.72it/s]
Epoch 0:  32%|███▏      | 628/1935 [00:00<00:01, 707.59it/s]
Epoch 0:  33%|███▎      | 629/1935 [00:00<00:01, 707.72it/s]
Epoch 0:  33%|███▎      | 629/1935 [00:00<00:01, 707.57it/s]
Epoch 0:  33%|███▎      | 630/1935 [00:00<00:01, 707.72it/s]
Epoch 0:  33%|███▎      | 630/1935 [00:00<00:01, 707.58it/s]
Epoch 0:  33%|███▎      | 631/1935 [00:00<00:01, 707.73it/s]
Epoch 0:  33%|███▎      | 631/1935 [00:00<00:01, 707.59it/s]
Epoch 0:  33%|███▎      | 632/1935 [00:00<00:01, 707.73it/s]
Epoch 0:  33%|███▎      | 632/1935 [00:00<00:01, 707.59it/s]
Epoch 0:  33%|███▎      | 633/1935 [00:00<00:01, 707.73it/s]
Epoch 0:  33%|███▎      | 633/1935 [00:00<00:01, 707.60it/s]
Epoch 0:  33%|███▎      | 634/1935 [00:00<00:01, 707.74it/s]
Epoch 0:  33%|███▎      | 634/1935 [00:00<00:01, 707.60it/s]
Epoch 0:  33%|███▎      | 635/1935 [00:00<00:01, 707.73it/s]
Epoch 0:  33%|███▎      | 635/1935 [00:00<00:01, 707.59it/s]
Epoch 0:  33%|███▎      | 636/1935 [00:00<00:01, 707.75it/s]
Epoch 0:  33%|███▎      | 636/1935 [00:00<00:01, 707.61it/s]
Epoch 0:  33%|███▎      | 637/1935 [00:00<00:01, 707.76it/s]
Epoch 0:  33%|███▎      | 637/1935 [00:00<00:01, 707.62it/s]
Epoch 0:  33%|███▎      | 638/1935 [00:00<00:01, 707.74it/s]
Epoch 0:  33%|███▎      | 638/1935 [00:00<00:01, 707.61it/s]
Epoch 0:  33%|███▎      | 639/1935 [00:00<00:01, 707.74it/s]
Epoch 0:  33%|███▎      | 639/1935 [00:00<00:01, 707.61it/s]
Epoch 0:  33%|███▎      | 640/1935 [00:00<00:01, 707.75it/s]
Epoch 0:  33%|███▎      | 640/1935 [00:00<00:01, 707.61it/s]
Epoch 0:  33%|███▎      | 641/1935 [00:00<00:01, 707.72it/s]
Epoch 0:  33%|███▎      | 641/1935 [00:00<00:01, 707.59it/s]
Epoch 0:  33%|███▎      | 642/1935 [00:00<00:01, 707.73it/s]
Epoch 0:  33%|███▎      | 642/1935 [00:00<00:01, 707.59it/s]
Epoch 0:  33%|███▎      | 643/1935 [00:00<00:01, 707.75it/s]
Epoch 0:  33%|███▎      | 643/1935 [00:00<00:01, 707.61it/s]
Epoch 0:  33%|███▎      | 644/1935 [00:00<00:01, 707.76it/s]
Epoch 0:  33%|███▎      | 644/1935 [00:00<00:01, 707.64it/s]
Epoch 0:  33%|███▎      | 645/1935 [00:00<00:01, 707.79it/s]
Epoch 0:  33%|███▎      | 645/1935 [00:00<00:01, 707.65it/s]
Epoch 0:  33%|███▎      | 646/1935 [00:00<00:01, 707.77it/s]
Epoch 0:  33%|███▎      | 646/1935 [00:00<00:01, 707.64it/s]
Epoch 0:  33%|███▎      | 647/1935 [00:00<00:01, 707.79it/s]
Epoch 0:  33%|███▎      | 647/1935 [00:00<00:01, 707.66it/s]
Epoch 0:  33%|███▎      | 648/1935 [00:00<00:01, 707.80it/s]
Epoch 0:  33%|███▎      | 648/1935 [00:00<00:01, 707.66it/s]
Epoch 0:  34%|███▎      | 649/1935 [00:00<00:01, 707.80it/s]
Epoch 0:  34%|███▎      | 649/1935 [00:00<00:01, 707.67it/s]
Epoch 0:  34%|███▎      | 650/1935 [00:00<00:01, 707.53it/s]
Epoch 0:  34%|███▎      | 650/1935 [00:00<00:01, 707.39it/s]
Epoch 0:  34%|███▎      | 651/1935 [00:00<00:01, 707.53it/s]
Epoch 0:  34%|███▎      | 651/1935 [00:00<00:01, 707.40it/s]
Epoch 0:  34%|███▎      | 652/1935 [00:00<00:01, 707.53it/s]
Epoch 0:  34%|███▎      | 652/1935 [00:00<00:01, 707.41it/s]
Epoch 0:  34%|███▎      | 653/1935 [00:00<00:01, 707.53it/s]
Epoch 0:  34%|███▎      | 653/1935 [00:00<00:01, 707.39it/s]
Epoch 0:  34%|███▍      | 654/1935 [00:00<00:01, 707.53it/s]
Epoch 0:  34%|███▍      | 654/1935 [00:00<00:01, 707.40it/s]
Epoch 0:  34%|███▍      | 655/1935 [00:00<00:01, 707.51it/s]
Epoch 0:  34%|███▍      | 655/1935 [00:00<00:01, 707.39it/s]
Epoch 0:  34%|███▍      | 656/1935 [00:00<00:01, 707.52it/s]
Epoch 0:  34%|███▍      | 656/1935 [00:00<00:01, 707.38it/s]
Epoch 0:  34%|███▍      | 657/1935 [00:00<00:01, 707.53it/s]
Epoch 0:  34%|███▍      | 657/1935 [00:00<00:01, 707.40it/s]
Epoch 0:  34%|███▍      | 658/1935 [00:00<00:01, 707.54it/s]
Epoch 0:  34%|███▍      | 658/1935 [00:00<00:01, 707.40it/s]
Epoch 0:  34%|███▍      | 659/1935 [00:00<00:01, 707.55it/s]
Epoch 0:  34%|███▍      | 659/1935 [00:00<00:01, 707.42it/s]
Epoch 0:  34%|███▍      | 660/1935 [00:00<00:01, 707.55it/s]
Epoch 0:  34%|███▍      | 660/1935 [00:00<00:01, 707.43it/s]
Epoch 0:  34%|███▍      | 661/1935 [00:00<00:01, 707.57it/s]
Epoch 0:  34%|███▍      | 661/1935 [00:00<00:01, 707.43it/s]
Epoch 0:  34%|███▍      | 662/1935 [00:00<00:01, 707.57it/s]
Epoch 0:  34%|███▍      | 662/1935 [00:00<00:01, 707.44it/s]
Epoch 0:  34%|███▍      | 663/1935 [00:00<00:01, 707.57it/s]
Epoch 0:  34%|███▍      | 663/1935 [00:00<00:01, 707.45it/s]
Epoch 0:  34%|███▍      | 664/1935 [00:00<00:01, 707.60it/s]
Epoch 0:  34%|███▍      | 664/1935 [00:00<00:01, 707.46it/s]
Epoch 0:  34%|███▍      | 665/1935 [00:00<00:01, 707.60it/s]
Epoch 0:  34%|███▍      | 665/1935 [00:00<00:01, 707.47it/s]
Epoch 0:  34%|███▍      | 666/1935 [00:00<00:01, 707.59it/s]
Epoch 0:  34%|███▍      | 666/1935 [00:00<00:01, 707.46it/s]
Epoch 0:  34%|███▍      | 667/1935 [00:00<00:01, 707.59it/s]
Epoch 0:  34%|███▍      | 667/1935 [00:00<00:01, 707.46it/s]
Epoch 0:  35%|███▍      | 668/1935 [00:00<00:01, 707.59it/s]
Epoch 0:  35%|███▍      | 668/1935 [00:00<00:01, 707.47it/s]
Epoch 0:  35%|███▍      | 669/1935 [00:00<00:01, 707.57it/s]
Epoch 0:  35%|███▍      | 669/1935 [00:00<00:01, 707.44it/s]
Epoch 0:  35%|███▍      | 670/1935 [00:00<00:01, 707.56it/s]
Epoch 0:  35%|███▍      | 670/1935 [00:00<00:01, 707.43it/s]
Epoch 0:  35%|███▍      | 671/1935 [00:00<00:01, 707.57it/s]
Epoch 0:  35%|███▍      | 671/1935 [00:00<00:01, 707.44it/s]
Epoch 0:  35%|███▍      | 672/1935 [00:00<00:01, 707.55it/s]
Epoch 0:  35%|███▍      | 672/1935 [00:00<00:01, 707.42it/s]
Epoch 0:  35%|███▍      | 673/1935 [00:00<00:01, 707.56it/s]
Epoch 0:  35%|███▍      | 673/1935 [00:00<00:01, 707.43it/s]
Epoch 0:  35%|███▍      | 674/1935 [00:00<00:01, 707.58it/s]
Epoch 0:  35%|███▍      | 674/1935 [00:00<00:01, 707.45it/s]
Epoch 0:  35%|███▍      | 675/1935 [00:00<00:01, 707.57it/s]
Epoch 0:  35%|███▍      | 675/1935 [00:00<00:01, 707.44it/s]
Epoch 0:  35%|███▍      | 676/1935 [00:00<00:01, 707.57it/s]
Epoch 0:  35%|███▍      | 676/1935 [00:00<00:01, 707.46it/s]
Epoch 0:  35%|███▍      | 677/1935 [00:00<00:01, 707.58it/s]
Epoch 0:  35%|███▍      | 677/1935 [00:00<00:01, 707.44it/s]
Epoch 0:  35%|███▌      | 678/1935 [00:00<00:01, 707.57it/s]
Epoch 0:  35%|███▌      | 678/1935 [00:00<00:01, 707.44it/s]
Epoch 0:  35%|███▌      | 679/1935 [00:00<00:01, 707.57it/s]
Epoch 0:  35%|███▌      | 679/1935 [00:00<00:01, 707.44it/s]
Epoch 0:  35%|███▌      | 680/1935 [00:00<00:01, 707.58it/s]
Epoch 0:  35%|███▌      | 680/1935 [00:00<00:01, 707.45it/s]
Epoch 0:  35%|███▌      | 681/1935 [00:00<00:01, 707.59it/s]
Epoch 0:  35%|███▌      | 681/1935 [00:00<00:01, 707.47it/s]
Epoch 0:  35%|███▌      | 682/1935 [00:00<00:01, 707.60it/s]
Epoch 0:  35%|███▌      | 682/1935 [00:00<00:01, 707.46it/s]
Epoch 0:  35%|███▌      | 683/1935 [00:00<00:01, 707.60it/s]
Epoch 0:  35%|███▌      | 683/1935 [00:00<00:01, 707.47it/s]
Epoch 0:  35%|███▌      | 684/1935 [00:00<00:01, 707.61it/s]
Epoch 0:  35%|███▌      | 684/1935 [00:00<00:01, 707.47it/s]
Epoch 0:  35%|███▌      | 685/1935 [00:00<00:01, 707.60it/s]
Epoch 0:  35%|███▌      | 685/1935 [00:00<00:01, 707.46it/s]
Epoch 0:  35%|███▌      | 686/1935 [00:00<00:01, 707.60it/s]
Epoch 0:  35%|███▌      | 686/1935 [00:00<00:01, 707.48it/s]
Epoch 0:  36%|███▌      | 687/1935 [00:00<00:01, 707.62it/s]
Epoch 0:  36%|███▌      | 687/1935 [00:00<00:01, 707.50it/s]
Epoch 0:  36%|███▌      | 688/1935 [00:00<00:01, 707.64it/s]
Epoch 0:  36%|███▌      | 688/1935 [00:00<00:01, 707.51it/s]
Epoch 0:  36%|███▌      | 689/1935 [00:00<00:01, 707.63it/s]
Epoch 0:  36%|███▌      | 689/1935 [00:00<00:01, 707.50it/s]
Epoch 0:  36%|███▌      | 690/1935 [00:00<00:01, 707.64it/s]
Epoch 0:  36%|███▌      | 690/1935 [00:00<00:01, 707.51it/s]
Epoch 0:  36%|███▌      | 691/1935 [00:00<00:01, 707.64it/s]
Epoch 0:  36%|███▌      | 691/1935 [00:00<00:01, 707.51it/s]
Epoch 0:  36%|███▌      | 692/1935 [00:00<00:01, 707.65it/s]
Epoch 0:  36%|███▌      | 692/1935 [00:00<00:01, 707.53it/s]
Epoch 0:  36%|███▌      | 693/1935 [00:00<00:01, 707.66it/s]
Epoch 0:  36%|███▌      | 693/1935 [00:00<00:01, 707.53it/s]
Epoch 0:  36%|███▌      | 694/1935 [00:00<00:01, 707.64it/s]
Epoch 0:  36%|███▌      | 694/1935 [00:00<00:01, 707.51it/s]
Epoch 0:  36%|███▌      | 695/1935 [00:00<00:01, 707.65it/s]
Epoch 0:  36%|███▌      | 695/1935 [00:00<00:01, 707.53it/s]
Epoch 0:  36%|███▌      | 696/1935 [00:00<00:01, 707.67it/s]
Epoch 0:  36%|███▌      | 696/1935 [00:00<00:01, 707.54it/s]
Epoch 0:  36%|███▌      | 697/1935 [00:00<00:01, 707.67it/s]
Epoch 0:  36%|███▌      | 697/1935 [00:00<00:01, 707.55it/s]
Epoch 0:  36%|███▌      | 698/1935 [00:00<00:01, 707.69it/s]
Epoch 0:  36%|███▌      | 698/1935 [00:00<00:01, 707.56it/s]
Epoch 0:  36%|███▌      | 699/1935 [00:00<00:01, 707.71it/s]
Epoch 0:  36%|███▌      | 699/1935 [00:00<00:01, 707.57it/s]
Epoch 0:  36%|███▌      | 700/1935 [00:00<00:01, 707.70it/s]
Epoch 0:  36%|███▌      | 700/1935 [00:00<00:01, 707.59it/s]
Epoch 0:  36%|███▌      | 701/1935 [00:00<00:01, 707.72it/s]
Epoch 0:  36%|███▌      | 701/1935 [00:00<00:01, 707.59it/s]
Epoch 0:  36%|███▋      | 702/1935 [00:00<00:01, 707.72it/s]
Epoch 0:  36%|███▋      | 702/1935 [00:00<00:01, 707.60it/s]
Epoch 0:  36%|███▋      | 703/1935 [00:00<00:01, 704.70it/s]
Epoch 0:  36%|███▋      | 703/1935 [00:00<00:01, 704.58it/s]
Epoch 0:  36%|███▋      | 704/1935 [00:00<00:01, 704.72it/s]
Epoch 0:  36%|███▋      | 704/1935 [00:00<00:01, 704.59it/s]
Epoch 0:  36%|███▋      | 705/1935 [00:01<00:01, 704.74it/s]
Epoch 0:  36%|███▋      | 705/1935 [00:01<00:01, 704.62it/s]
Epoch 0:  36%|███▋      | 706/1935 [00:01<00:01, 704.76it/s]
Epoch 0:  36%|███▋      | 706/1935 [00:01<00:01, 704.63it/s]
Epoch 0:  37%|███▋      | 707/1935 [00:01<00:01, 704.79it/s]
Epoch 0:  37%|███▋      | 707/1935 [00:01<00:01, 704.67it/s]
Epoch 0:  37%|███▋      | 708/1935 [00:01<00:01, 704.81it/s]
Epoch 0:  37%|███▋      | 708/1935 [00:01<00:01, 704.70it/s]
Epoch 0:  37%|███▋      | 709/1935 [00:01<00:01, 704.81it/s]
Epoch 0:  37%|███▋      | 709/1935 [00:01<00:01, 704.68it/s]
Epoch 0:  37%|███▋      | 710/1935 [00:01<00:01, 704.81it/s]
Epoch 0:  37%|███▋      | 710/1935 [00:01<00:01, 704.69it/s]
Epoch 0:  37%|███▋      | 711/1935 [00:01<00:01, 704.82it/s]
Epoch 0:  37%|███▋      | 711/1935 [00:01<00:01, 704.70it/s]
Epoch 0:  37%|███▋      | 712/1935 [00:01<00:01, 704.84it/s]
Epoch 0:  37%|███▋      | 712/1935 [00:01<00:01, 704.72it/s]
Epoch 0:  37%|███▋      | 713/1935 [00:01<00:01, 704.85it/s]
Epoch 0:  37%|███▋      | 713/1935 [00:01<00:01, 704.73it/s]
Epoch 0:  37%|███▋      | 714/1935 [00:01<00:01, 704.88it/s]
Epoch 0:  37%|███▋      | 714/1935 [00:01<00:01, 704.76it/s]
Epoch 0:  37%|███▋      | 715/1935 [00:01<00:01, 704.91it/s]
Epoch 0:  37%|███▋      | 715/1935 [00:01<00:01, 704.78it/s]
Epoch 0:  37%|███▋      | 716/1935 [00:01<00:01, 704.92it/s]
Epoch 0:  37%|███▋      | 716/1935 [00:01<00:01, 704.81it/s]
Epoch 0:  37%|███▋      | 717/1935 [00:01<00:01, 704.94it/s]
Epoch 0:  37%|███▋      | 717/1935 [00:01<00:01, 704.82it/s]
Epoch 0:  37%|███▋      | 718/1935 [00:01<00:01, 704.96it/s]
Epoch 0:  37%|███▋      | 718/1935 [00:01<00:01, 704.84it/s]
Epoch 0:  37%|███▋      | 719/1935 [00:01<00:01, 704.98it/s]
Epoch 0:  37%|███▋      | 719/1935 [00:01<00:01, 704.86it/s]
Epoch 0:  37%|███▋      | 720/1935 [00:01<00:01, 705.01it/s]
Epoch 0:  37%|███▋      | 720/1935 [00:01<00:01, 704.89it/s]
Epoch 0:  37%|███▋      | 721/1935 [00:01<00:01, 705.03it/s]
Epoch 0:  37%|███▋      | 721/1935 [00:01<00:01, 704.91it/s]
Epoch 0:  37%|███▋      | 722/1935 [00:01<00:01, 705.05it/s]
Epoch 0:  37%|███▋      | 722/1935 [00:01<00:01, 704.93it/s]
Epoch 0:  37%|███▋      | 723/1935 [00:01<00:01, 705.06it/s]
Epoch 0:  37%|███▋      | 723/1935 [00:01<00:01, 704.94it/s]
Epoch 0:  37%|███▋      | 724/1935 [00:01<00:01, 705.07it/s]
Epoch 0:  37%|███▋      | 724/1935 [00:01<00:01, 704.96it/s]
Epoch 0:  37%|███▋      | 725/1935 [00:01<00:01, 705.11it/s]
Epoch 0:  37%|███▋      | 725/1935 [00:01<00:01, 704.98it/s]
Epoch 0:  38%|███▊      | 726/1935 [00:01<00:01, 705.11it/s]
Epoch 0:  38%|███▊      | 726/1935 [00:01<00:01, 704.99it/s]
Epoch 0:  38%|███▊      | 727/1935 [00:01<00:01, 705.11it/s]
Epoch 0:  38%|███▊      | 727/1935 [00:01<00:01, 705.01it/s]
Epoch 0:  38%|███▊      | 728/1935 [00:01<00:01, 705.15it/s]
Epoch 0:  38%|███▊      | 728/1935 [00:01<00:01, 705.03it/s]
Epoch 0:  38%|███▊      | 729/1935 [00:01<00:01, 705.16it/s]
Epoch 0:  38%|███▊      | 729/1935 [00:01<00:01, 705.04it/s]
Epoch 0:  38%|███▊      | 730/1935 [00:01<00:01, 705.18it/s]
Epoch 0:  38%|███▊      | 730/1935 [00:01<00:01, 705.06it/s]
Epoch 0:  38%|███▊      | 731/1935 [00:01<00:01, 705.20it/s]
Epoch 0:  38%|███▊      | 731/1935 [00:01<00:01, 705.07it/s]
Epoch 0:  38%|███▊      | 732/1935 [00:01<00:01, 705.20it/s]
Epoch 0:  38%|███▊      | 732/1935 [00:01<00:01, 705.09it/s]
Epoch 0:  38%|███▊      | 733/1935 [00:01<00:01, 705.23it/s]
Epoch 0:  38%|███▊      | 733/1935 [00:01<00:01, 705.11it/s]
Epoch 0:  38%|███▊      | 734/1935 [00:01<00:01, 705.25it/s]
Epoch 0:  38%|███▊      | 734/1935 [00:01<00:01, 705.13it/s]
Epoch 0:  38%|███▊      | 735/1935 [00:01<00:01, 705.27it/s]
Epoch 0:  38%|███▊      | 735/1935 [00:01<00:01, 705.17it/s]
Epoch 0:  38%|███▊      | 736/1935 [00:01<00:01, 705.31it/s]
Epoch 0:  38%|███▊      | 736/1935 [00:01<00:01, 705.19it/s]
Epoch 0:  38%|███▊      | 737/1935 [00:01<00:01, 705.31it/s]
Epoch 0:  38%|███▊      | 737/1935 [00:01<00:01, 705.20it/s]
Epoch 0:  38%|███▊      | 738/1935 [00:01<00:01, 705.34it/s]
Epoch 0:  38%|███▊      | 738/1935 [00:01<00:01, 705.22it/s]
Epoch 0:  38%|███▊      | 739/1935 [00:01<00:01, 705.34it/s]
Epoch 0:  38%|███▊      | 739/1935 [00:01<00:01, 705.22it/s]
Epoch 0:  38%|███▊      | 740/1935 [00:01<00:01, 705.35it/s]
Epoch 0:  38%|███▊      | 740/1935 [00:01<00:01, 705.25it/s]
Epoch 0:  38%|███▊      | 741/1935 [00:01<00:01, 705.39it/s]
Epoch 0:  38%|███▊      | 741/1935 [00:01<00:01, 705.27it/s]
Epoch 0:  38%|███▊      | 742/1935 [00:01<00:01, 705.38it/s]
Epoch 0:  38%|███▊      | 742/1935 [00:01<00:01, 705.26it/s]
Epoch 0:  38%|███▊      | 743/1935 [00:01<00:01, 705.37it/s]
Epoch 0:  38%|███▊      | 743/1935 [00:01<00:01, 705.26it/s]
Epoch 0:  38%|███▊      | 744/1935 [00:01<00:01, 705.37it/s]
Epoch 0:  38%|███▊      | 744/1935 [00:01<00:01, 705.25it/s]
Epoch 0:  39%|███▊      | 745/1935 [00:01<00:01, 705.37it/s]
Epoch 0:  39%|███▊      | 745/1935 [00:01<00:01, 705.26it/s]
Epoch 0:  39%|███▊      | 746/1935 [00:01<00:01, 705.38it/s]
Epoch 0:  39%|███▊      | 746/1935 [00:01<00:01, 705.26it/s]
Epoch 0:  39%|███▊      | 747/1935 [00:01<00:01, 705.40it/s]
Epoch 0:  39%|███▊      | 747/1935 [00:01<00:01, 705.29it/s]
Epoch 0:  39%|███▊      | 748/1935 [00:01<00:01, 705.41it/s]
Epoch 0:  39%|███▊      | 748/1935 [00:01<00:01, 705.30it/s]
Epoch 0:  39%|███▊      | 749/1935 [00:01<00:01, 705.42it/s]
Epoch 0:  39%|███▊      | 749/1935 [00:01<00:01, 705.30it/s]
Epoch 0:  39%|███▉      | 750/1935 [00:01<00:01, 705.43it/s]
Epoch 0:  39%|███▉      | 750/1935 [00:01<00:01, 705.31it/s]
Epoch 0:  39%|███▉      | 751/1935 [00:01<00:01, 705.42it/s]
Epoch 0:  39%|███▉      | 751/1935 [00:01<00:01, 705.31it/s]
Epoch 0:  39%|███▉      | 752/1935 [00:01<00:01, 705.44it/s]
Epoch 0:  39%|███▉      | 752/1935 [00:01<00:01, 705.33it/s]
Epoch 0:  39%|███▉      | 753/1935 [00:01<00:01, 705.46it/s]
Epoch 0:  39%|███▉      | 753/1935 [00:01<00:01, 705.34it/s]
Epoch 0:  39%|███▉      | 754/1935 [00:01<00:01, 705.46it/s]
Epoch 0:  39%|███▉      | 754/1935 [00:01<00:01, 705.34it/s]
Epoch 0:  39%|███▉      | 755/1935 [00:01<00:01, 705.47it/s]
Epoch 0:  39%|███▉      | 755/1935 [00:01<00:01, 705.35it/s]
Epoch 0:  39%|███▉      | 756/1935 [00:01<00:01, 705.49it/s]
Epoch 0:  39%|███▉      | 756/1935 [00:01<00:01, 705.38it/s]
Epoch 0:  39%|███▉      | 757/1935 [00:01<00:01, 705.51it/s]
Epoch 0:  39%|███▉      | 757/1935 [00:01<00:01, 705.39it/s]
Epoch 0:  39%|███▉      | 758/1935 [00:01<00:01, 705.52it/s]
Epoch 0:  39%|███▉      | 758/1935 [00:01<00:01, 705.41it/s]
Epoch 0:  39%|███▉      | 759/1935 [00:01<00:01, 705.52it/s]
Epoch 0:  39%|███▉      | 759/1935 [00:01<00:01, 705.41it/s]
Epoch 0:  39%|███▉      | 760/1935 [00:01<00:01, 705.54it/s]
Epoch 0:  39%|███▉      | 760/1935 [00:01<00:01, 705.42it/s]
Epoch 0:  39%|███▉      | 761/1935 [00:01<00:01, 705.54it/s]
Epoch 0:  39%|███▉      | 761/1935 [00:01<00:01, 705.43it/s]
Epoch 0:  39%|███▉      | 762/1935 [00:01<00:01, 705.52it/s]
Epoch 0:  39%|███▉      | 762/1935 [00:01<00:01, 705.42it/s]
Epoch 0:  39%|███▉      | 763/1935 [00:01<00:01, 705.46it/s]
Epoch 0:  39%|███▉      | 763/1935 [00:01<00:01, 705.35it/s]
Epoch 0:  39%|███▉      | 764/1935 [00:01<00:01, 705.47it/s]
Epoch 0:  39%|███▉      | 764/1935 [00:01<00:01, 705.37it/s]
Epoch 0:  40%|███▉      | 765/1935 [00:01<00:01, 705.51it/s]
Epoch 0:  40%|███▉      | 765/1935 [00:01<00:01, 705.39it/s]
Epoch 0:  40%|███▉      | 766/1935 [00:01<00:01, 705.52it/s]
Epoch 0:  40%|███▉      | 766/1935 [00:01<00:01, 705.41it/s]
Epoch 0:  40%|███▉      | 767/1935 [00:01<00:01, 705.54it/s]
Epoch 0:  40%|███▉      | 767/1935 [00:01<00:01, 705.43it/s]
Epoch 0:  40%|███▉      | 768/1935 [00:01<00:01, 705.55it/s]
Epoch 0:  40%|███▉      | 768/1935 [00:01<00:01, 705.44it/s]
Epoch 0:  40%|███▉      | 769/1935 [00:01<00:01, 705.55it/s]
Epoch 0:  40%|███▉      | 769/1935 [00:01<00:01, 705.44it/s]
Epoch 0:  40%|███▉      | 770/1935 [00:01<00:01, 705.57it/s]
Epoch 0:  40%|███▉      | 770/1935 [00:01<00:01, 705.46it/s]
Epoch 0:  40%|███▉      | 771/1935 [00:01<00:01, 705.59it/s]
Epoch 0:  40%|███▉      | 771/1935 [00:01<00:01, 705.47it/s]
Epoch 0:  40%|███▉      | 772/1935 [00:01<00:01, 705.60it/s]
Epoch 0:  40%|███▉      | 772/1935 [00:01<00:01, 705.50it/s]
Epoch 0:  40%|███▉      | 773/1935 [00:01<00:01, 705.63it/s]
Epoch 0:  40%|███▉      | 773/1935 [00:01<00:01, 705.51it/s]
Epoch 0:  40%|████      | 774/1935 [00:01<00:01, 705.63it/s]
Epoch 0:  40%|████      | 774/1935 [00:01<00:01, 705.52it/s]
Epoch 0:  40%|████      | 775/1935 [00:01<00:01, 705.65it/s]
Epoch 0:  40%|████      | 775/1935 [00:01<00:01, 705.54it/s]
Epoch 0:  40%|████      | 776/1935 [00:01<00:01, 705.66it/s]
Epoch 0:  40%|████      | 776/1935 [00:01<00:01, 705.54it/s]
Epoch 0:  40%|████      | 777/1935 [00:01<00:01, 705.67it/s]
Epoch 0:  40%|████      | 777/1935 [00:01<00:01, 705.56it/s]
Epoch 0:  40%|████      | 778/1935 [00:01<00:01, 705.68it/s]
Epoch 0:  40%|████      | 778/1935 [00:01<00:01, 705.57it/s]
Epoch 0:  40%|████      | 779/1935 [00:01<00:01, 705.71it/s]
Epoch 0:  40%|████      | 779/1935 [00:01<00:01, 705.59it/s]
Epoch 0:  40%|████      | 780/1935 [00:01<00:01, 705.72it/s]
Epoch 0:  40%|████      | 780/1935 [00:01<00:01, 705.63it/s]
Epoch 0:  40%|████      | 781/1935 [00:01<00:01, 705.75it/s]
Epoch 0:  40%|████      | 781/1935 [00:01<00:01, 705.63it/s]
Epoch 0:  40%|████      | 782/1935 [00:01<00:01, 705.76it/s]
Epoch 0:  40%|████      | 782/1935 [00:01<00:01, 705.65it/s]
Epoch 0:  40%|████      | 783/1935 [00:01<00:01, 705.77it/s]
Epoch 0:  40%|████      | 783/1935 [00:01<00:01, 705.67it/s]
Epoch 0:  41%|████      | 784/1935 [00:01<00:01, 705.78it/s]
Epoch 0:  41%|████      | 784/1935 [00:01<00:01, 705.67it/s]
Epoch 0:  41%|████      | 785/1935 [00:01<00:01, 705.80it/s]
Epoch 0:  41%|████      | 785/1935 [00:01<00:01, 705.69it/s]
Epoch 0:  41%|████      | 786/1935 [00:01<00:01, 705.81it/s]
Epoch 0:  41%|████      | 786/1935 [00:01<00:01, 705.69it/s]
Epoch 0:  41%|████      | 787/1935 [00:01<00:01, 705.82it/s]
Epoch 0:  41%|████      | 787/1935 [00:01<00:01, 705.71it/s]
Epoch 0:  41%|████      | 788/1935 [00:01<00:01, 705.83it/s]
Epoch 0:  41%|████      | 788/1935 [00:01<00:01, 705.73it/s]
Epoch 0:  41%|████      | 789/1935 [00:01<00:01, 705.83it/s]
Epoch 0:  41%|████      | 789/1935 [00:01<00:01, 705.72it/s]
Epoch 0:  41%|████      | 790/1935 [00:01<00:01, 705.84it/s]
Epoch 0:  41%|████      | 790/1935 [00:01<00:01, 705.73it/s]
Epoch 0:  41%|████      | 791/1935 [00:01<00:01, 705.86it/s]
Epoch 0:  41%|████      | 791/1935 [00:01<00:01, 705.76it/s]
Epoch 0:  41%|████      | 792/1935 [00:01<00:01, 705.86it/s]
Epoch 0:  41%|████      | 792/1935 [00:01<00:01, 705.75it/s]
Epoch 0:  41%|████      | 793/1935 [00:01<00:01, 705.88it/s]
Epoch 0:  41%|████      | 793/1935 [00:01<00:01, 705.77it/s]
Epoch 0:  41%|████      | 794/1935 [00:01<00:01, 705.89it/s]
Epoch 0:  41%|████      | 794/1935 [00:01<00:01, 705.78it/s]
Epoch 0:  41%|████      | 795/1935 [00:01<00:01, 705.91it/s]
Epoch 0:  41%|████      | 795/1935 [00:01<00:01, 705.80it/s]
Epoch 0:  41%|████      | 796/1935 [00:01<00:01, 705.91it/s]
Epoch 0:  41%|████      | 796/1935 [00:01<00:01, 705.80it/s]
Epoch 0:  41%|████      | 797/1935 [00:01<00:01, 705.92it/s]
Epoch 0:  41%|████      | 797/1935 [00:01<00:01, 705.81it/s]
Epoch 0:  41%|████      | 798/1935 [00:01<00:01, 705.93it/s]
Epoch 0:  41%|████      | 798/1935 [00:01<00:01, 705.82it/s]
Epoch 0:  41%|████▏     | 799/1935 [00:01<00:01, 705.94it/s]
Epoch 0:  41%|████▏     | 799/1935 [00:01<00:01, 705.83it/s]
Epoch 0:  41%|████▏     | 800/1935 [00:01<00:01, 705.96it/s]
Epoch 0:  41%|████▏     | 800/1935 [00:01<00:01, 705.85it/s]
Epoch 0:  41%|████▏     | 801/1935 [00:01<00:01, 705.95it/s]
Epoch 0:  41%|████▏     | 801/1935 [00:01<00:01, 705.84it/s]
Epoch 0:  41%|████▏     | 802/1935 [00:01<00:01, 705.95it/s]
Epoch 0:  41%|████▏     | 802/1935 [00:01<00:01, 705.84it/s]
Epoch 0:  41%|████▏     | 803/1935 [00:01<00:01, 705.95it/s]
Epoch 0:  41%|████▏     | 803/1935 [00:01<00:01, 705.84it/s]
Epoch 0:  42%|████▏     | 804/1935 [00:01<00:01, 705.95it/s]
Epoch 0:  42%|████▏     | 804/1935 [00:01<00:01, 705.85it/s]
Epoch 0:  42%|████▏     | 805/1935 [00:01<00:01, 705.97it/s]
Epoch 0:  42%|████▏     | 805/1935 [00:01<00:01, 705.85it/s]
Epoch 0:  42%|████▏     | 806/1935 [00:01<00:01, 705.97it/s]
Epoch 0:  42%|████▏     | 806/1935 [00:01<00:01, 705.85it/s]
Epoch 0:  42%|████▏     | 807/1935 [00:01<00:01, 705.97it/s]
Epoch 0:  42%|████▏     | 807/1935 [00:01<00:01, 705.87it/s]
Epoch 0:  42%|████▏     | 808/1935 [00:01<00:01, 705.98it/s]
Epoch 0:  42%|████▏     | 808/1935 [00:01<00:01, 705.87it/s]
Epoch 0:  42%|████▏     | 809/1935 [00:01<00:01, 705.99it/s]
Epoch 0:  42%|████▏     | 809/1935 [00:01<00:01, 705.89it/s]
Epoch 0:  42%|████▏     | 810/1935 [00:01<00:01, 706.00it/s]
Epoch 0:  42%|████▏     | 810/1935 [00:01<00:01, 705.89it/s]
Epoch 0:  42%|████▏     | 811/1935 [00:01<00:01, 706.01it/s]
Epoch 0:  42%|████▏     | 811/1935 [00:01<00:01, 705.90it/s]
Epoch 0:  42%|████▏     | 812/1935 [00:01<00:01, 706.00it/s]
Epoch 0:  42%|████▏     | 812/1935 [00:01<00:01, 705.89it/s]
Epoch 0:  42%|████▏     | 813/1935 [00:01<00:01, 706.00it/s]
Epoch 0:  42%|████▏     | 813/1935 [00:01<00:01, 705.89it/s]
Epoch 0:  42%|████▏     | 814/1935 [00:01<00:01, 706.01it/s]
Epoch 0:  42%|████▏     | 814/1935 [00:01<00:01, 705.90it/s]
Epoch 0:  42%|████▏     | 815/1935 [00:01<00:01, 706.01it/s]
Epoch 0:  42%|████▏     | 815/1935 [00:01<00:01, 705.91it/s]
Epoch 0:  42%|████▏     | 816/1935 [00:01<00:01, 706.02it/s]
Epoch 0:  42%|████▏     | 816/1935 [00:01<00:01, 705.91it/s]
Epoch 0:  42%|████▏     | 817/1935 [00:01<00:01, 706.03it/s]
Epoch 0:  42%|████▏     | 817/1935 [00:01<00:01, 705.92it/s]
Epoch 0:  42%|████▏     | 818/1935 [00:01<00:01, 706.01it/s]
Epoch 0:  42%|████▏     | 818/1935 [00:01<00:01, 705.90it/s]
Epoch 0:  42%|████▏     | 819/1935 [00:01<00:01, 706.01it/s]
Epoch 0:  42%|████▏     | 819/1935 [00:01<00:01, 705.91it/s]
Epoch 0:  42%|████▏     | 820/1935 [00:01<00:01, 706.03it/s]
Epoch 0:  42%|████▏     | 820/1935 [00:01<00:01, 705.94it/s]
Epoch 0:  42%|████▏     | 821/1935 [00:01<00:01, 706.05it/s]
Epoch 0:  42%|████▏     | 821/1935 [00:01<00:01, 705.94it/s]
Epoch 0:  42%|████▏     | 822/1935 [00:01<00:01, 706.05it/s]
Epoch 0:  42%|████▏     | 822/1935 [00:01<00:01, 705.95it/s]
Epoch 0:  43%|████▎     | 823/1935 [00:01<00:01, 705.97it/s]
Epoch 0:  43%|████▎     | 823/1935 [00:01<00:01, 705.87it/s]
Epoch 0:  43%|████▎     | 824/1935 [00:01<00:01, 705.99it/s]
Epoch 0:  43%|████▎     | 824/1935 [00:01<00:01, 705.89it/s]
Epoch 0:  43%|████▎     | 825/1935 [00:01<00:01, 706.02it/s]
Epoch 0:  43%|████▎     | 825/1935 [00:01<00:01, 705.91it/s]
Epoch 0:  43%|████▎     | 826/1935 [00:01<00:01, 706.02it/s]
Epoch 0:  43%|████▎     | 826/1935 [00:01<00:01, 705.91it/s]
Epoch 0:  43%|████▎     | 827/1935 [00:01<00:01, 706.03it/s]
Epoch 0:  43%|████▎     | 827/1935 [00:01<00:01, 705.92it/s]
Epoch 0:  43%|████▎     | 828/1935 [00:01<00:01, 706.04it/s]
Epoch 0:  43%|████▎     | 828/1935 [00:01<00:01, 705.94it/s]
Epoch 0:  43%|████▎     | 829/1935 [00:01<00:01, 706.04it/s]
Epoch 0:  43%|████▎     | 829/1935 [00:01<00:01, 705.93it/s]
Epoch 0:  43%|████▎     | 830/1935 [00:01<00:01, 706.05it/s]
Epoch 0:  43%|████▎     | 830/1935 [00:01<00:01, 705.94it/s]
Epoch 0:  43%|████▎     | 831/1935 [00:01<00:01, 706.06it/s]
Epoch 0:  43%|████▎     | 831/1935 [00:01<00:01, 705.96it/s]
Epoch 0:  43%|████▎     | 832/1935 [00:01<00:01, 706.07it/s]
Epoch 0:  43%|████▎     | 832/1935 [00:01<00:01, 705.96it/s]
Epoch 0:  43%|████▎     | 833/1935 [00:01<00:01, 706.06it/s]
Epoch 0:  43%|████▎     | 833/1935 [00:01<00:01, 705.96it/s]
Epoch 0:  43%|████▎     | 834/1935 [00:01<00:01, 706.08it/s]
Epoch 0:  43%|████▎     | 834/1935 [00:01<00:01, 705.98it/s]
Epoch 0:  43%|████▎     | 835/1935 [00:01<00:01, 706.10it/s]
Epoch 0:  43%|████▎     | 835/1935 [00:01<00:01, 705.99it/s]
Epoch 0:  43%|████▎     | 836/1935 [00:01<00:01, 706.11it/s]
Epoch 0:  43%|████▎     | 836/1935 [00:01<00:01, 706.01it/s]
Epoch 0:  43%|████▎     | 837/1935 [00:01<00:01, 706.13it/s]
Epoch 0:  43%|████▎     | 837/1935 [00:01<00:01, 706.03it/s]
Epoch 0:  43%|████▎     | 838/1935 [00:01<00:01, 706.12it/s]
Epoch 0:  43%|████▎     | 838/1935 [00:01<00:01, 706.02it/s]
Epoch 0:  43%|████▎     | 839/1935 [00:01<00:01, 706.13it/s]
Epoch 0:  43%|████▎     | 839/1935 [00:01<00:01, 706.03it/s]
Epoch 0:  43%|████▎     | 840/1935 [00:01<00:01, 706.14it/s]
Epoch 0:  43%|████▎     | 840/1935 [00:01<00:01, 706.03it/s]
Epoch 0:  43%|████▎     | 841/1935 [00:01<00:01, 706.14it/s]
Epoch 0:  43%|████▎     | 841/1935 [00:01<00:01, 706.04it/s]
Epoch 0:  44%|████▎     | 842/1935 [00:01<00:01, 706.15it/s]
Epoch 0:  44%|████▎     | 842/1935 [00:01<00:01, 706.05it/s]
Epoch 0:  44%|████▎     | 843/1935 [00:01<00:01, 706.17it/s]
Epoch 0:  44%|████▎     | 843/1935 [00:01<00:01, 706.07it/s]
Epoch 0:  44%|████▎     | 844/1935 [00:01<00:01, 706.18it/s]
Epoch 0:  44%|████▎     | 844/1935 [00:01<00:01, 706.09it/s]
Epoch 0:  44%|████▎     | 845/1935 [00:01<00:01, 706.21it/s]
Epoch 0:  44%|████▎     | 845/1935 [00:01<00:01, 706.10it/s]
Epoch 0:  44%|████▎     | 846/1935 [00:01<00:01, 706.21it/s]
Epoch 0:  44%|████▎     | 846/1935 [00:01<00:01, 706.11it/s]
Epoch 0:  44%|████▍     | 847/1935 [00:01<00:01, 706.20it/s]
Epoch 0:  44%|████▍     | 847/1935 [00:01<00:01, 706.11it/s]
Epoch 0:  44%|████▍     | 848/1935 [00:01<00:01, 706.21it/s]
Epoch 0:  44%|████▍     | 848/1935 [00:01<00:01, 706.11it/s]
Epoch 0:  44%|████▍     | 849/1935 [00:01<00:01, 706.23it/s]
Epoch 0:  44%|████▍     | 849/1935 [00:01<00:01, 706.13it/s]
Epoch 0:  44%|████▍     | 850/1935 [00:01<00:01, 706.24it/s]
Epoch 0:  44%|████▍     | 850/1935 [00:01<00:01, 706.13it/s]
Epoch 0:  44%|████▍     | 851/1935 [00:01<00:01, 706.25it/s]
Epoch 0:  44%|████▍     | 851/1935 [00:01<00:01, 706.15it/s]
Epoch 0:  44%|████▍     | 852/1935 [00:01<00:01, 706.27it/s]
Epoch 0:  44%|████▍     | 852/1935 [00:01<00:01, 706.18it/s]
Epoch 0:  44%|████▍     | 853/1935 [00:01<00:01, 706.29it/s]
Epoch 0:  44%|████▍     | 853/1935 [00:01<00:01, 706.18it/s]
Epoch 0:  44%|████▍     | 854/1935 [00:01<00:01, 706.30it/s]
Epoch 0:  44%|████▍     | 854/1935 [00:01<00:01, 706.20it/s]
Epoch 0:  44%|████▍     | 855/1935 [00:01<00:01, 706.32it/s]
Epoch 0:  44%|████▍     | 855/1935 [00:01<00:01, 706.21it/s]
Epoch 0:  44%|████▍     | 856/1935 [00:01<00:01, 706.30it/s]
Epoch 0:  44%|████▍     | 856/1935 [00:01<00:01, 706.20it/s]
Epoch 0:  44%|████▍     | 857/1935 [00:01<00:01, 706.32it/s]
Epoch 0:  44%|████▍     | 857/1935 [00:01<00:01, 706.22it/s]
Epoch 0:  44%|████▍     | 858/1935 [00:01<00:01, 706.33it/s]
Epoch 0:  44%|████▍     | 858/1935 [00:01<00:01, 706.22it/s]
Epoch 0:  44%|████▍     | 859/1935 [00:01<00:01, 706.34it/s]
Epoch 0:  44%|████▍     | 859/1935 [00:01<00:01, 706.24it/s]
Epoch 0:  44%|████▍     | 860/1935 [00:01<00:01, 706.36it/s]
Epoch 0:  44%|████▍     | 860/1935 [00:01<00:01, 706.27it/s]
Epoch 0:  44%|████▍     | 861/1935 [00:01<00:01, 706.38it/s]
Epoch 0:  44%|████▍     | 861/1935 [00:01<00:01, 706.28it/s]
Epoch 0:  45%|████▍     | 862/1935 [00:01<00:01, 706.39it/s]
Epoch 0:  45%|████▍     | 862/1935 [00:01<00:01, 706.29it/s]
Epoch 0:  45%|████▍     | 863/1935 [00:01<00:01, 706.42it/s]
Epoch 0:  45%|████▍     | 863/1935 [00:01<00:01, 706.31it/s]
Epoch 0:  45%|████▍     | 864/1935 [00:01<00:01, 706.43it/s]
Epoch 0:  45%|████▍     | 864/1935 [00:01<00:01, 706.33it/s]
Epoch 0:  45%|████▍     | 865/1935 [00:01<00:01, 706.43it/s]
Epoch 0:  45%|████▍     | 865/1935 [00:01<00:01, 706.33it/s]
Epoch 0:  45%|████▍     | 866/1935 [00:01<00:01, 706.43it/s]
Epoch 0:  45%|████▍     | 866/1935 [00:01<00:01, 706.33it/s]
Epoch 0:  45%|████▍     | 867/1935 [00:01<00:01, 706.45it/s]
Epoch 0:  45%|████▍     | 867/1935 [00:01<00:01, 706.35it/s]
Epoch 0:  45%|████▍     | 868/1935 [00:01<00:01, 706.45it/s]
Epoch 0:  45%|████▍     | 868/1935 [00:01<00:01, 706.35it/s]
Epoch 0:  45%|████▍     | 869/1935 [00:01<00:01, 706.45it/s]
Epoch 0:  45%|████▍     | 869/1935 [00:01<00:01, 706.35it/s]
Epoch 0:  45%|████▍     | 870/1935 [00:01<00:01, 706.46it/s]
Epoch 0:  45%|████▍     | 870/1935 [00:01<00:01, 706.36it/s]
Epoch 0:  45%|████▌     | 871/1935 [00:01<00:01, 706.44it/s]
Epoch 0:  45%|████▌     | 871/1935 [00:01<00:01, 706.35it/s]
Epoch 0:  45%|████▌     | 872/1935 [00:01<00:01, 706.47it/s]
Epoch 0:  45%|████▌     | 872/1935 [00:01<00:01, 706.37it/s]
Epoch 0:  45%|████▌     | 873/1935 [00:01<00:01, 706.48it/s]
Epoch 0:  45%|████▌     | 873/1935 [00:01<00:01, 706.37it/s]
Epoch 0:  45%|████▌     | 874/1935 [00:01<00:01, 706.48it/s]
Epoch 0:  45%|████▌     | 874/1935 [00:01<00:01, 706.38it/s]
Epoch 0:  45%|████▌     | 875/1935 [00:01<00:01, 706.49it/s]
Epoch 0:  45%|████▌     | 875/1935 [00:01<00:01, 706.40it/s]
Epoch 0:  45%|████▌     | 876/1935 [00:01<00:01, 706.50it/s]
Epoch 0:  45%|████▌     | 876/1935 [00:01<00:01, 706.41it/s]
Epoch 0:  45%|████▌     | 877/1935 [00:01<00:01, 706.51it/s]
Epoch 0:  45%|████▌     | 877/1935 [00:01<00:01, 706.41it/s]
Epoch 0:  45%|████▌     | 878/1935 [00:01<00:01, 706.51it/s]
Epoch 0:  45%|████▌     | 878/1935 [00:01<00:01, 706.41it/s]
Epoch 0:  45%|████▌     | 879/1935 [00:01<00:01, 706.51it/s]
Epoch 0:  45%|████▌     | 879/1935 [00:01<00:01, 706.41it/s]
Epoch 0:  45%|████▌     | 880/1935 [00:01<00:01, 706.52it/s]
Epoch 0:  45%|████▌     | 880/1935 [00:01<00:01, 706.42it/s]
Epoch 0:  46%|████▌     | 881/1935 [00:01<00:01, 706.53it/s]
Epoch 0:  46%|████▌     | 881/1935 [00:01<00:01, 706.43it/s]
Epoch 0:  46%|████▌     | 882/1935 [00:01<00:01, 706.52it/s]
Epoch 0:  46%|████▌     | 882/1935 [00:01<00:01, 706.42it/s]
Epoch 0:  46%|████▌     | 883/1935 [00:01<00:01, 706.44it/s]
Epoch 0:  46%|████▌     | 883/1935 [00:01<00:01, 706.35it/s]
Epoch 0:  46%|████▌     | 884/1935 [00:01<00:01, 706.46it/s]
Epoch 0:  46%|████▌     | 884/1935 [00:01<00:01, 706.37it/s]
Epoch 0:  46%|████▌     | 885/1935 [00:01<00:01, 706.45it/s]
Epoch 0:  46%|████▌     | 885/1935 [00:01<00:01, 706.35it/s]
Epoch 0:  46%|████▌     | 886/1935 [00:01<00:01, 706.46it/s]
Epoch 0:  46%|████▌     | 886/1935 [00:01<00:01, 706.37it/s]
Epoch 0:  46%|████▌     | 887/1935 [00:01<00:01, 706.48it/s]
Epoch 0:  46%|████▌     | 887/1935 [00:01<00:01, 706.38it/s]
Epoch 0:  46%|████▌     | 888/1935 [00:01<00:01, 706.49it/s]
Epoch 0:  46%|████▌     | 888/1935 [00:01<00:01, 706.39it/s]
Epoch 0:  46%|████▌     | 889/1935 [00:01<00:01, 706.51it/s]
Epoch 0:  46%|████▌     | 889/1935 [00:01<00:01, 706.41it/s]
Epoch 0:  46%|████▌     | 890/1935 [00:01<00:01, 706.52it/s]
Epoch 0:  46%|████▌     | 890/1935 [00:01<00:01, 706.41it/s]
Epoch 0:  46%|████▌     | 891/1935 [00:01<00:01, 706.52it/s]
Epoch 0:  46%|████▌     | 891/1935 [00:01<00:01, 706.42it/s]
Epoch 0:  46%|████▌     | 892/1935 [00:01<00:01, 706.53it/s]
Epoch 0:  46%|████▌     | 892/1935 [00:01<00:01, 706.44it/s]
Epoch 0:  46%|████▌     | 893/1935 [00:01<00:01, 706.53it/s]
Epoch 0:  46%|████▌     | 893/1935 [00:01<00:01, 706.43it/s]
Epoch 0:  46%|████▌     | 894/1935 [00:01<00:01, 706.54it/s]
Epoch 0:  46%|████▌     | 894/1935 [00:01<00:01, 706.45it/s]
Epoch 0:  46%|████▋     | 895/1935 [00:01<00:01, 706.55it/s]
Epoch 0:  46%|████▋     | 895/1935 [00:01<00:01, 706.46it/s]
Epoch 0:  46%|████▋     | 896/1935 [00:01<00:01, 706.56it/s]
Epoch 0:  46%|████▋     | 896/1935 [00:01<00:01, 706.47it/s]
Epoch 0:  46%|████▋     | 897/1935 [00:01<00:01, 706.57it/s]
Epoch 0:  46%|████▋     | 897/1935 [00:01<00:01, 706.47it/s]
Epoch 0:  46%|████▋     | 898/1935 [00:01<00:01, 706.58it/s]
Epoch 0:  46%|████▋     | 898/1935 [00:01<00:01, 706.48it/s]
Epoch 0:  46%|████▋     | 899/1935 [00:01<00:01, 706.57it/s]
Epoch 0:  46%|████▋     | 899/1935 [00:01<00:01, 706.47it/s]
Epoch 0:  47%|████▋     | 900/1935 [00:01<00:01, 706.58it/s]
Epoch 0:  47%|████▋     | 900/1935 [00:01<00:01, 706.50it/s]
Epoch 0:  47%|████▋     | 901/1935 [00:01<00:01, 706.60it/s]
Epoch 0:  47%|████▋     | 901/1935 [00:01<00:01, 706.50it/s]
Epoch 0:  47%|████▋     | 902/1935 [00:01<00:01, 706.60it/s]
Epoch 0:  47%|████▋     | 902/1935 [00:01<00:01, 706.48it/s]
Epoch 0:  47%|████▋     | 903/1935 [00:01<00:01, 706.59it/s]
Epoch 0:  47%|████▋     | 903/1935 [00:01<00:01, 706.50it/s]
Epoch 0:  47%|████▋     | 904/1935 [00:01<00:01, 706.61it/s]
Epoch 0:  47%|████▋     | 904/1935 [00:01<00:01, 706.51it/s]
Epoch 0:  47%|████▋     | 905/1935 [00:01<00:01, 706.61it/s]
Epoch 0:  47%|████▋     | 905/1935 [00:01<00:01, 706.51it/s]
Epoch 0:  47%|████▋     | 906/1935 [00:01<00:01, 706.61it/s]
Epoch 0:  47%|████▋     | 906/1935 [00:01<00:01, 706.52it/s]
Epoch 0:  47%|████▋     | 907/1935 [00:01<00:01, 706.62it/s]
Epoch 0:  47%|████▋     | 907/1935 [00:01<00:01, 706.51it/s]
Epoch 0:  47%|████▋     | 908/1935 [00:01<00:01, 706.61it/s]
Epoch 0:  47%|████▋     | 908/1935 [00:01<00:01, 706.52it/s]
Epoch 0:  47%|████▋     | 909/1935 [00:01<00:01, 706.61it/s]
Epoch 0:  47%|████▋     | 909/1935 [00:01<00:01, 706.51it/s]
Epoch 0:  47%|████▋     | 910/1935 [00:01<00:01, 706.60it/s]
Epoch 0:  47%|████▋     | 910/1935 [00:01<00:01, 706.51it/s]
Epoch 0:  47%|████▋     | 911/1935 [00:01<00:01, 706.62it/s]
Epoch 0:  47%|████▋     | 911/1935 [00:01<00:01, 706.53it/s]
Epoch 0:  47%|████▋     | 912/1935 [00:01<00:01, 706.64it/s]
Epoch 0:  47%|████▋     | 912/1935 [00:01<00:01, 706.54it/s]
Epoch 0:  47%|████▋     | 913/1935 [00:01<00:01, 706.63it/s]
Epoch 0:  47%|████▋     | 913/1935 [00:01<00:01, 706.55it/s]
Epoch 0:  47%|████▋     | 914/1935 [00:01<00:01, 706.66it/s]
Epoch 0:  47%|████▋     | 914/1935 [00:01<00:01, 706.56it/s]
Epoch 0:  47%|████▋     | 915/1935 [00:01<00:01, 706.66it/s]
Epoch 0:  47%|████▋     | 915/1935 [00:01<00:01, 706.56it/s]
Epoch 0:  47%|████▋     | 916/1935 [00:01<00:01, 706.65it/s]
Epoch 0:  47%|████▋     | 916/1935 [00:01<00:01, 706.56it/s]
Epoch 0:  47%|████▋     | 917/1935 [00:01<00:01, 706.66it/s]
Epoch 0:  47%|████▋     | 917/1935 [00:01<00:01, 706.56it/s]
Epoch 0:  47%|████▋     | 918/1935 [00:01<00:01, 706.66it/s]
Epoch 0:  47%|████▋     | 918/1935 [00:01<00:01, 706.57it/s]
Epoch 0:  47%|████▋     | 919/1935 [00:01<00:01, 706.67it/s]
Epoch 0:  47%|████▋     | 919/1935 [00:01<00:01, 706.58it/s]
Epoch 0:  48%|████▊     | 920/1935 [00:01<00:01, 706.66it/s]
Epoch 0:  48%|████▊     | 920/1935 [00:01<00:01, 706.57it/s]
Epoch 0:  48%|████▊     | 921/1935 [00:01<00:01, 706.67it/s]
Epoch 0:  48%|████▊     | 921/1935 [00:01<00:01, 706.58it/s]
Epoch 0:  48%|████▊     | 922/1935 [00:01<00:01, 706.67it/s]
Epoch 0:  48%|████▊     | 922/1935 [00:01<00:01, 706.57it/s]
Epoch 0:  48%|████▊     | 923/1935 [00:01<00:01, 706.67it/s]
Epoch 0:  48%|████▊     | 923/1935 [00:01<00:01, 706.57it/s]
Epoch 0:  48%|████▊     | 924/1935 [00:01<00:01, 706.67it/s]
Epoch 0:  48%|████▊     | 924/1935 [00:01<00:01, 706.59it/s]
Epoch 0:  48%|████▊     | 925/1935 [00:01<00:01, 706.68it/s]
Epoch 0:  48%|████▊     | 925/1935 [00:01<00:01, 706.58it/s]
Epoch 0:  48%|████▊     | 926/1935 [00:01<00:01, 706.67it/s]
Epoch 0:  48%|████▊     | 926/1935 [00:01<00:01, 706.58it/s]
Epoch 0:  48%|████▊     | 927/1935 [00:01<00:01, 706.67it/s]
Epoch 0:  48%|████▊     | 927/1935 [00:01<00:01, 706.58it/s]
Epoch 0:  48%|████▊     | 928/1935 [00:01<00:01, 706.68it/s]
Epoch 0:  48%|████▊     | 928/1935 [00:01<00:01, 706.58it/s]
Epoch 0:  48%|████▊     | 929/1935 [00:01<00:01, 706.68it/s]
Epoch 0:  48%|████▊     | 929/1935 [00:01<00:01, 706.58it/s]
Epoch 0:  48%|████▊     | 930/1935 [00:01<00:01, 706.66it/s]
Epoch 0:  48%|████▊     | 930/1935 [00:01<00:01, 706.58it/s]
Epoch 0:  48%|████▊     | 931/1935 [00:01<00:01, 706.68it/s]
Epoch 0:  48%|████▊     | 931/1935 [00:01<00:01, 706.59it/s]
Epoch 0:  48%|████▊     | 932/1935 [00:01<00:01, 706.67it/s]
Epoch 0:  48%|████▊     | 932/1935 [00:01<00:01, 706.59it/s]
Epoch 0:  48%|████▊     | 933/1935 [00:01<00:01, 706.68it/s]
Epoch 0:  48%|████▊     | 933/1935 [00:01<00:01, 706.59it/s]
Epoch 0:  48%|████▊     | 934/1935 [00:01<00:01, 706.69it/s]
Epoch 0:  48%|████▊     | 934/1935 [00:01<00:01, 706.58it/s]
Epoch 0:  48%|████▊     | 935/1935 [00:01<00:01, 706.69it/s]
Epoch 0:  48%|████▊     | 935/1935 [00:01<00:01, 706.60it/s]
Epoch 0:  48%|████▊     | 936/1935 [00:01<00:01, 706.71it/s]
Epoch 0:  48%|████▊     | 936/1935 [00:01<00:01, 706.61it/s]
Epoch 0:  48%|████▊     | 937/1935 [00:01<00:01, 706.70it/s]
Epoch 0:  48%|████▊     | 937/1935 [00:01<00:01, 706.61it/s]
Epoch 0:  48%|████▊     | 938/1935 [00:01<00:01, 706.71it/s]
Epoch 0:  48%|████▊     | 938/1935 [00:01<00:01, 706.61it/s]
Epoch 0:  49%|████▊     | 939/1935 [00:01<00:01, 706.71it/s]
Epoch 0:  49%|████▊     | 939/1935 [00:01<00:01, 706.61it/s]
Epoch 0:  49%|████▊     | 940/1935 [00:01<00:01, 706.71it/s]
Epoch 0:  49%|████▊     | 940/1935 [00:01<00:01, 706.62it/s]
Epoch 0:  49%|████▊     | 941/1935 [00:01<00:01, 706.71it/s]
Epoch 0:  49%|████▊     | 941/1935 [00:01<00:01, 706.62it/s]
Epoch 0:  49%|████▊     | 942/1935 [00:01<00:01, 706.72it/s]
Epoch 0:  49%|████▊     | 942/1935 [00:01<00:01, 706.63it/s]
Epoch 0:  49%|████▊     | 943/1935 [00:01<00:01, 706.64it/s]
Epoch 0:  49%|████▊     | 943/1935 [00:01<00:01, 706.55it/s]
Epoch 0:  49%|████▉     | 944/1935 [00:01<00:01, 706.66it/s]
Epoch 0:  49%|████▉     | 944/1935 [00:01<00:01, 706.56it/s]
Epoch 0:  49%|████▉     | 945/1935 [00:01<00:01, 706.67it/s]
Epoch 0:  49%|████▉     | 945/1935 [00:01<00:01, 706.57it/s]
Epoch 0:  49%|████▉     | 946/1935 [00:01<00:01, 706.66it/s]
Epoch 0:  49%|████▉     | 946/1935 [00:01<00:01, 706.56it/s]
Epoch 0:  49%|████▉     | 947/1935 [00:01<00:01, 706.68it/s]
Epoch 0:  49%|████▉     | 947/1935 [00:01<00:01, 706.58it/s]
Epoch 0:  49%|████▉     | 948/1935 [00:01<00:01, 706.70it/s]
Epoch 0:  49%|████▉     | 948/1935 [00:01<00:01, 706.62it/s]
Epoch 0:  49%|████▉     | 949/1935 [00:01<00:01, 706.72it/s]
Epoch 0:  49%|████▉     | 949/1935 [00:01<00:01, 706.62it/s]
Epoch 0:  49%|████▉     | 950/1935 [00:01<00:01, 706.73it/s]
Epoch 0:  49%|████▉     | 950/1935 [00:01<00:01, 706.64it/s]
Epoch 0:  49%|████▉     | 951/1935 [00:01<00:01, 706.74it/s]
Epoch 0:  49%|████▉     | 951/1935 [00:01<00:01, 706.65it/s]
Epoch 0:  49%|████▉     | 952/1935 [00:01<00:01, 706.76it/s]
Epoch 0:  49%|████▉     | 952/1935 [00:01<00:01, 706.66it/s]
Epoch 0:  49%|████▉     | 953/1935 [00:01<00:01, 706.76it/s]
Epoch 0:  49%|████▉     | 953/1935 [00:01<00:01, 706.67it/s]
Epoch 0:  49%|████▉     | 954/1935 [00:01<00:01, 706.76it/s]
Epoch 0:  49%|████▉     | 954/1935 [00:01<00:01, 706.67it/s]
Epoch 0:  49%|████▉     | 955/1935 [00:01<00:01, 706.77it/s]
Epoch 0:  49%|████▉     | 955/1935 [00:01<00:01, 706.68it/s]
Epoch 0:  49%|████▉     | 956/1935 [00:01<00:01, 706.79it/s]
Epoch 0:  49%|████▉     | 956/1935 [00:01<00:01, 706.71it/s]
Epoch 0:  49%|████▉     | 957/1935 [00:01<00:01, 706.81it/s]
Epoch 0:  49%|████▉     | 957/1935 [00:01<00:01, 706.72it/s]
Epoch 0:  50%|████▉     | 958/1935 [00:01<00:01, 706.81it/s]
Epoch 0:  50%|████▉     | 958/1935 [00:01<00:01, 706.72it/s]
Epoch 0:  50%|████▉     | 959/1935 [00:01<00:01, 706.81it/s]
Epoch 0:  50%|████▉     | 959/1935 [00:01<00:01, 706.73it/s]
Epoch 0:  50%|████▉     | 960/1935 [00:01<00:01, 706.83it/s]
Epoch 0:  50%|████▉     | 960/1935 [00:01<00:01, 706.74it/s]
Epoch 0:  50%|████▉     | 961/1935 [00:01<00:01, 706.82it/s]
Epoch 0:  50%|████▉     | 961/1935 [00:01<00:01, 706.73it/s]
Epoch 0:  50%|████▉     | 962/1935 [00:01<00:01, 706.82it/s]
Epoch 0:  50%|████▉     | 962/1935 [00:01<00:01, 706.73it/s]
Epoch 0:  50%|████▉     | 963/1935 [00:01<00:01, 706.83it/s]
Epoch 0:  50%|████▉     | 963/1935 [00:01<00:01, 706.73it/s]
Epoch 0:  50%|████▉     | 964/1935 [00:01<00:01, 706.82it/s]
Epoch 0:  50%|████▉     | 964/1935 [00:01<00:01, 706.73it/s]
Epoch 0:  50%|████▉     | 965/1935 [00:01<00:01, 706.83it/s]
Epoch 0:  50%|████▉     | 965/1935 [00:01<00:01, 706.73it/s]
Epoch 0:  50%|████▉     | 966/1935 [00:01<00:01, 706.83it/s]
Epoch 0:  50%|████▉     | 966/1935 [00:01<00:01, 706.74it/s]
Epoch 0:  50%|████▉     | 967/1935 [00:01<00:01, 706.84it/s]
Epoch 0:  50%|████▉     | 967/1935 [00:01<00:01, 706.75it/s]
Epoch 0:  50%|█████     | 968/1935 [00:01<00:01, 706.83it/s]
Epoch 0:  50%|█████     | 968/1935 [00:01<00:01, 706.74it/s]
Epoch 0:  50%|█████     | 969/1935 [00:01<00:01, 706.83it/s]
Epoch 0:  50%|█████     | 969/1935 [00:01<00:01, 706.75it/s]
Epoch 0:  50%|█████     | 970/1935 [00:01<00:01, 706.84it/s]
Epoch 0:  50%|█████     | 970/1935 [00:01<00:01, 706.75it/s]
Epoch 0:  50%|█████     | 971/1935 [00:01<00:01, 706.85it/s]
Epoch 0:  50%|█████     | 971/1935 [00:01<00:01, 706.76it/s]
Epoch 0:  50%|█████     | 972/1935 [00:01<00:01, 706.86it/s]
Epoch 0:  50%|█████     | 972/1935 [00:01<00:01, 706.78it/s]
Epoch 0:  50%|█████     | 973/1935 [00:01<00:01, 706.88it/s]
Epoch 0:  50%|█████     | 973/1935 [00:01<00:01, 706.79it/s]
Epoch 0:  50%|█████     | 974/1935 [00:01<00:01, 706.87it/s]
Epoch 0:  50%|█████     | 974/1935 [00:01<00:01, 706.79it/s]
Epoch 0:  50%|█████     | 975/1935 [00:01<00:01, 706.88it/s]
Epoch 0:  50%|█████     | 975/1935 [00:01<00:01, 706.79it/s]
Epoch 0:  50%|█████     | 976/1935 [00:01<00:01, 706.89it/s]
Epoch 0:  50%|█████     | 976/1935 [00:01<00:01, 706.79it/s]
Epoch 0:  50%|█████     | 977/1935 [00:01<00:01, 706.89it/s]
Epoch 0:  50%|█████     | 977/1935 [00:01<00:01, 706.81it/s]
Epoch 0:  51%|█████     | 978/1935 [00:01<00:01, 706.90it/s]
Epoch 0:  51%|█████     | 978/1935 [00:01<00:01, 706.81it/s]
Epoch 0:  51%|█████     | 979/1935 [00:01<00:01, 706.90it/s]
Epoch 0:  51%|█████     | 979/1935 [00:01<00:01, 706.81it/s]
Epoch 0:  51%|█████     | 980/1935 [00:01<00:01, 706.91it/s]
Epoch 0:  51%|█████     | 980/1935 [00:01<00:01, 706.83it/s]
Epoch 0:  51%|█████     | 981/1935 [00:01<00:01, 706.93it/s]
Epoch 0:  51%|█████     | 981/1935 [00:01<00:01, 706.83it/s]
Epoch 0:  51%|█████     | 982/1935 [00:01<00:01, 706.92it/s]
Epoch 0:  51%|█████     | 982/1935 [00:01<00:01, 706.84it/s]
Epoch 0:  51%|█████     | 983/1935 [00:01<00:01, 706.93it/s]
Epoch 0:  51%|█████     | 983/1935 [00:01<00:01, 706.84it/s]
Epoch 0:  51%|█████     | 984/1935 [00:01<00:01, 706.93it/s]
Epoch 0:  51%|█████     | 984/1935 [00:01<00:01, 706.84it/s]
Epoch 0:  51%|█████     | 985/1935 [00:01<00:01, 706.92it/s]
Epoch 0:  51%|█████     | 985/1935 [00:01<00:01, 706.84it/s]
Epoch 0:  51%|█████     | 986/1935 [00:01<00:01, 706.92it/s]
Epoch 0:  51%|█████     | 986/1935 [00:01<00:01, 706.83it/s]
Epoch 0:  51%|█████     | 987/1935 [00:01<00:01, 706.93it/s]
Epoch 0:  51%|█████     | 987/1935 [00:01<00:01, 706.84it/s]
Epoch 0:  51%|█████     | 988/1935 [00:01<00:01, 706.92it/s]
Epoch 0:  51%|█████     | 988/1935 [00:01<00:01, 706.84it/s]
Epoch 0:  51%|█████     | 989/1935 [00:01<00:01, 706.94it/s]
Epoch 0:  51%|█████     | 989/1935 [00:01<00:01, 706.85it/s]
Epoch 0:  51%|█████     | 990/1935 [00:01<00:01, 706.95it/s]
Epoch 0:  51%|█████     | 990/1935 [00:01<00:01, 706.86it/s]
Epoch 0:  51%|█████     | 991/1935 [00:01<00:01, 706.94it/s]
Epoch 0:  51%|█████     | 991/1935 [00:01<00:01, 706.85it/s]
Epoch 0:  51%|█████▏    | 992/1935 [00:01<00:01, 706.95it/s]
Epoch 0:  51%|█████▏    | 992/1935 [00:01<00:01, 706.86it/s]
Epoch 0:  51%|█████▏    | 993/1935 [00:01<00:01, 706.95it/s]
Epoch 0:  51%|█████▏    | 993/1935 [00:01<00:01, 706.86it/s]
Epoch 0:  51%|█████▏    | 994/1935 [00:01<00:01, 706.95it/s]
Epoch 0:  51%|█████▏    | 994/1935 [00:01<00:01, 706.86it/s]
Epoch 0:  51%|█████▏    | 995/1935 [00:01<00:01, 706.95it/s]
Epoch 0:  51%|█████▏    | 995/1935 [00:01<00:01, 706.86it/s]
Epoch 0:  51%|█████▏    | 996/1935 [00:01<00:01, 706.97it/s]
Epoch 0:  51%|█████▏    | 996/1935 [00:01<00:01, 706.88it/s]
Epoch 0:  52%|█████▏    | 997/1935 [00:01<00:01, 706.98it/s]
Epoch 0:  52%|█████▏    | 997/1935 [00:01<00:01, 706.88it/s]
Epoch 0:  52%|█████▏    | 998/1935 [00:01<00:01, 706.97it/s]
Epoch 0:  52%|█████▏    | 998/1935 [00:01<00:01, 706.88it/s]
Epoch 0:  52%|█████▏    | 999/1935 [00:01<00:01, 706.98it/s]
Epoch 0:  52%|█████▏    | 999/1935 [00:01<00:01, 706.89it/s]
Epoch 0:  52%|█████▏    | 1000/1935 [00:01<00:01, 706.99it/s]
Epoch 0:  52%|█████▏    | 1000/1935 [00:01<00:01, 706.90it/s]
Epoch 0:  52%|█████▏    | 1001/1935 [00:01<00:01, 706.98it/s]
Epoch 0:  52%|█████▏    | 1001/1935 [00:01<00:01, 706.89it/s]
Epoch 0:  52%|█████▏    | 1002/1935 [00:01<00:01, 706.99it/s]
Epoch 0:  52%|█████▏    | 1002/1935 [00:01<00:01, 706.90it/s]
Epoch 0:  52%|█████▏    | 1003/1935 [00:01<00:01, 706.92it/s]
Epoch 0:  52%|█████▏    | 1003/1935 [00:01<00:01, 706.83it/s]
Epoch 0:  52%|█████▏    | 1004/1935 [00:01<00:01, 706.94it/s]
Epoch 0:  52%|█████▏    | 1004/1935 [00:01<00:01, 706.86it/s]
Epoch 0:  52%|█████▏    | 1005/1935 [00:01<00:01, 706.95it/s]
Epoch 0:  52%|█████▏    | 1005/1935 [00:01<00:01, 706.86it/s]
Epoch 0:  52%|█████▏    | 1006/1935 [00:01<00:01, 706.94it/s]
Epoch 0:  52%|█████▏    | 1006/1935 [00:01<00:01, 706.86it/s]
Epoch 0:  52%|█████▏    | 1007/1935 [00:01<00:01, 706.96it/s]
Epoch 0:  52%|█████▏    | 1007/1935 [00:01<00:01, 706.88it/s]
Epoch 0:  52%|█████▏    | 1008/1935 [00:01<00:01, 706.97it/s]
Epoch 0:  52%|█████▏    | 1008/1935 [00:01<00:01, 706.89it/s]
Epoch 0:  52%|█████▏    | 1009/1935 [00:01<00:01, 706.97it/s]
Epoch 0:  52%|█████▏    | 1009/1935 [00:01<00:01, 706.89it/s]
Epoch 0:  52%|█████▏    | 1010/1935 [00:01<00:01, 706.98it/s]
Epoch 0:  52%|█████▏    | 1010/1935 [00:01<00:01, 706.88it/s]
Epoch 0:  52%|█████▏    | 1011/1935 [00:01<00:01, 706.98it/s]
Epoch 0:  52%|█████▏    | 1011/1935 [00:01<00:01, 706.89it/s]
Epoch 0:  52%|█████▏    | 1012/1935 [00:01<00:01, 706.99it/s]
Epoch 0:  52%|█████▏    | 1012/1935 [00:01<00:01, 706.91it/s]
Epoch 0:  52%|█████▏    | 1013/1935 [00:01<00:01, 707.00it/s]
Epoch 0:  52%|█████▏    | 1013/1935 [00:01<00:01, 706.91it/s]
Epoch 0:  52%|█████▏    | 1014/1935 [00:01<00:01, 707.00it/s]
Epoch 0:  52%|█████▏    | 1014/1935 [00:01<00:01, 706.92it/s]
Epoch 0:  52%|█████▏    | 1015/1935 [00:01<00:01, 707.00it/s]
Epoch 0:  52%|█████▏    | 1015/1935 [00:01<00:01, 706.92it/s]
Epoch 0:  53%|█████▎    | 1016/1935 [00:01<00:01, 707.01it/s]
Epoch 0:  53%|█████▎    | 1016/1935 [00:01<00:01, 706.92it/s]
Epoch 0:  53%|█████▎    | 1017/1935 [00:01<00:01, 707.03it/s]
Epoch 0:  53%|█████▎    | 1017/1935 [00:01<00:01, 706.94it/s]
Epoch 0:  53%|█████▎    | 1018/1935 [00:01<00:01, 707.03it/s]
Epoch 0:  53%|█████▎    | 1018/1935 [00:01<00:01, 706.94it/s]
Epoch 0:  53%|█████▎    | 1019/1935 [00:01<00:01, 707.03it/s]
Epoch 0:  53%|█████▎    | 1019/1935 [00:01<00:01, 706.94it/s]
Epoch 0:  53%|█████▎    | 1020/1935 [00:01<00:01, 707.04it/s]
Epoch 0:  53%|█████▎    | 1020/1935 [00:01<00:01, 706.95it/s]
Epoch 0:  53%|█████▎    | 1021/1935 [00:01<00:01, 707.04it/s]
Epoch 0:  53%|█████▎    | 1021/1935 [00:01<00:01, 706.95it/s]
Epoch 0:  53%|█████▎    | 1022/1935 [00:01<00:01, 707.04it/s]
Epoch 0:  53%|█████▎    | 1022/1935 [00:01<00:01, 706.95it/s]
Epoch 0:  53%|█████▎    | 1023/1935 [00:01<00:01, 707.04it/s]
Epoch 0:  53%|█████▎    | 1023/1935 [00:01<00:01, 706.95it/s]
Epoch 0:  53%|█████▎    | 1024/1935 [00:01<00:01, 707.03it/s]
Epoch 0:  53%|█████▎    | 1024/1935 [00:01<00:01, 706.94it/s]
Epoch 0:  53%|█████▎    | 1025/1935 [00:01<00:01, 707.03it/s]
Epoch 0:  53%|█████▎    | 1025/1935 [00:01<00:01, 706.95it/s]
Epoch 0:  53%|█████▎    | 1026/1935 [00:01<00:01, 707.04it/s]
Epoch 0:  53%|█████▎    | 1026/1935 [00:01<00:01, 706.95it/s]
Epoch 0:  53%|█████▎    | 1027/1935 [00:01<00:01, 707.05it/s]
Epoch 0:  53%|█████▎    | 1027/1935 [00:01<00:01, 706.97it/s]
Epoch 0:  53%|█████▎    | 1028/1935 [00:01<00:01, 707.06it/s]
Epoch 0:  53%|█████▎    | 1028/1935 [00:01<00:01, 706.98it/s]
Epoch 0:  53%|█████▎    | 1029/1935 [00:01<00:01, 707.08it/s]
Epoch 0:  53%|█████▎    | 1029/1935 [00:01<00:01, 706.99it/s]
Epoch 0:  53%|█████▎    | 1030/1935 [00:01<00:01, 707.07it/s]
Epoch 0:  53%|█████▎    | 1030/1935 [00:01<00:01, 706.98it/s]
Epoch 0:  53%|█████▎    | 1031/1935 [00:01<00:01, 707.07it/s]
Epoch 0:  53%|█████▎    | 1031/1935 [00:01<00:01, 706.99it/s]
Epoch 0:  53%|█████▎    | 1032/1935 [00:01<00:01, 707.09it/s]
Epoch 0:  53%|█████▎    | 1032/1935 [00:01<00:01, 707.01it/s]
Epoch 0:  53%|█████▎    | 1033/1935 [00:01<00:01, 707.09it/s]
Epoch 0:  53%|█████▎    | 1033/1935 [00:01<00:01, 707.01it/s]
Epoch 0:  53%|█████▎    | 1034/1935 [00:01<00:01, 707.10it/s]
Epoch 0:  53%|█████▎    | 1034/1935 [00:01<00:01, 707.01it/s]
Epoch 0:  53%|█████▎    | 1035/1935 [00:01<00:01, 707.11it/s]
Epoch 0:  53%|█████▎    | 1035/1935 [00:01<00:01, 707.01it/s]
Epoch 0:  54%|█████▎    | 1036/1935 [00:01<00:01, 707.10it/s]
Epoch 0:  54%|█████▎    | 1036/1935 [00:01<00:01, 707.02it/s]
Epoch 0:  54%|█████▎    | 1037/1935 [00:01<00:01, 707.11it/s]
Epoch 0:  54%|█████▎    | 1037/1935 [00:01<00:01, 707.02it/s]
Epoch 0:  54%|█████▎    | 1038/1935 [00:01<00:01, 707.10it/s]
Epoch 0:  54%|█████▎    | 1038/1935 [00:01<00:01, 707.02it/s]
Epoch 0:  54%|█████▎    | 1039/1935 [00:01<00:01, 707.11it/s]
Epoch 0:  54%|█████▎    | 1039/1935 [00:01<00:01, 707.03it/s]
Epoch 0:  54%|█████▎    | 1040/1935 [00:01<00:01, 707.12it/s]
Epoch 0:  54%|█████▎    | 1040/1935 [00:01<00:01, 707.03it/s]
Epoch 0:  54%|█████▍    | 1041/1935 [00:01<00:01, 707.13it/s]
Epoch 0:  54%|█████▍    | 1041/1935 [00:01<00:01, 707.04it/s]
Epoch 0:  54%|█████▍    | 1042/1935 [00:01<00:01, 707.13it/s]
Epoch 0:  54%|█████▍    | 1042/1935 [00:01<00:01, 707.04it/s]
Epoch 0:  54%|█████▍    | 1043/1935 [00:01<00:01, 707.14it/s]
Epoch 0:  54%|█████▍    | 1043/1935 [00:01<00:01, 707.06it/s]
Epoch 0:  54%|█████▍    | 1044/1935 [00:01<00:01, 707.15it/s]
Epoch 0:  54%|█████▍    | 1044/1935 [00:01<00:01, 707.08it/s]
Epoch 0:  54%|█████▍    | 1045/1935 [00:01<00:01, 707.17it/s]
Epoch 0:  54%|█████▍    | 1045/1935 [00:01<00:01, 707.08it/s]
Epoch 0:  54%|█████▍    | 1046/1935 [00:01<00:01, 707.17it/s]
Epoch 0:  54%|█████▍    | 1046/1935 [00:01<00:01, 707.09it/s]
Epoch 0:  54%|█████▍    | 1047/1935 [00:01<00:01, 707.18it/s]
Epoch 0:  54%|█████▍    | 1047/1935 [00:01<00:01, 707.08it/s]
Epoch 0:  54%|█████▍    | 1048/1935 [00:01<00:01, 707.17it/s]
Epoch 0:  54%|█████▍    | 1048/1935 [00:01<00:01, 707.09it/s]
Epoch 0:  54%|█████▍    | 1049/1935 [00:01<00:01, 707.18it/s]
Epoch 0:  54%|█████▍    | 1049/1935 [00:01<00:01, 707.10it/s]
Epoch 0:  54%|█████▍    | 1050/1935 [00:01<00:01, 707.18it/s]
Epoch 0:  54%|█████▍    | 1050/1935 [00:01<00:01, 707.09it/s]
Epoch 0:  54%|█████▍    | 1051/1935 [00:01<00:01, 707.19it/s]
Epoch 0:  54%|█████▍    | 1051/1935 [00:01<00:01, 707.11it/s]
Epoch 0:  54%|█████▍    | 1052/1935 [00:01<00:01, 707.20it/s]
Epoch 0:  54%|█████▍    | 1052/1935 [00:01<00:01, 707.11it/s]
Epoch 0:  54%|█████▍    | 1053/1935 [00:01<00:01, 707.20it/s]
Epoch 0:  54%|█████▍    | 1053/1935 [00:01<00:01, 707.11it/s]
Epoch 0:  54%|█████▍    | 1054/1935 [00:01<00:01, 707.21it/s]
Epoch 0:  54%|█████▍    | 1054/1935 [00:01<00:01, 707.13it/s]
Epoch 0:  55%|█████▍    | 1055/1935 [00:01<00:01, 707.22it/s]
Epoch 0:  55%|█████▍    | 1055/1935 [00:01<00:01, 707.14it/s]
Epoch 0:  55%|█████▍    | 1056/1935 [00:01<00:01, 707.22it/s]
Epoch 0:  55%|█████▍    | 1056/1935 [00:01<00:01, 707.14it/s]
Epoch 0:  55%|█████▍    | 1057/1935 [00:01<00:01, 707.24it/s]
Epoch 0:  55%|█████▍    | 1057/1935 [00:01<00:01, 707.15it/s]
Epoch 0:  55%|█████▍    | 1058/1935 [00:01<00:01, 707.25it/s]
Epoch 0:  55%|█████▍    | 1058/1935 [00:01<00:01, 707.16it/s]
Epoch 0:  55%|█████▍    | 1059/1935 [00:01<00:01, 707.26it/s]
Epoch 0:  55%|█████▍    | 1059/1935 [00:01<00:01, 707.18it/s]
Epoch 0:  55%|█████▍    | 1060/1935 [00:01<00:01, 707.27it/s]
Epoch 0:  55%|█████▍    | 1060/1935 [00:01<00:01, 707.19it/s]
Epoch 0:  55%|█████▍    | 1061/1935 [00:01<00:01, 707.28it/s]
Epoch 0:  55%|█████▍    | 1061/1935 [00:01<00:01, 707.20it/s]
Epoch 0:  55%|█████▍    | 1062/1935 [00:01<00:01, 707.29it/s]
Epoch 0:  55%|█████▍    | 1062/1935 [00:01<00:01, 707.21it/s]
Epoch 0:  55%|█████▍    | 1063/1935 [00:01<00:01, 707.22it/s]
Epoch 0:  55%|█████▍    | 1063/1935 [00:01<00:01, 707.14it/s]
Epoch 0:  55%|█████▍    | 1064/1935 [00:01<00:01, 707.23it/s]
Epoch 0:  55%|█████▍    | 1064/1935 [00:01<00:01, 707.15it/s]
Epoch 0:  55%|█████▌    | 1065/1935 [00:01<00:01, 707.24it/s]
Epoch 0:  55%|█████▌    | 1065/1935 [00:01<00:01, 707.16it/s]
Epoch 0:  55%|█████▌    | 1066/1935 [00:01<00:01, 707.25it/s]
Epoch 0:  55%|█████▌    | 1066/1935 [00:01<00:01, 707.17it/s]
Epoch 0:  55%|█████▌    | 1067/1935 [00:01<00:01, 707.25it/s]
Epoch 0:  55%|█████▌    | 1067/1935 [00:01<00:01, 707.16it/s]
Epoch 0:  55%|█████▌    | 1068/1935 [00:01<00:01, 707.26it/s]
Epoch 0:  55%|█████▌    | 1068/1935 [00:01<00:01, 707.19it/s]
Epoch 0:  55%|█████▌    | 1069/1935 [00:01<00:01, 707.29it/s]
Epoch 0:  55%|█████▌    | 1069/1935 [00:01<00:01, 707.20it/s]
Epoch 0:  55%|█████▌    | 1070/1935 [00:01<00:01, 707.29it/s]
Epoch 0:  55%|█████▌    | 1070/1935 [00:01<00:01, 707.21it/s]
Epoch 0:  55%|█████▌    | 1071/1935 [00:01<00:01, 707.30it/s]
Epoch 0:  55%|█████▌    | 1071/1935 [00:01<00:01, 707.22it/s]
Epoch 0:  55%|█████▌    | 1072/1935 [00:01<00:01, 707.31it/s]
Epoch 0:  55%|█████▌    | 1072/1935 [00:01<00:01, 707.23it/s]
Epoch 0:  55%|█████▌    | 1073/1935 [00:01<00:01, 707.32it/s]
Epoch 0:  55%|█████▌    | 1073/1935 [00:01<00:01, 707.24it/s]
Epoch 0:  56%|█████▌    | 1074/1935 [00:01<00:01, 707.32it/s]
Epoch 0:  56%|█████▌    | 1074/1935 [00:01<00:01, 707.24it/s]
Epoch 0:  56%|█████▌    | 1075/1935 [00:01<00:01, 707.32it/s]
Epoch 0:  56%|█████▌    | 1075/1935 [00:01<00:01, 707.24it/s]
Epoch 0:  56%|█████▌    | 1076/1935 [00:01<00:01, 707.34it/s]
Epoch 0:  56%|█████▌    | 1076/1935 [00:01<00:01, 707.26it/s]
Epoch 0:  56%|█████▌    | 1077/1935 [00:01<00:01, 707.36it/s]
Epoch 0:  56%|█████▌    | 1077/1935 [00:01<00:01, 707.28it/s]
Epoch 0:  56%|█████▌    | 1078/1935 [00:01<00:01, 707.36it/s]
Epoch 0:  56%|█████▌    | 1078/1935 [00:01<00:01, 707.28it/s]
Epoch 0:  56%|█████▌    | 1079/1935 [00:01<00:01, 707.37it/s]
Epoch 0:  56%|█████▌    | 1079/1935 [00:01<00:01, 707.29it/s]
Epoch 0:  56%|█████▌    | 1080/1935 [00:01<00:01, 707.39it/s]
Epoch 0:  56%|█████▌    | 1080/1935 [00:01<00:01, 707.31it/s]
Epoch 0:  56%|█████▌    | 1081/1935 [00:01<00:01, 707.39it/s]
Epoch 0:  56%|█████▌    | 1081/1935 [00:01<00:01, 707.31it/s]
Epoch 0:  56%|█████▌    | 1082/1935 [00:01<00:01, 707.40it/s]
Epoch 0:  56%|█████▌    | 1082/1935 [00:01<00:01, 707.32it/s]
Epoch 0:  56%|█████▌    | 1083/1935 [00:01<00:01, 707.41it/s]
Epoch 0:  56%|█████▌    | 1083/1935 [00:01<00:01, 707.33it/s]
Epoch 0:  56%|█████▌    | 1084/1935 [00:01<00:01, 707.42it/s]
Epoch 0:  56%|█████▌    | 1084/1935 [00:01<00:01, 707.34it/s]
Epoch 0:  56%|█████▌    | 1085/1935 [00:01<00:01, 707.42it/s]
Epoch 0:  56%|█████▌    | 1085/1935 [00:01<00:01, 707.33it/s]
Epoch 0:  56%|█████▌    | 1086/1935 [00:01<00:01, 707.42it/s]
Epoch 0:  56%|█████▌    | 1086/1935 [00:01<00:01, 707.35it/s]
Epoch 0:  56%|█████▌    | 1087/1935 [00:01<00:01, 707.44it/s]
Epoch 0:  56%|█████▌    | 1087/1935 [00:01<00:01, 707.37it/s]
Epoch 0:  56%|█████▌    | 1088/1935 [00:01<00:01, 707.47it/s]
Epoch 0:  56%|█████▌    | 1088/1935 [00:01<00:01, 707.39it/s]
Epoch 0:  56%|█████▋    | 1089/1935 [00:01<00:01, 707.48it/s]
Epoch 0:  56%|█████▋    | 1089/1935 [00:01<00:01, 707.41it/s]
Epoch 0:  56%|█████▋    | 1090/1935 [00:01<00:01, 707.50it/s]
Epoch 0:  56%|█████▋    | 1090/1935 [00:01<00:01, 707.41it/s]
Epoch 0:  56%|█████▋    | 1091/1935 [00:01<00:01, 707.50it/s]
Epoch 0:  56%|█████▋    | 1091/1935 [00:01<00:01, 707.42it/s]
Epoch 0:  56%|█████▋    | 1092/1935 [00:01<00:01, 707.52it/s]
Epoch 0:  56%|█████▋    | 1092/1935 [00:01<00:01, 707.45it/s]
Epoch 0:  56%|█████▋    | 1093/1935 [00:01<00:01, 707.53it/s]
Epoch 0:  56%|█████▋    | 1093/1935 [00:01<00:01, 707.45it/s]
Epoch 0:  57%|█████▋    | 1094/1935 [00:01<00:01, 707.54it/s]
Epoch 0:  57%|█████▋    | 1094/1935 [00:01<00:01, 707.46it/s]
Epoch 0:  57%|█████▋    | 1095/1935 [00:01<00:01, 707.55it/s]
Epoch 0:  57%|█████▋    | 1095/1935 [00:01<00:01, 707.47it/s]
Epoch 0:  57%|█████▋    | 1096/1935 [00:01<00:01, 707.56it/s]
Epoch 0:  57%|█████▋    | 1096/1935 [00:01<00:01, 707.48it/s]
Epoch 0:  57%|█████▋    | 1097/1935 [00:01<00:01, 707.58it/s]
Epoch 0:  57%|█████▋    | 1097/1935 [00:01<00:01, 707.50it/s]
Epoch 0:  57%|█████▋    | 1098/1935 [00:01<00:01, 707.58it/s]
Epoch 0:  57%|█████▋    | 1098/1935 [00:01<00:01, 707.50it/s]
Epoch 0:  57%|█████▋    | 1099/1935 [00:01<00:01, 707.59it/s]
Epoch 0:  57%|█████▋    | 1099/1935 [00:01<00:01, 707.51it/s]
Epoch 0:  57%|█████▋    | 1100/1935 [00:01<00:01, 707.59it/s]
Epoch 0:  57%|█████▋    | 1100/1935 [00:01<00:01, 707.51it/s]
Epoch 0:  57%|█████▋    | 1101/1935 [00:01<00:01, 707.59it/s]
Epoch 0:  57%|█████▋    | 1101/1935 [00:01<00:01, 707.51it/s]
Epoch 0:  57%|█████▋    | 1102/1935 [00:01<00:01, 707.59it/s]
Epoch 0:  57%|█████▋    | 1102/1935 [00:01<00:01, 707.51it/s]
Epoch 0:  57%|█████▋    | 1103/1935 [00:01<00:01, 707.59it/s]
Epoch 0:  57%|█████▋    | 1103/1935 [00:01<00:01, 707.52it/s]
Epoch 0:  57%|█████▋    | 1104/1935 [00:01<00:01, 707.60it/s]
Epoch 0:  57%|█████▋    | 1104/1935 [00:01<00:01, 707.52it/s]
Epoch 0:  57%|█████▋    | 1105/1935 [00:01<00:01, 707.60it/s]
Epoch 0:  57%|█████▋    | 1105/1935 [00:01<00:01, 707.52it/s]
Epoch 0:  57%|█████▋    | 1106/1935 [00:01<00:01, 707.60it/s]
Epoch 0:  57%|█████▋    | 1106/1935 [00:01<00:01, 707.52it/s]
Epoch 0:  57%|█████▋    | 1107/1935 [00:01<00:01, 707.60it/s]
Epoch 0:  57%|█████▋    | 1107/1935 [00:01<00:01, 707.52it/s]
Epoch 0:  57%|█████▋    | 1108/1935 [00:01<00:01, 707.60it/s]
Epoch 0:  57%|█████▋    | 1108/1935 [00:01<00:01, 707.53it/s]
Epoch 0:  57%|█████▋    | 1109/1935 [00:01<00:01, 707.61it/s]
Epoch 0:  57%|█████▋    | 1109/1935 [00:01<00:01, 707.53it/s]
Epoch 0:  57%|█████▋    | 1110/1935 [00:01<00:01, 707.62it/s]
Epoch 0:  57%|█████▋    | 1110/1935 [00:01<00:01, 707.52it/s]
Epoch 0:  57%|█████▋    | 1111/1935 [00:01<00:01, 707.61it/s]
Epoch 0:  57%|█████▋    | 1111/1935 [00:01<00:01, 707.53it/s]
Epoch 0:  57%|█████▋    | 1112/1935 [00:01<00:01, 707.62it/s]
Epoch 0:  57%|█████▋    | 1112/1935 [00:01<00:01, 707.54it/s]
Epoch 0:  58%|█████▊    | 1113/1935 [00:01<00:01, 707.62it/s]
Epoch 0:  58%|█████▊    | 1113/1935 [00:01<00:01, 707.54it/s]
Epoch 0:  58%|█████▊    | 1114/1935 [00:01<00:01, 707.63it/s]
Epoch 0:  58%|█████▊    | 1114/1935 [00:01<00:01, 707.55it/s]
Epoch 0:  58%|█████▊    | 1115/1935 [00:01<00:01, 707.65it/s]
Epoch 0:  58%|█████▊    | 1115/1935 [00:01<00:01, 707.56it/s]
Epoch 0:  58%|█████▊    | 1116/1935 [00:01<00:01, 707.65it/s]
Epoch 0:  58%|█████▊    | 1116/1935 [00:01<00:01, 707.58it/s]
Epoch 0:  58%|█████▊    | 1117/1935 [00:01<00:01, 707.67it/s]
Epoch 0:  58%|█████▊    | 1117/1935 [00:01<00:01, 707.59it/s]
Epoch 0:  58%|█████▊    | 1118/1935 [00:01<00:01, 707.68it/s]
Epoch 0:  58%|█████▊    | 1118/1935 [00:01<00:01, 707.60it/s]
Epoch 0:  58%|█████▊    | 1119/1935 [00:01<00:01, 707.69it/s]
Epoch 0:  58%|█████▊    | 1119/1935 [00:01<00:01, 707.62it/s]
Epoch 0:  58%|█████▊    | 1120/1935 [00:01<00:01, 707.71it/s]
Epoch 0:  58%|█████▊    | 1120/1935 [00:01<00:01, 707.63it/s]
Epoch 0:  58%|█████▊    | 1121/1935 [00:01<00:01, 707.72it/s]
Epoch 0:  58%|█████▊    | 1121/1935 [00:01<00:01, 707.64it/s]
Epoch 0:  58%|█████▊    | 1122/1935 [00:01<00:01, 707.73it/s]
Epoch 0:  58%|█████▊    | 1122/1935 [00:01<00:01, 707.65it/s]
Epoch 0:  58%|█████▊    | 1123/1935 [00:01<00:01, 707.67it/s]
Epoch 0:  58%|█████▊    | 1123/1935 [00:01<00:01, 707.59it/s]
Epoch 0:  58%|█████▊    | 1124/1935 [00:01<00:01, 707.69it/s]
Epoch 0:  58%|█████▊    | 1124/1935 [00:01<00:01, 707.62it/s]
Epoch 0:  58%|█████▊    | 1125/1935 [00:01<00:01, 707.70it/s]
Epoch 0:  58%|█████▊    | 1125/1935 [00:01<00:01, 707.62it/s]
Epoch 0:  58%|█████▊    | 1126/1935 [00:01<00:01, 707.71it/s]
Epoch 0:  58%|█████▊    | 1126/1935 [00:01<00:01, 707.64it/s]
Epoch 0:  58%|█████▊    | 1127/1935 [00:01<00:01, 707.73it/s]
Epoch 0:  58%|█████▊    | 1127/1935 [00:01<00:01, 707.65it/s]
Epoch 0:  58%|█████▊    | 1128/1935 [00:01<00:01, 707.74it/s]
Epoch 0:  58%|█████▊    | 1128/1935 [00:01<00:01, 707.66it/s]
Epoch 0:  58%|█████▊    | 1129/1935 [00:01<00:01, 707.75it/s]
Epoch 0:  58%|█████▊    | 1129/1935 [00:01<00:01, 707.68it/s]
Epoch 0:  58%|█████▊    | 1130/1935 [00:01<00:01, 707.77it/s]
Epoch 0:  58%|█████▊    | 1130/1935 [00:01<00:01, 707.68it/s]
Epoch 0:  58%|█████▊    | 1131/1935 [00:01<00:01, 707.75it/s]
Epoch 0:  58%|█████▊    | 1131/1935 [00:01<00:01, 707.69it/s]
Epoch 0:  59%|█████▊    | 1132/1935 [00:01<00:01, 707.78it/s]
Epoch 0:  59%|█████▊    | 1132/1935 [00:01<00:01, 707.71it/s]
Epoch 0:  59%|█████▊    | 1133/1935 [00:01<00:01, 707.79it/s]
Epoch 0:  59%|█████▊    | 1133/1935 [00:01<00:01, 707.71it/s]
Epoch 0:  59%|█████▊    | 1134/1935 [00:01<00:01, 707.80it/s]
Epoch 0:  59%|█████▊    | 1134/1935 [00:01<00:01, 707.72it/s]
Epoch 0:  59%|█████▊    | 1135/1935 [00:01<00:01, 707.82it/s]
Epoch 0:  59%|█████▊    | 1135/1935 [00:01<00:01, 707.74it/s]
Epoch 0:  59%|█████▊    | 1136/1935 [00:01<00:01, 707.83it/s]
Epoch 0:  59%|█████▊    | 1136/1935 [00:01<00:01, 707.76it/s]
Epoch 0:  59%|█████▉    | 1137/1935 [00:01<00:01, 707.85it/s]
Epoch 0:  59%|█████▉    | 1137/1935 [00:01<00:01, 707.78it/s]
Epoch 0:  59%|█████▉    | 1138/1935 [00:01<00:01, 707.87it/s]
Epoch 0:  59%|█████▉    | 1138/1935 [00:01<00:01, 707.78it/s]
Epoch 0:  59%|█████▉    | 1139/1935 [00:01<00:01, 707.87it/s]
Epoch 0:  59%|█████▉    | 1139/1935 [00:01<00:01, 707.80it/s]
Epoch 0:  59%|█████▉    | 1140/1935 [00:01<00:01, 707.89it/s]
Epoch 0:  59%|█████▉    | 1140/1935 [00:01<00:01, 707.82it/s]
Epoch 0:  59%|█████▉    | 1141/1935 [00:01<00:01, 707.91it/s]
Epoch 0:  59%|█████▉    | 1141/1935 [00:01<00:01, 707.83it/s]
Epoch 0:  59%|█████▉    | 1142/1935 [00:01<00:01, 707.92it/s]
Epoch 0:  59%|█████▉    | 1142/1935 [00:01<00:01, 707.85it/s]
Epoch 0:  59%|█████▉    | 1143/1935 [00:01<00:01, 707.94it/s]
Epoch 0:  59%|█████▉    | 1143/1935 [00:01<00:01, 707.87it/s]
Epoch 0:  59%|█████▉    | 1144/1935 [00:01<00:01, 707.95it/s]
Epoch 0:  59%|█████▉    | 1144/1935 [00:01<00:01, 707.87it/s]
Epoch 0:  59%|█████▉    | 1145/1935 [00:01<00:01, 707.96it/s]
Epoch 0:  59%|█████▉    | 1145/1935 [00:01<00:01, 707.89it/s]
Epoch 0:  59%|█████▉    | 1146/1935 [00:01<00:01, 707.96it/s]
Epoch 0:  59%|█████▉    | 1146/1935 [00:01<00:01, 707.89it/s]
Epoch 0:  59%|█████▉    | 1147/1935 [00:01<00:01, 707.98it/s]
Epoch 0:  59%|█████▉    | 1147/1935 [00:01<00:01, 707.90it/s]
Epoch 0:  59%|█████▉    | 1148/1935 [00:01<00:01, 707.99it/s]
Epoch 0:  59%|█████▉    | 1148/1935 [00:01<00:01, 707.93it/s]
Epoch 0:  59%|█████▉    | 1149/1935 [00:01<00:01, 708.01it/s]
Epoch 0:  59%|█████▉    | 1149/1935 [00:01<00:01, 707.94it/s]
Epoch 0:  59%|█████▉    | 1150/1935 [00:01<00:01, 708.02it/s]
Epoch 0:  59%|█████▉    | 1150/1935 [00:01<00:01, 707.95it/s]
Epoch 0:  59%|█████▉    | 1151/1935 [00:01<00:01, 708.02it/s]
Epoch 0:  59%|█████▉    | 1151/1935 [00:01<00:01, 707.95it/s]
Epoch 0:  60%|█████▉    | 1152/1935 [00:01<00:01, 708.04it/s]
Epoch 0:  60%|█████▉    | 1152/1935 [00:01<00:01, 707.96it/s]
Epoch 0:  60%|█████▉    | 1153/1935 [00:01<00:01, 708.05it/s]
Epoch 0:  60%|█████▉    | 1153/1935 [00:01<00:01, 707.97it/s]
Epoch 0:  60%|█████▉    | 1154/1935 [00:01<00:01, 708.06it/s]
Epoch 0:  60%|█████▉    | 1154/1935 [00:01<00:01, 707.98it/s]
Epoch 0:  60%|█████▉    | 1155/1935 [00:01<00:01, 708.07it/s]
Epoch 0:  60%|█████▉    | 1155/1935 [00:01<00:01, 707.99it/s]
Epoch 0:  60%|█████▉    | 1156/1935 [00:01<00:01, 708.07it/s]
Epoch 0:  60%|█████▉    | 1156/1935 [00:01<00:01, 708.00it/s]
Epoch 0:  60%|█████▉    | 1157/1935 [00:01<00:01, 708.09it/s]
Epoch 0:  60%|█████▉    | 1157/1935 [00:01<00:01, 708.01it/s]
Epoch 0:  60%|█████▉    | 1158/1935 [00:01<00:01, 708.10it/s]
Epoch 0:  60%|█████▉    | 1158/1935 [00:01<00:01, 708.02it/s]
Epoch 0:  60%|█████▉    | 1159/1935 [00:01<00:01, 708.11it/s]
Epoch 0:  60%|█████▉    | 1159/1935 [00:01<00:01, 708.03it/s]
Epoch 0:  60%|█████▉    | 1160/1935 [00:01<00:01, 708.12it/s]
Epoch 0:  60%|█████▉    | 1160/1935 [00:01<00:01, 708.05it/s]
Epoch 0:  60%|██████    | 1161/1935 [00:01<00:01, 708.14it/s]
Epoch 0:  60%|██████    | 1161/1935 [00:01<00:01, 708.07it/s]
Epoch 0:  60%|██████    | 1162/1935 [00:01<00:01, 708.14it/s]
Epoch 0:  60%|██████    | 1162/1935 [00:01<00:01, 708.07it/s]
Epoch 0:  60%|██████    | 1163/1935 [00:01<00:01, 708.16it/s]
Epoch 0:  60%|██████    | 1163/1935 [00:01<00:01, 708.08it/s]
Epoch 0:  60%|██████    | 1164/1935 [00:01<00:01, 708.17it/s]
Epoch 0:  60%|██████    | 1164/1935 [00:01<00:01, 708.09it/s]
Epoch 0:  60%|██████    | 1165/1935 [00:01<00:01, 708.18it/s]
Epoch 0:  60%|██████    | 1165/1935 [00:01<00:01, 708.10it/s]
Epoch 0:  60%|██████    | 1166/1935 [00:01<00:01, 708.19it/s]
Epoch 0:  60%|██████    | 1166/1935 [00:01<00:01, 708.11it/s]
Epoch 0:  60%|██████    | 1167/1935 [00:01<00:01, 708.19it/s]
Epoch 0:  60%|██████    | 1167/1935 [00:01<00:01, 708.12it/s]
Epoch 0:  60%|██████    | 1168/1935 [00:01<00:01, 708.21it/s]
Epoch 0:  60%|██████    | 1168/1935 [00:01<00:01, 708.13it/s]
Epoch 0:  60%|██████    | 1169/1935 [00:01<00:01, 708.22it/s]
Epoch 0:  60%|██████    | 1169/1935 [00:01<00:01, 708.14it/s]
Epoch 0:  60%|██████    | 1170/1935 [00:01<00:01, 708.21it/s]
Epoch 0:  60%|██████    | 1170/1935 [00:01<00:01, 708.13it/s]
Epoch 0:  61%|██████    | 1171/1935 [00:01<00:01, 708.21it/s]
Epoch 0:  61%|██████    | 1171/1935 [00:01<00:01, 708.14it/s]
Epoch 0:  61%|██████    | 1172/1935 [00:01<00:01, 708.22it/s]
Epoch 0:  61%|██████    | 1172/1935 [00:01<00:01, 708.15it/s]
Epoch 0:  61%|██████    | 1173/1935 [00:01<00:01, 708.24it/s]
Epoch 0:  61%|██████    | 1173/1935 [00:01<00:01, 708.16it/s]
Epoch 0:  61%|██████    | 1174/1935 [00:01<00:01, 708.23it/s]
Epoch 0:  61%|██████    | 1174/1935 [00:01<00:01, 708.16it/s]
Epoch 0:  61%|██████    | 1175/1935 [00:01<00:01, 708.25it/s]
Epoch 0:  61%|██████    | 1175/1935 [00:01<00:01, 708.17it/s]
Epoch 0:  61%|██████    | 1176/1935 [00:01<00:01, 708.26it/s]
Epoch 0:  61%|██████    | 1176/1935 [00:01<00:01, 708.19it/s]
Epoch 0:  61%|██████    | 1177/1935 [00:01<00:01, 708.27it/s]
Epoch 0:  61%|██████    | 1177/1935 [00:01<00:01, 708.20it/s]
Epoch 0:  61%|██████    | 1178/1935 [00:01<00:01, 708.27it/s]
Epoch 0:  61%|██████    | 1178/1935 [00:01<00:01, 708.19it/s]
Epoch 0:  61%|██████    | 1179/1935 [00:01<00:01, 708.29it/s]
Epoch 0:  61%|██████    | 1179/1935 [00:01<00:01, 708.20it/s]
Epoch 0:  61%|██████    | 1180/1935 [00:01<00:01, 708.28it/s]
Epoch 0:  61%|██████    | 1180/1935 [00:01<00:01, 708.21it/s]
Epoch 0:  61%|██████    | 1181/1935 [00:01<00:01, 708.30it/s]
Epoch 0:  61%|██████    | 1181/1935 [00:01<00:01, 708.23it/s]
Epoch 0:  61%|██████    | 1182/1935 [00:01<00:01, 708.30it/s]
Epoch 0:  61%|██████    | 1182/1935 [00:01<00:01, 708.23it/s]
Epoch 0:  61%|██████    | 1183/1935 [00:01<00:01, 708.25it/s]
Epoch 0:  61%|██████    | 1183/1935 [00:01<00:01, 708.18it/s]
Epoch 0:  61%|██████    | 1184/1935 [00:01<00:01, 708.26it/s]
Epoch 0:  61%|██████    | 1184/1935 [00:01<00:01, 708.19it/s]
Epoch 0:  61%|██████    | 1185/1935 [00:01<00:01, 708.27it/s]
Epoch 0:  61%|██████    | 1185/1935 [00:01<00:01, 708.20it/s]
Epoch 0:  61%|██████▏   | 1186/1935 [00:01<00:01, 708.28it/s]
Epoch 0:  61%|██████▏   | 1186/1935 [00:01<00:01, 708.21it/s]
Epoch 0:  61%|██████▏   | 1187/1935 [00:01<00:01, 708.29it/s]
Epoch 0:  61%|██████▏   | 1187/1935 [00:01<00:01, 708.22it/s]
Epoch 0:  61%|██████▏   | 1188/1935 [00:01<00:01, 708.31it/s]
Epoch 0:  61%|██████▏   | 1188/1935 [00:01<00:01, 708.24it/s]
Epoch 0:  61%|██████▏   | 1189/1935 [00:01<00:01, 708.33it/s]
Epoch 0:  61%|██████▏   | 1189/1935 [00:01<00:01, 708.25it/s]
Epoch 0:  61%|██████▏   | 1190/1935 [00:01<00:01, 708.34it/s]
Epoch 0:  61%|██████▏   | 1190/1935 [00:01<00:01, 708.27it/s]
Epoch 0:  62%|██████▏   | 1191/1935 [00:01<00:01, 708.35it/s]
Epoch 0:  62%|██████▏   | 1191/1935 [00:01<00:01, 708.28it/s]
Epoch 0:  62%|██████▏   | 1192/1935 [00:01<00:01, 708.36it/s]
Epoch 0:  62%|██████▏   | 1192/1935 [00:01<00:01, 708.29it/s]
Epoch 0:  62%|██████▏   | 1193/1935 [00:01<00:01, 708.37it/s]
Epoch 0:  62%|██████▏   | 1193/1935 [00:01<00:01, 708.30it/s]
Epoch 0:  62%|██████▏   | 1194/1935 [00:01<00:01, 708.39it/s]
Epoch 0:  62%|██████▏   | 1194/1935 [00:01<00:01, 708.30it/s]
Epoch 0:  62%|██████▏   | 1195/1935 [00:01<00:01, 708.39it/s]
Epoch 0:  62%|██████▏   | 1195/1935 [00:01<00:01, 708.32it/s]
Epoch 0:  62%|██████▏   | 1196/1935 [00:01<00:01, 708.41it/s]
Epoch 0:  62%|██████▏   | 1196/1935 [00:01<00:01, 708.34it/s]
Epoch 0:  62%|██████▏   | 1197/1935 [00:01<00:01, 708.42it/s]
Epoch 0:  62%|██████▏   | 1197/1935 [00:01<00:01, 708.34it/s]
Epoch 0:  62%|██████▏   | 1198/1935 [00:01<00:01, 708.42it/s]
Epoch 0:  62%|██████▏   | 1198/1935 [00:01<00:01, 708.35it/s]
Epoch 0:  62%|██████▏   | 1199/1935 [00:01<00:01, 708.43it/s]
Epoch 0:  62%|██████▏   | 1199/1935 [00:01<00:01, 708.36it/s]
Epoch 0:  62%|██████▏   | 1200/1935 [00:01<00:01, 708.43it/s]
Epoch 0:  62%|██████▏   | 1200/1935 [00:01<00:01, 708.36it/s]
Epoch 0:  62%|██████▏   | 1201/1935 [00:01<00:01, 708.44it/s]
Epoch 0:  62%|██████▏   | 1201/1935 [00:01<00:01, 708.36it/s]
Epoch 0:  62%|██████▏   | 1202/1935 [00:01<00:01, 708.45it/s]
Epoch 0:  62%|██████▏   | 1202/1935 [00:01<00:01, 708.37it/s]
Epoch 0:  62%|██████▏   | 1203/1935 [00:01<00:01, 708.45it/s]
Epoch 0:  62%|██████▏   | 1203/1935 [00:01<00:01, 708.38it/s]
Epoch 0:  62%|██████▏   | 1204/1935 [00:01<00:01, 708.47it/s]
Epoch 0:  62%|██████▏   | 1204/1935 [00:01<00:01, 708.40it/s]
Epoch 0:  62%|██████▏   | 1205/1935 [00:01<00:01, 708.47it/s]
Epoch 0:  62%|██████▏   | 1205/1935 [00:01<00:01, 708.40it/s]
Epoch 0:  62%|██████▏   | 1206/1935 [00:01<00:01, 708.48it/s]
Epoch 0:  62%|██████▏   | 1206/1935 [00:01<00:01, 708.41it/s]
Epoch 0:  62%|██████▏   | 1207/1935 [00:01<00:01, 708.49it/s]
Epoch 0:  62%|██████▏   | 1207/1935 [00:01<00:01, 708.42it/s]
Epoch 0:  62%|██████▏   | 1208/1935 [00:01<00:01, 708.50it/s]
Epoch 0:  62%|██████▏   | 1208/1935 [00:01<00:01, 708.43it/s]
Epoch 0:  62%|██████▏   | 1209/1935 [00:01<00:01, 708.51it/s]
Epoch 0:  62%|██████▏   | 1209/1935 [00:01<00:01, 708.45it/s]
Epoch 0:  63%|██████▎   | 1210/1935 [00:01<00:01, 708.53it/s]
Epoch 0:  63%|██████▎   | 1210/1935 [00:01<00:01, 708.45it/s]
Epoch 0:  63%|██████▎   | 1211/1935 [00:01<00:01, 708.54it/s]
Epoch 0:  63%|██████▎   | 1211/1935 [00:01<00:01, 708.47it/s]
Epoch 0:  63%|██████▎   | 1212/1935 [00:01<00:01, 708.55it/s]
Epoch 0:  63%|██████▎   | 1212/1935 [00:01<00:01, 708.48it/s]
Epoch 0:  63%|██████▎   | 1213/1935 [00:01<00:01, 708.56it/s]
Epoch 0:  63%|██████▎   | 1213/1935 [00:01<00:01, 708.48it/s]
Epoch 0:  63%|██████▎   | 1214/1935 [00:01<00:01, 708.56it/s]
Epoch 0:  63%|██████▎   | 1214/1935 [00:01<00:01, 708.49it/s]
Epoch 0:  63%|██████▎   | 1215/1935 [00:01<00:01, 708.56it/s]
Epoch 0:  63%|██████▎   | 1215/1935 [00:01<00:01, 708.50it/s]
Epoch 0:  63%|██████▎   | 1216/1935 [00:01<00:01, 708.58it/s]
Epoch 0:  63%|██████▎   | 1216/1935 [00:01<00:01, 708.51it/s]
Epoch 0:  63%|██████▎   | 1217/1935 [00:01<00:01, 708.60it/s]
Epoch 0:  63%|██████▎   | 1217/1935 [00:01<00:01, 708.53it/s]
Epoch 0:  63%|██████▎   | 1218/1935 [00:01<00:01, 708.61it/s]
Epoch 0:  63%|██████▎   | 1218/1935 [00:01<00:01, 708.54it/s]
Epoch 0:  63%|██████▎   | 1219/1935 [00:01<00:01, 708.62it/s]
Epoch 0:  63%|██████▎   | 1219/1935 [00:01<00:01, 708.55it/s]
Epoch 0:  63%|██████▎   | 1220/1935 [00:01<00:01, 708.63it/s]
Epoch 0:  63%|██████▎   | 1220/1935 [00:01<00:01, 708.55it/s]
Epoch 0:  63%|██████▎   | 1221/1935 [00:01<00:01, 708.63it/s]
Epoch 0:  63%|██████▎   | 1221/1935 [00:01<00:01, 708.56it/s]
Epoch 0:  63%|██████▎   | 1222/1935 [00:01<00:01, 708.64it/s]
Epoch 0:  63%|██████▎   | 1222/1935 [00:01<00:01, 708.57it/s]
Epoch 0:  63%|██████▎   | 1223/1935 [00:01<00:01, 708.65it/s]
Epoch 0:  63%|██████▎   | 1223/1935 [00:01<00:01, 708.58it/s]
Epoch 0:  63%|██████▎   | 1224/1935 [00:01<00:01, 708.65it/s]
Epoch 0:  63%|██████▎   | 1224/1935 [00:01<00:01, 708.58it/s]
Epoch 0:  63%|██████▎   | 1225/1935 [00:01<00:01, 708.66it/s]
Epoch 0:  63%|██████▎   | 1225/1935 [00:01<00:01, 708.59it/s]
Epoch 0:  63%|██████▎   | 1226/1935 [00:01<00:01, 708.67it/s]
Epoch 0:  63%|██████▎   | 1226/1935 [00:01<00:01, 708.60it/s]
Epoch 0:  63%|██████▎   | 1227/1935 [00:01<00:00, 708.69it/s]
Epoch 0:  63%|██████▎   | 1227/1935 [00:01<00:00, 708.62it/s]
Epoch 0:  63%|██████▎   | 1228/1935 [00:01<00:00, 708.69it/s]
Epoch 0:  63%|██████▎   | 1228/1935 [00:01<00:00, 708.63it/s]
Epoch 0:  64%|██████▎   | 1229/1935 [00:01<00:00, 708.71it/s]
Epoch 0:  64%|██████▎   | 1229/1935 [00:01<00:00, 708.64it/s]
Epoch 0:  64%|██████▎   | 1230/1935 [00:01<00:00, 708.72it/s]
Epoch 0:  64%|██████▎   | 1230/1935 [00:01<00:00, 708.65it/s]
Epoch 0:  64%|██████▎   | 1231/1935 [00:01<00:00, 708.73it/s]
Epoch 0:  64%|██████▎   | 1231/1935 [00:01<00:00, 708.66it/s]
Epoch 0:  64%|██████▎   | 1232/1935 [00:01<00:00, 708.73it/s]
Epoch 0:  64%|██████▎   | 1232/1935 [00:01<00:00, 708.66it/s]
Epoch 0:  64%|██████▎   | 1233/1935 [00:01<00:00, 708.74it/s]
Epoch 0:  64%|██████▎   | 1233/1935 [00:01<00:00, 708.67it/s]
Epoch 0:  64%|██████▍   | 1234/1935 [00:01<00:00, 708.75it/s]
Epoch 0:  64%|██████▍   | 1234/1935 [00:01<00:00, 708.68it/s]
Epoch 0:  64%|██████▍   | 1235/1935 [00:01<00:00, 708.76it/s]
Epoch 0:  64%|██████▍   | 1235/1935 [00:01<00:00, 708.69it/s]
Epoch 0:  64%|██████▍   | 1236/1935 [00:01<00:00, 708.77it/s]
Epoch 0:  64%|██████▍   | 1236/1935 [00:01<00:00, 708.71it/s]
Epoch 0:  64%|██████▍   | 1237/1935 [00:01<00:00, 708.79it/s]
Epoch 0:  64%|██████▍   | 1237/1935 [00:01<00:00, 708.71it/s]
Epoch 0:  64%|██████▍   | 1238/1935 [00:01<00:00, 708.79it/s]
Epoch 0:  64%|██████▍   | 1238/1935 [00:01<00:00, 708.72it/s]
Epoch 0:  64%|██████▍   | 1239/1935 [00:01<00:00, 708.79it/s]
Epoch 0:  64%|██████▍   | 1239/1935 [00:01<00:00, 708.73it/s]
Epoch 0:  64%|██████▍   | 1240/1935 [00:01<00:00, 708.81it/s]
Epoch 0:  64%|██████▍   | 1240/1935 [00:01<00:00, 708.74it/s]
Epoch 0:  64%|██████▍   | 1241/1935 [00:01<00:00, 708.82it/s]
Epoch 0:  64%|██████▍   | 1241/1935 [00:01<00:00, 708.75it/s]
Epoch 0:  64%|██████▍   | 1242/1935 [00:01<00:00, 708.83it/s]
Epoch 0:  64%|██████▍   | 1242/1935 [00:01<00:00, 708.76it/s]
Epoch 0:  64%|██████▍   | 1243/1935 [00:01<00:00, 708.77it/s]
Epoch 0:  64%|██████▍   | 1243/1935 [00:01<00:00, 708.70it/s]
Epoch 0:  64%|██████▍   | 1244/1935 [00:01<00:00, 708.78it/s]
Epoch 0:  64%|██████▍   | 1244/1935 [00:01<00:00, 708.72it/s]
Epoch 0:  64%|██████▍   | 1245/1935 [00:01<00:00, 708.80it/s]
Epoch 0:  64%|██████▍   | 1245/1935 [00:01<00:00, 708.73it/s]
Epoch 0:  64%|██████▍   | 1246/1935 [00:01<00:00, 708.80it/s]
Epoch 0:  64%|██████▍   | 1246/1935 [00:01<00:00, 708.73it/s]
Epoch 0:  64%|██████▍   | 1247/1935 [00:01<00:00, 708.81it/s]
Epoch 0:  64%|██████▍   | 1247/1935 [00:01<00:00, 708.74it/s]
Epoch 0:  64%|██████▍   | 1248/1935 [00:01<00:00, 708.83it/s]
Epoch 0:  64%|██████▍   | 1248/1935 [00:01<00:00, 708.75it/s]
Epoch 0:  65%|██████▍   | 1249/1935 [00:01<00:00, 708.81it/s]
Epoch 0:  65%|██████▍   | 1249/1935 [00:01<00:00, 708.75it/s]
Epoch 0:  65%|██████▍   | 1250/1935 [00:01<00:00, 708.83it/s]
Epoch 0:  65%|██████▍   | 1250/1935 [00:01<00:00, 708.76it/s]
Epoch 0:  65%|██████▍   | 1251/1935 [00:01<00:00, 708.84it/s]
Epoch 0:  65%|██████▍   | 1251/1935 [00:01<00:00, 708.77it/s]
Epoch 0:  65%|██████▍   | 1252/1935 [00:01<00:00, 708.86it/s]
Epoch 0:  65%|██████▍   | 1252/1935 [00:01<00:00, 708.80it/s]
Epoch 0:  65%|██████▍   | 1253/1935 [00:01<00:00, 708.87it/s]
Epoch 0:  65%|██████▍   | 1253/1935 [00:01<00:00, 708.80it/s]
Epoch 0:  65%|██████▍   | 1254/1935 [00:01<00:00, 708.88it/s]
Epoch 0:  65%|██████▍   | 1254/1935 [00:01<00:00, 708.81it/s]
Epoch 0:  65%|██████▍   | 1255/1935 [00:01<00:00, 708.90it/s]
Epoch 0:  65%|██████▍   | 1255/1935 [00:01<00:00, 708.83it/s]
Epoch 0:  65%|██████▍   | 1256/1935 [00:01<00:00, 708.91it/s]
Epoch 0:  65%|██████▍   | 1256/1935 [00:01<00:00, 708.84it/s]
Epoch 0:  65%|██████▍   | 1257/1935 [00:01<00:00, 708.92it/s]
Epoch 0:  65%|██████▍   | 1257/1935 [00:01<00:00, 708.85it/s]
Epoch 0:  65%|██████▌   | 1258/1935 [00:01<00:00, 708.93it/s]
Epoch 0:  65%|██████▌   | 1258/1935 [00:01<00:00, 708.86it/s]
Epoch 0:  65%|██████▌   | 1259/1935 [00:01<00:00, 708.94it/s]
Epoch 0:  65%|██████▌   | 1259/1935 [00:01<00:00, 708.87it/s]
Epoch 0:  65%|██████▌   | 1260/1935 [00:01<00:00, 708.95it/s]
Epoch 0:  65%|██████▌   | 1260/1935 [00:01<00:00, 708.89it/s]
Epoch 0:  65%|██████▌   | 1261/1935 [00:01<00:00, 708.97it/s]
Epoch 0:  65%|██████▌   | 1261/1935 [00:01<00:00, 708.89it/s]
Epoch 0:  65%|██████▌   | 1262/1935 [00:01<00:00, 708.97it/s]
Epoch 0:  65%|██████▌   | 1262/1935 [00:01<00:00, 708.90it/s]
Epoch 0:  65%|██████▌   | 1263/1935 [00:01<00:00, 708.98it/s]
Epoch 0:  65%|██████▌   | 1263/1935 [00:01<00:00, 708.92it/s]
Epoch 0:  65%|██████▌   | 1264/1935 [00:01<00:00, 708.99it/s]
Epoch 0:  65%|██████▌   | 1264/1935 [00:01<00:00, 708.92it/s]
Epoch 0:  65%|██████▌   | 1265/1935 [00:01<00:00, 708.99it/s]
Epoch 0:  65%|██████▌   | 1265/1935 [00:01<00:00, 708.92it/s]
Epoch 0:  65%|██████▌   | 1266/1935 [00:01<00:00, 708.99it/s]
Epoch 0:  65%|██████▌   | 1266/1935 [00:01<00:00, 708.92it/s]
Epoch 0:  65%|██████▌   | 1267/1935 [00:01<00:00, 708.99it/s]
Epoch 0:  65%|██████▌   | 1267/1935 [00:01<00:00, 708.92it/s]
Epoch 0:  66%|██████▌   | 1268/1935 [00:01<00:00, 709.01it/s]
Epoch 0:  66%|██████▌   | 1268/1935 [00:01<00:00, 708.94it/s]
Epoch 0:  66%|██████▌   | 1269/1935 [00:01<00:00, 709.02it/s]
Epoch 0:  66%|██████▌   | 1269/1935 [00:01<00:00, 708.95it/s]
Epoch 0:  66%|██████▌   | 1270/1935 [00:01<00:00, 709.02it/s]
Epoch 0:  66%|██████▌   | 1270/1935 [00:01<00:00, 708.95it/s]
Epoch 0:  66%|██████▌   | 1271/1935 [00:01<00:00, 709.03it/s]
Epoch 0:  66%|██████▌   | 1271/1935 [00:01<00:00, 708.97it/s]
Epoch 0:  66%|██████▌   | 1272/1935 [00:01<00:00, 709.05it/s]
Epoch 0:  66%|██████▌   | 1272/1935 [00:01<00:00, 708.98it/s]
Epoch 0:  66%|██████▌   | 1273/1935 [00:01<00:00, 709.05it/s]
Epoch 0:  66%|██████▌   | 1273/1935 [00:01<00:00, 708.99it/s]
Epoch 0:  66%|██████▌   | 1274/1935 [00:01<00:00, 709.06it/s]
Epoch 0:  66%|██████▌   | 1274/1935 [00:01<00:00, 708.99it/s]
Epoch 0:  66%|██████▌   | 1275/1935 [00:01<00:00, 709.08it/s]
Epoch 0:  66%|██████▌   | 1275/1935 [00:01<00:00, 709.01it/s]
Epoch 0:  66%|██████▌   | 1276/1935 [00:01<00:00, 709.09it/s]
Epoch 0:  66%|██████▌   | 1276/1935 [00:01<00:00, 709.02it/s]
Epoch 0:  66%|██████▌   | 1277/1935 [00:01<00:00, 709.09it/s]
Epoch 0:  66%|██████▌   | 1277/1935 [00:01<00:00, 709.02it/s]
Epoch 0:  66%|██████▌   | 1278/1935 [00:01<00:00, 709.11it/s]
Epoch 0:  66%|██████▌   | 1278/1935 [00:01<00:00, 709.04it/s]
Epoch 0:  66%|██████▌   | 1279/1935 [00:01<00:00, 709.11it/s]
Epoch 0:  66%|██████▌   | 1279/1935 [00:01<00:00, 709.05it/s]
Epoch 0:  66%|██████▌   | 1280/1935 [00:01<00:00, 709.13it/s]
Epoch 0:  66%|██████▌   | 1280/1935 [00:01<00:00, 709.06it/s]
Epoch 0:  66%|██████▌   | 1281/1935 [00:01<00:00, 709.14it/s]
Epoch 0:  66%|██████▌   | 1281/1935 [00:01<00:00, 709.07it/s]
Epoch 0:  66%|██████▋   | 1282/1935 [00:01<00:00, 709.13it/s]
Epoch 0:  66%|██████▋   | 1282/1935 [00:01<00:00, 709.06it/s]
Epoch 0:  66%|██████▋   | 1283/1935 [00:01<00:00, 709.15it/s]
Epoch 0:  66%|██████▋   | 1283/1935 [00:01<00:00, 709.08it/s]
Epoch 0:  66%|██████▋   | 1284/1935 [00:01<00:00, 709.16it/s]
Epoch 0:  66%|██████▋   | 1284/1935 [00:01<00:00, 709.10it/s]
Epoch 0:  66%|██████▋   | 1285/1935 [00:01<00:00, 709.18it/s]
Epoch 0:  66%|██████▋   | 1285/1935 [00:01<00:00, 709.11it/s]
Epoch 0:  66%|██████▋   | 1286/1935 [00:01<00:00, 709.19it/s]
Epoch 0:  66%|██████▋   | 1286/1935 [00:01<00:00, 709.12it/s]
Epoch 0:  67%|██████▋   | 1287/1935 [00:01<00:00, 709.20it/s]
Epoch 0:  67%|██████▋   | 1287/1935 [00:01<00:00, 709.13it/s]
Epoch 0:  67%|██████▋   | 1288/1935 [00:01<00:00, 709.21it/s]
Epoch 0:  67%|██████▋   | 1288/1935 [00:01<00:00, 709.14it/s]
Epoch 0:  67%|██████▋   | 1289/1935 [00:01<00:00, 709.21it/s]
Epoch 0:  67%|██████▋   | 1289/1935 [00:01<00:00, 709.14it/s]
Epoch 0:  67%|██████▋   | 1290/1935 [00:01<00:00, 709.21it/s]
Epoch 0:  67%|██████▋   | 1290/1935 [00:01<00:00, 709.14it/s]
Epoch 0:  67%|██████▋   | 1291/1935 [00:01<00:00, 709.22it/s]
Epoch 0:  67%|██████▋   | 1291/1935 [00:01<00:00, 709.16it/s]
Epoch 0:  67%|██████▋   | 1292/1935 [00:01<00:00, 709.24it/s]
Epoch 0:  67%|██████▋   | 1292/1935 [00:01<00:00, 709.17it/s]
Epoch 0:  67%|██████▋   | 1293/1935 [00:01<00:00, 709.24it/s]
Epoch 0:  67%|██████▋   | 1293/1935 [00:01<00:00, 709.16it/s]
Epoch 0:  67%|██████▋   | 1294/1935 [00:01<00:00, 709.25it/s]
Epoch 0:  67%|██████▋   | 1294/1935 [00:01<00:00, 709.18it/s]
Epoch 0:  67%|██████▋   | 1295/1935 [00:01<00:00, 709.26it/s]
Epoch 0:  67%|██████▋   | 1295/1935 [00:01<00:00, 709.19it/s]
Epoch 0:  67%|██████▋   | 1296/1935 [00:01<00:00, 709.26it/s]
Epoch 0:  67%|██████▋   | 1296/1935 [00:01<00:00, 709.20it/s]
Epoch 0:  67%|██████▋   | 1297/1935 [00:01<00:00, 709.27it/s]
Epoch 0:  67%|██████▋   | 1297/1935 [00:01<00:00, 709.20it/s]
Epoch 0:  67%|██████▋   | 1298/1935 [00:01<00:00, 709.28it/s]
Epoch 0:  67%|██████▋   | 1298/1935 [00:01<00:00, 709.21it/s]
Epoch 0:  67%|██████▋   | 1299/1935 [00:01<00:00, 709.28it/s]
Epoch 0:  67%|██████▋   | 1299/1935 [00:01<00:00, 709.22it/s]
Epoch 0:  67%|██████▋   | 1300/1935 [00:01<00:00, 709.29it/s]
Epoch 0:  67%|██████▋   | 1300/1935 [00:01<00:00, 709.23it/s]
Epoch 0:  67%|██████▋   | 1301/1935 [00:01<00:00, 709.30it/s]
Epoch 0:  67%|██████▋   | 1301/1935 [00:01<00:00, 709.23it/s]
Epoch 0:  67%|██████▋   | 1302/1935 [00:01<00:00, 709.30it/s]
Epoch 0:  67%|██████▋   | 1302/1935 [00:01<00:00, 709.23it/s]
Epoch 0:  67%|██████▋   | 1303/1935 [00:01<00:00, 709.25it/s]
Epoch 0:  67%|██████▋   | 1303/1935 [00:01<00:00, 709.18it/s]
Epoch 0:  67%|██████▋   | 1304/1935 [00:01<00:00, 709.26it/s]
Epoch 0:  67%|██████▋   | 1304/1935 [00:01<00:00, 709.19it/s]
Epoch 0:  67%|██████▋   | 1305/1935 [00:01<00:00, 709.26it/s]
Epoch 0:  67%|██████▋   | 1305/1935 [00:01<00:00, 709.19it/s]
Epoch 0:  67%|██████▋   | 1306/1935 [00:01<00:00, 709.25it/s]
Epoch 0:  67%|██████▋   | 1306/1935 [00:01<00:00, 709.19it/s]
Epoch 0:  68%|██████▊   | 1307/1935 [00:01<00:00, 709.27it/s]
Epoch 0:  68%|██████▊   | 1307/1935 [00:01<00:00, 709.21it/s]
Epoch 0:  68%|██████▊   | 1308/1935 [00:01<00:00, 709.28it/s]
Epoch 0:  68%|██████▊   | 1308/1935 [00:01<00:00, 709.22it/s]
Epoch 0:  68%|██████▊   | 1309/1935 [00:01<00:00, 709.30it/s]
Epoch 0:  68%|██████▊   | 1309/1935 [00:01<00:00, 709.23it/s]
Epoch 0:  68%|██████▊   | 1310/1935 [00:01<00:00, 709.30it/s]
Epoch 0:  68%|██████▊   | 1310/1935 [00:01<00:00, 709.23it/s]
Epoch 0:  68%|██████▊   | 1311/1935 [00:01<00:00, 709.30it/s]
Epoch 0:  68%|██████▊   | 1311/1935 [00:01<00:00, 709.24it/s]
Epoch 0:  68%|██████▊   | 1312/1935 [00:01<00:00, 709.30it/s]
Epoch 0:  68%|██████▊   | 1312/1935 [00:01<00:00, 709.23it/s]
Epoch 0:  68%|██████▊   | 1313/1935 [00:01<00:00, 709.30it/s]
Epoch 0:  68%|██████▊   | 1313/1935 [00:01<00:00, 709.23it/s]
Epoch 0:  68%|██████▊   | 1314/1935 [00:01<00:00, 709.30it/s]
Epoch 0:  68%|██████▊   | 1314/1935 [00:01<00:00, 709.23it/s]
Epoch 0:  68%|██████▊   | 1315/1935 [00:01<00:00, 709.31it/s]
Epoch 0:  68%|██████▊   | 1315/1935 [00:01<00:00, 709.25it/s]
Epoch 0:  68%|██████▊   | 1316/1935 [00:01<00:00, 709.31it/s]
Epoch 0:  68%|██████▊   | 1316/1935 [00:01<00:00, 709.25it/s]
Epoch 0:  68%|██████▊   | 1317/1935 [00:01<00:00, 709.32it/s]
Epoch 0:  68%|██████▊   | 1317/1935 [00:01<00:00, 709.25it/s]
Epoch 0:  68%|██████▊   | 1318/1935 [00:01<00:00, 709.33it/s]
Epoch 0:  68%|██████▊   | 1318/1935 [00:01<00:00, 709.26it/s]
Epoch 0:  68%|██████▊   | 1319/1935 [00:01<00:00, 709.34it/s]
Epoch 0:  68%|██████▊   | 1319/1935 [00:01<00:00, 709.27it/s]
Epoch 0:  68%|██████▊   | 1320/1935 [00:01<00:00, 709.35it/s]
Epoch 0:  68%|██████▊   | 1320/1935 [00:01<00:00, 709.28it/s]
Epoch 0:  68%|██████▊   | 1321/1935 [00:01<00:00, 709.36it/s]
Epoch 0:  68%|██████▊   | 1321/1935 [00:01<00:00, 709.29it/s]
Epoch 0:  68%|██████▊   | 1322/1935 [00:01<00:00, 709.36it/s]
Epoch 0:  68%|██████▊   | 1322/1935 [00:01<00:00, 709.29it/s]
Epoch 0:  68%|██████▊   | 1323/1935 [00:01<00:00, 709.36it/s]
Epoch 0:  68%|██████▊   | 1323/1935 [00:01<00:00, 709.30it/s]
Epoch 0:  68%|██████▊   | 1324/1935 [00:01<00:00, 709.37it/s]
Epoch 0:  68%|██████▊   | 1324/1935 [00:01<00:00, 709.32it/s]
Epoch 0:  68%|██████▊   | 1325/1935 [00:01<00:00, 709.39it/s]
Epoch 0:  68%|██████▊   | 1325/1935 [00:01<00:00, 709.32it/s]
Epoch 0:  69%|██████▊   | 1326/1935 [00:01<00:00, 709.41it/s]
Epoch 0:  69%|██████▊   | 1326/1935 [00:01<00:00, 709.34it/s]
Epoch 0:  69%|██████▊   | 1327/1935 [00:01<00:00, 709.42it/s]
Epoch 0:  69%|██████▊   | 1327/1935 [00:01<00:00, 709.35it/s]
Epoch 0:  69%|██████▊   | 1328/1935 [00:01<00:00, 709.42it/s]
Epoch 0:  69%|██████▊   | 1328/1935 [00:01<00:00, 709.35it/s]
Epoch 0:  69%|██████▊   | 1329/1935 [00:01<00:00, 709.43it/s]
Epoch 0:  69%|██████▊   | 1329/1935 [00:01<00:00, 709.37it/s]
Epoch 0:  69%|██████▊   | 1330/1935 [00:01<00:00, 709.43it/s]
Epoch 0:  69%|██████▊   | 1330/1935 [00:01<00:00, 709.36it/s]
Epoch 0:  69%|██████▉   | 1331/1935 [00:01<00:00, 709.44it/s]
Epoch 0:  69%|██████▉   | 1331/1935 [00:01<00:00, 709.38it/s]
Epoch 0:  69%|██████▉   | 1332/1935 [00:01<00:00, 709.46it/s]
Epoch 0:  69%|██████▉   | 1332/1935 [00:01<00:00, 709.39it/s]
Epoch 0:  69%|██████▉   | 1333/1935 [00:01<00:00, 709.46it/s]
Epoch 0:  69%|██████▉   | 1333/1935 [00:01<00:00, 709.39it/s]
Epoch 0:  69%|██████▉   | 1334/1935 [00:01<00:00, 709.47it/s]
Epoch 0:  69%|██████▉   | 1334/1935 [00:01<00:00, 709.40it/s]
Epoch 0:  69%|██████▉   | 1335/1935 [00:01<00:00, 709.48it/s]
Epoch 0:  69%|██████▉   | 1335/1935 [00:01<00:00, 709.42it/s]
Epoch 0:  69%|██████▉   | 1336/1935 [00:01<00:00, 709.48it/s]
Epoch 0:  69%|██████▉   | 1336/1935 [00:01<00:00, 709.42it/s]
Epoch 0:  69%|██████▉   | 1337/1935 [00:01<00:00, 709.49it/s]
Epoch 0:  69%|██████▉   | 1337/1935 [00:01<00:00, 709.42it/s]
Epoch 0:  69%|██████▉   | 1338/1935 [00:01<00:00, 709.49it/s]
Epoch 0:  69%|██████▉   | 1338/1935 [00:01<00:00, 709.42it/s]
Epoch 0:  69%|██████▉   | 1339/1935 [00:01<00:00, 709.50it/s]
Epoch 0:  69%|██████▉   | 1339/1935 [00:01<00:00, 709.43it/s]
Epoch 0:  69%|██████▉   | 1340/1935 [00:01<00:00, 709.50it/s]
Epoch 0:  69%|██████▉   | 1340/1935 [00:01<00:00, 709.44it/s]
Epoch 0:  69%|██████▉   | 1341/1935 [00:01<00:00, 709.51it/s]
Epoch 0:  69%|██████▉   | 1341/1935 [00:01<00:00, 709.44it/s]
Epoch 0:  69%|██████▉   | 1342/1935 [00:01<00:00, 709.51it/s]
Epoch 0:  69%|██████▉   | 1342/1935 [00:01<00:00, 709.44it/s]
Epoch 0:  69%|██████▉   | 1343/1935 [00:01<00:00, 709.51it/s]
Epoch 0:  69%|██████▉   | 1343/1935 [00:01<00:00, 709.45it/s]
Epoch 0:  69%|██████▉   | 1344/1935 [00:01<00:00, 709.52it/s]
Epoch 0:  69%|██████▉   | 1344/1935 [00:01<00:00, 709.46it/s]
Epoch 0:  70%|██████▉   | 1345/1935 [00:01<00:00, 709.52it/s]
Epoch 0:  70%|██████▉   | 1345/1935 [00:01<00:00, 709.45it/s]
Epoch 0:  70%|██████▉   | 1346/1935 [00:01<00:00, 709.52it/s]
Epoch 0:  70%|██████▉   | 1346/1935 [00:01<00:00, 709.45it/s]
Epoch 0:  70%|██████▉   | 1347/1935 [00:01<00:00, 709.53it/s]
Epoch 0:  70%|██████▉   | 1347/1935 [00:01<00:00, 709.46it/s]
Epoch 0:  70%|██████▉   | 1348/1935 [00:01<00:00, 709.53it/s]
Epoch 0:  70%|██████▉   | 1348/1935 [00:01<00:00, 709.46it/s]
Epoch 0:  70%|██████▉   | 1349/1935 [00:01<00:00, 709.53it/s]
Epoch 0:  70%|██████▉   | 1349/1935 [00:01<00:00, 709.46it/s]
Epoch 0:  70%|██████▉   | 1350/1935 [00:01<00:00, 709.54it/s]
Epoch 0:  70%|██████▉   | 1350/1935 [00:01<00:00, 709.47it/s]
Epoch 0:  70%|██████▉   | 1351/1935 [00:01<00:00, 709.55it/s]
Epoch 0:  70%|██████▉   | 1351/1935 [00:01<00:00, 709.48it/s]
Epoch 0:  70%|██████▉   | 1352/1935 [00:01<00:00, 709.55it/s]
Epoch 0:  70%|██████▉   | 1352/1935 [00:01<00:00, 709.49it/s]
Epoch 0:  70%|██████▉   | 1353/1935 [00:01<00:00, 709.55it/s]
Epoch 0:  70%|██████▉   | 1353/1935 [00:01<00:00, 709.49it/s]
Epoch 0:  70%|██████▉   | 1354/1935 [00:01<00:00, 709.55it/s]
Epoch 0:  70%|██████▉   | 1354/1935 [00:01<00:00, 709.49it/s]
Epoch 0:  70%|███████   | 1355/1935 [00:01<00:00, 709.56it/s]
Epoch 0:  70%|███████   | 1355/1935 [00:01<00:00, 709.50it/s]
Epoch 0:  70%|███████   | 1356/1935 [00:01<00:00, 709.57it/s]
Epoch 0:  70%|███████   | 1356/1935 [00:01<00:00, 709.51it/s]
Epoch 0:  70%|███████   | 1357/1935 [00:01<00:00, 709.59it/s]
Epoch 0:  70%|███████   | 1357/1935 [00:01<00:00, 709.52it/s]
Epoch 0:  70%|███████   | 1358/1935 [00:01<00:00, 709.60it/s]
Epoch 0:  70%|███████   | 1358/1935 [00:01<00:00, 709.53it/s]
Epoch 0:  70%|███████   | 1359/1935 [00:01<00:00, 709.60it/s]
Epoch 0:  70%|███████   | 1359/1935 [00:01<00:00, 709.53it/s]
Epoch 0:  70%|███████   | 1360/1935 [00:01<00:00, 709.60it/s]
Epoch 0:  70%|███████   | 1360/1935 [00:01<00:00, 709.54it/s]
Epoch 0:  70%|███████   | 1361/1935 [00:01<00:00, 709.60it/s]
Epoch 0:  70%|███████   | 1361/1935 [00:01<00:00, 709.54it/s]
Epoch 0:  70%|███████   | 1362/1935 [00:01<00:00, 709.61it/s]
Epoch 0:  70%|███████   | 1362/1935 [00:01<00:00, 709.54it/s]
Epoch 0:  70%|███████   | 1363/1935 [00:01<00:00, 709.56it/s]
Epoch 0:  70%|███████   | 1363/1935 [00:01<00:00, 709.49it/s]
Epoch 0:  70%|███████   | 1364/1935 [00:01<00:00, 709.56it/s]
Epoch 0:  70%|███████   | 1364/1935 [00:01<00:00, 709.51it/s]
Epoch 0:  71%|███████   | 1365/1935 [00:01<00:00, 709.58it/s]
Epoch 0:  71%|███████   | 1365/1935 [00:01<00:00, 709.51it/s]
Epoch 0:  71%|███████   | 1366/1935 [00:01<00:00, 709.59it/s]
Epoch 0:  71%|███████   | 1366/1935 [00:01<00:00, 709.53it/s]
Epoch 0:  71%|███████   | 1367/1935 [00:01<00:00, 709.61it/s]
Epoch 0:  71%|███████   | 1367/1935 [00:01<00:00, 709.55it/s]
Epoch 0:  71%|███████   | 1368/1935 [00:01<00:00, 709.62it/s]
Epoch 0:  71%|███████   | 1368/1935 [00:01<00:00, 709.55it/s]
Epoch 0:  71%|███████   | 1369/1935 [00:01<00:00, 709.62it/s]
Epoch 0:  71%|███████   | 1369/1935 [00:01<00:00, 709.56it/s]
Epoch 0:  71%|███████   | 1370/1935 [00:01<00:00, 709.63it/s]
Epoch 0:  71%|███████   | 1370/1935 [00:01<00:00, 709.56it/s]
Epoch 0:  71%|███████   | 1371/1935 [00:01<00:00, 709.61it/s]
Epoch 0:  71%|███████   | 1371/1935 [00:01<00:00, 709.56it/s]
Epoch 0:  71%|███████   | 1372/1935 [00:01<00:00, 709.63it/s]
Epoch 0:  71%|███████   | 1372/1935 [00:01<00:00, 709.57it/s]
Epoch 0:  71%|███████   | 1373/1935 [00:01<00:00, 709.64it/s]
Epoch 0:  71%|███████   | 1373/1935 [00:01<00:00, 709.57it/s]
Epoch 0:  71%|███████   | 1374/1935 [00:01<00:00, 709.63it/s]
Epoch 0:  71%|███████   | 1374/1935 [00:01<00:00, 709.58it/s]
Epoch 0:  71%|███████   | 1375/1935 [00:01<00:00, 709.64it/s]
Epoch 0:  71%|███████   | 1375/1935 [00:01<00:00, 709.57it/s]
Epoch 0:  71%|███████   | 1376/1935 [00:01<00:00, 709.63it/s]
Epoch 0:  71%|███████   | 1376/1935 [00:01<00:00, 709.57it/s]
Epoch 0:  71%|███████   | 1377/1935 [00:01<00:00, 709.64it/s]
Epoch 0:  71%|███████   | 1377/1935 [00:01<00:00, 709.57it/s]
Epoch 0:  71%|███████   | 1378/1935 [00:01<00:00, 709.64it/s]
Epoch 0:  71%|███████   | 1378/1935 [00:01<00:00, 709.58it/s]
Epoch 0:  71%|███████▏  | 1379/1935 [00:01<00:00, 709.65it/s]
Epoch 0:  71%|███████▏  | 1379/1935 [00:01<00:00, 709.58it/s]
Epoch 0:  71%|███████▏  | 1380/1935 [00:01<00:00, 709.66it/s]
Epoch 0:  71%|███████▏  | 1380/1935 [00:01<00:00, 709.60it/s]
Epoch 0:  71%|███████▏  | 1381/1935 [00:01<00:00, 709.66it/s]
Epoch 0:  71%|███████▏  | 1381/1935 [00:01<00:00, 709.59it/s]
Epoch 0:  71%|███████▏  | 1382/1935 [00:01<00:00, 709.66it/s]
Epoch 0:  71%|███████▏  | 1382/1935 [00:01<00:00, 709.60it/s]
Epoch 0:  71%|███████▏  | 1383/1935 [00:01<00:00, 709.66it/s]
Epoch 0:  71%|███████▏  | 1383/1935 [00:01<00:00, 709.60it/s]
Epoch 0:  72%|███████▏  | 1384/1935 [00:01<00:00, 709.67it/s]
Epoch 0:  72%|███████▏  | 1384/1935 [00:01<00:00, 709.60it/s]
Epoch 0:  72%|███████▏  | 1385/1935 [00:01<00:00, 709.67it/s]
Epoch 0:  72%|███████▏  | 1385/1935 [00:01<00:00, 709.61it/s]
Epoch 0:  72%|███████▏  | 1386/1935 [00:01<00:00, 709.67it/s]
Epoch 0:  72%|███████▏  | 1386/1935 [00:01<00:00, 709.60it/s]
Epoch 0:  72%|███████▏  | 1387/1935 [00:01<00:00, 709.67it/s]
Epoch 0:  72%|███████▏  | 1387/1935 [00:01<00:00, 709.61it/s]
Epoch 0:  72%|███████▏  | 1388/1935 [00:01<00:00, 709.67it/s]
Epoch 0:  72%|███████▏  | 1388/1935 [00:01<00:00, 709.61it/s]
Epoch 0:  72%|███████▏  | 1389/1935 [00:01<00:00, 709.69it/s]
Epoch 0:  72%|███████▏  | 1389/1935 [00:01<00:00, 709.62it/s]
Epoch 0:  72%|███████▏  | 1390/1935 [00:01<00:00, 709.70it/s]
Epoch 0:  72%|███████▏  | 1390/1935 [00:01<00:00, 709.63it/s]
Epoch 0:  72%|███████▏  | 1391/1935 [00:01<00:00, 709.70it/s]
Epoch 0:  72%|███████▏  | 1391/1935 [00:01<00:00, 709.64it/s]
Epoch 0:  72%|███████▏  | 1392/1935 [00:01<00:00, 709.70it/s]
Epoch 0:  72%|███████▏  | 1392/1935 [00:01<00:00, 709.64it/s]
Epoch 0:  72%|███████▏  | 1393/1935 [00:01<00:00, 709.70it/s]
Epoch 0:  72%|███████▏  | 1393/1935 [00:01<00:00, 709.64it/s]
Epoch 0:  72%|███████▏  | 1394/1935 [00:01<00:00, 709.70it/s]
Epoch 0:  72%|███████▏  | 1394/1935 [00:01<00:00, 709.64it/s]
Epoch 0:  72%|███████▏  | 1395/1935 [00:01<00:00, 709.71it/s]
Epoch 0:  72%|███████▏  | 1395/1935 [00:01<00:00, 709.65it/s]
Epoch 0:  72%|███████▏  | 1396/1935 [00:01<00:00, 709.72it/s]
Epoch 0:  72%|███████▏  | 1396/1935 [00:01<00:00, 709.66it/s]
Epoch 0:  72%|███████▏  | 1397/1935 [00:01<00:00, 709.73it/s]
Epoch 0:  72%|███████▏  | 1397/1935 [00:01<00:00, 709.66it/s]
Epoch 0:  72%|███████▏  | 1398/1935 [00:01<00:00, 709.73it/s]
Epoch 0:  72%|███████▏  | 1398/1935 [00:01<00:00, 709.67it/s]
Epoch 0:  72%|███████▏  | 1399/1935 [00:01<00:00, 709.74it/s]
Epoch 0:  72%|███████▏  | 1399/1935 [00:01<00:00, 709.68it/s]
Epoch 0:  72%|███████▏  | 1400/1935 [00:01<00:00, 709.75it/s]
Epoch 0:  72%|███████▏  | 1400/1935 [00:01<00:00, 709.68it/s]
Epoch 0:  72%|███████▏  | 1401/1935 [00:01<00:00, 709.75it/s]
Epoch 0:  72%|███████▏  | 1401/1935 [00:01<00:00, 709.69it/s]
Epoch 0:  72%|███████▏  | 1402/1935 [00:01<00:00, 709.76it/s]
Epoch 0:  72%|███████▏  | 1402/1935 [00:01<00:00, 709.69it/s]
Epoch 0:  73%|███████▎  | 1403/1935 [00:01<00:00, 709.76it/s]
Epoch 0:  73%|███████▎  | 1403/1935 [00:01<00:00, 709.70it/s]
Epoch 0:  73%|███████▎  | 1404/1935 [00:01<00:00, 709.77it/s]
Epoch 0:  73%|███████▎  | 1404/1935 [00:01<00:00, 709.71it/s]
Epoch 0:  73%|███████▎  | 1405/1935 [00:01<00:00, 709.78it/s]
Epoch 0:  73%|███████▎  | 1405/1935 [00:01<00:00, 709.72it/s]
Epoch 0:  73%|███████▎  | 1406/1935 [00:01<00:00, 709.79it/s]
Epoch 0:  73%|███████▎  | 1406/1935 [00:01<00:00, 709.73it/s]
Epoch 0:  73%|███████▎  | 1407/1935 [00:01<00:00, 709.80it/s]
Epoch 0:  73%|███████▎  | 1407/1935 [00:01<00:00, 709.74it/s]
Epoch 0:  73%|███████▎  | 1408/1935 [00:01<00:00, 709.79it/s]
Epoch 0:  73%|███████▎  | 1408/1935 [00:01<00:00, 709.73it/s]
Epoch 0:  73%|███████▎  | 1409/1935 [00:01<00:00, 709.79it/s]
Epoch 0:  73%|███████▎  | 1409/1935 [00:01<00:00, 709.73it/s]
Epoch 0:  73%|███████▎  | 1410/1935 [00:01<00:00, 709.79it/s]
Epoch 0:  73%|███████▎  | 1410/1935 [00:01<00:00, 709.72it/s]
Epoch 0:  73%|███████▎  | 1411/1935 [00:01<00:00, 709.79it/s]
Epoch 0:  73%|███████▎  | 1411/1935 [00:01<00:00, 709.72it/s]
Epoch 0:  73%|███████▎  | 1412/1935 [00:01<00:00, 709.79it/s]
Epoch 0:  73%|███████▎  | 1412/1935 [00:01<00:00, 709.73it/s]
Epoch 0:  73%|███████▎  | 1413/1935 [00:01<00:00, 709.78it/s]
Epoch 0:  73%|███████▎  | 1413/1935 [00:01<00:00, 709.72it/s]
Epoch 0:  73%|███████▎  | 1414/1935 [00:01<00:00, 709.79it/s]
Epoch 0:  73%|███████▎  | 1414/1935 [00:01<00:00, 709.73it/s]
Epoch 0:  73%|███████▎  | 1415/1935 [00:01<00:00, 709.80it/s]
Epoch 0:  73%|███████▎  | 1415/1935 [00:01<00:00, 709.74it/s]
Epoch 0:  73%|███████▎  | 1416/1935 [00:01<00:00, 709.80it/s]
Epoch 0:  73%|███████▎  | 1416/1935 [00:01<00:00, 709.74it/s]
Epoch 0:  73%|███████▎  | 1417/1935 [00:01<00:00, 709.79it/s]
Epoch 0:  73%|███████▎  | 1417/1935 [00:01<00:00, 709.73it/s]
Epoch 0:  73%|███████▎  | 1418/1935 [00:01<00:00, 709.80it/s]
Epoch 0:  73%|███████▎  | 1418/1935 [00:01<00:00, 709.73it/s]
Epoch 0:  73%|███████▎  | 1419/1935 [00:01<00:00, 709.81it/s]
Epoch 0:  73%|███████▎  | 1419/1935 [00:01<00:00, 709.74it/s]
Epoch 0:  73%|███████▎  | 1420/1935 [00:02<00:00, 709.82it/s]
Epoch 0:  73%|███████▎  | 1420/1935 [00:02<00:00, 709.76it/s]
Epoch 0:  73%|███████▎  | 1421/1935 [00:02<00:00, 709.82it/s]
Epoch 0:  73%|███████▎  | 1421/1935 [00:02<00:00, 709.76it/s]
Epoch 0:  73%|███████▎  | 1422/1935 [00:02<00:00, 709.84it/s]
Epoch 0:  73%|███████▎  | 1422/1935 [00:02<00:00, 709.77it/s]
Epoch 0:  74%|███████▎  | 1423/1935 [00:02<00:00, 709.78it/s]
Epoch 0:  74%|███████▎  | 1423/1935 [00:02<00:00, 709.72it/s]
Epoch 0:  74%|███████▎  | 1424/1935 [00:02<00:00, 709.79it/s]
Epoch 0:  74%|███████▎  | 1424/1935 [00:02<00:00, 709.73it/s]
Epoch 0:  74%|███████▎  | 1425/1935 [00:02<00:00, 709.80it/s]
Epoch 0:  74%|███████▎  | 1425/1935 [00:02<00:00, 709.74it/s]
Epoch 0:  74%|███████▎  | 1426/1935 [00:02<00:00, 709.81it/s]
Epoch 0:  74%|███████▎  | 1426/1935 [00:02<00:00, 709.74it/s]
Epoch 0:  74%|███████▎  | 1427/1935 [00:02<00:00, 709.82it/s]
Epoch 0:  74%|███████▎  | 1427/1935 [00:02<00:00, 709.76it/s]
Epoch 0:  74%|███████▍  | 1428/1935 [00:02<00:00, 709.83it/s]
Epoch 0:  74%|███████▍  | 1428/1935 [00:02<00:00, 709.77it/s]
Epoch 0:  74%|███████▍  | 1429/1935 [00:02<00:00, 709.84it/s]
Epoch 0:  74%|███████▍  | 1429/1935 [00:02<00:00, 709.77it/s]
Epoch 0:  74%|███████▍  | 1430/1935 [00:02<00:00, 709.85it/s]
Epoch 0:  74%|███████▍  | 1430/1935 [00:02<00:00, 709.78it/s]
Epoch 0:  74%|███████▍  | 1431/1935 [00:02<00:00, 709.86it/s]
Epoch 0:  74%|███████▍  | 1431/1935 [00:02<00:00, 709.80it/s]
Epoch 0:  74%|███████▍  | 1432/1935 [00:02<00:00, 709.86it/s]
Epoch 0:  74%|███████▍  | 1432/1935 [00:02<00:00, 709.80it/s]
Epoch 0:  74%|███████▍  | 1433/1935 [00:02<00:00, 709.86it/s]
Epoch 0:  74%|███████▍  | 1433/1935 [00:02<00:00, 709.80it/s]
Epoch 0:  74%|███████▍  | 1434/1935 [00:02<00:00, 709.87it/s]
Epoch 0:  74%|███████▍  | 1434/1935 [00:02<00:00, 709.81it/s]
Epoch 0:  74%|███████▍  | 1435/1935 [00:02<00:00, 709.87it/s]
Epoch 0:  74%|███████▍  | 1435/1935 [00:02<00:00, 709.81it/s]
Epoch 0:  74%|███████▍  | 1436/1935 [00:02<00:00, 709.88it/s]
Epoch 0:  74%|███████▍  | 1436/1935 [00:02<00:00, 709.82it/s]
Epoch 0:  74%|███████▍  | 1437/1935 [00:02<00:00, 709.88it/s]
Epoch 0:  74%|███████▍  | 1437/1935 [00:02<00:00, 709.82it/s]
Epoch 0:  74%|███████▍  | 1438/1935 [00:02<00:00, 709.89it/s]
Epoch 0:  74%|███████▍  | 1438/1935 [00:02<00:00, 709.83it/s]
Epoch 0:  74%|███████▍  | 1439/1935 [00:02<00:00, 709.89it/s]
Epoch 0:  74%|███████▍  | 1439/1935 [00:02<00:00, 709.84it/s]
Epoch 0:  74%|███████▍  | 1440/1935 [00:02<00:00, 709.90it/s]
Epoch 0:  74%|███████▍  | 1440/1935 [00:02<00:00, 709.84it/s]
Epoch 0:  74%|███████▍  | 1441/1935 [00:02<00:00, 709.90it/s]
Epoch 0:  74%|███████▍  | 1441/1935 [00:02<00:00, 709.84it/s]
Epoch 0:  75%|███████▍  | 1442/1935 [00:02<00:00, 709.90it/s]
Epoch 0:  75%|███████▍  | 1442/1935 [00:02<00:00, 709.84it/s]
Epoch 0:  75%|███████▍  | 1443/1935 [00:02<00:00, 709.91it/s]
Epoch 0:  75%|███████▍  | 1443/1935 [00:02<00:00, 709.85it/s]
Epoch 0:  75%|███████▍  | 1444/1935 [00:02<00:00, 709.91it/s]
Epoch 0:  75%|███████▍  | 1444/1935 [00:02<00:00, 709.86it/s]
Epoch 0:  75%|███████▍  | 1445/1935 [00:02<00:00, 709.92it/s]
Epoch 0:  75%|███████▍  | 1445/1935 [00:02<00:00, 709.86it/s]
Epoch 0:  75%|███████▍  | 1446/1935 [00:02<00:00, 709.93it/s]
Epoch 0:  75%|███████▍  | 1446/1935 [00:02<00:00, 709.86it/s]
Epoch 0:  75%|███████▍  | 1447/1935 [00:02<00:00, 709.93it/s]
Epoch 0:  75%|███████▍  | 1447/1935 [00:02<00:00, 709.87it/s]
Epoch 0:  75%|███████▍  | 1448/1935 [00:02<00:00, 709.94it/s]
Epoch 0:  75%|███████▍  | 1448/1935 [00:02<00:00, 709.88it/s]
Epoch 0:  75%|███████▍  | 1449/1935 [00:02<00:00, 709.93it/s]
Epoch 0:  75%|███████▍  | 1449/1935 [00:02<00:00, 709.87it/s]
Epoch 0:  75%|███████▍  | 1450/1935 [00:02<00:00, 709.93it/s]
Epoch 0:  75%|███████▍  | 1450/1935 [00:02<00:00, 709.87it/s]
Epoch 0:  75%|███████▍  | 1451/1935 [00:02<00:00, 709.94it/s]
Epoch 0:  75%|███████▍  | 1451/1935 [00:02<00:00, 709.87it/s]
Epoch 0:  75%|███████▌  | 1452/1935 [00:02<00:00, 709.94it/s]
Epoch 0:  75%|███████▌  | 1452/1935 [00:02<00:00, 709.88it/s]
Epoch 0:  75%|███████▌  | 1453/1935 [00:02<00:00, 709.95it/s]
Epoch 0:  75%|███████▌  | 1453/1935 [00:02<00:00, 709.88it/s]
Epoch 0:  75%|███████▌  | 1454/1935 [00:02<00:00, 709.95it/s]
Epoch 0:  75%|███████▌  | 1454/1935 [00:02<00:00, 709.89it/s]
Epoch 0:  75%|███████▌  | 1455/1935 [00:02<00:00, 709.94it/s]
Epoch 0:  75%|███████▌  | 1455/1935 [00:02<00:00, 709.88it/s]
Epoch 0:  75%|███████▌  | 1456/1935 [00:02<00:00, 709.93it/s]
Epoch 0:  75%|███████▌  | 1456/1935 [00:02<00:00, 709.88it/s]
Epoch 0:  75%|███████▌  | 1457/1935 [00:02<00:00, 709.95it/s]
Epoch 0:  75%|███████▌  | 1457/1935 [00:02<00:00, 709.89it/s]
Epoch 0:  75%|███████▌  | 1458/1935 [00:02<00:00, 709.96it/s]
Epoch 0:  75%|███████▌  | 1458/1935 [00:02<00:00, 709.90it/s]
Epoch 0:  75%|███████▌  | 1459/1935 [00:02<00:00, 709.97it/s]
Epoch 0:  75%|███████▌  | 1459/1935 [00:02<00:00, 709.91it/s]
Epoch 0:  75%|███████▌  | 1460/1935 [00:02<00:00, 709.98it/s]
Epoch 0:  75%|███████▌  | 1460/1935 [00:02<00:00, 709.93it/s]
Epoch 0:  76%|███████▌  | 1461/1935 [00:02<00:00, 710.00it/s]
Epoch 0:  76%|███████▌  | 1461/1935 [00:02<00:00, 709.94it/s]
Epoch 0:  76%|███████▌  | 1462/1935 [00:02<00:00, 710.01it/s]
Epoch 0:  76%|███████▌  | 1462/1935 [00:02<00:00, 709.95it/s]
Epoch 0:  76%|███████▌  | 1463/1935 [00:02<00:00, 710.03it/s]
Epoch 0:  76%|███████▌  | 1463/1935 [00:02<00:00, 709.97it/s]
Epoch 0:  76%|███████▌  | 1464/1935 [00:02<00:00, 710.03it/s]
Epoch 0:  76%|███████▌  | 1464/1935 [00:02<00:00, 709.98it/s]
Epoch 0:  76%|███████▌  | 1465/1935 [00:02<00:00, 710.06it/s]
Epoch 0:  76%|███████▌  | 1465/1935 [00:02<00:00, 710.00it/s]
Epoch 0:  76%|███████▌  | 1466/1935 [00:02<00:00, 710.07it/s]
Epoch 0:  76%|███████▌  | 1466/1935 [00:02<00:00, 710.00it/s]
Epoch 0:  76%|███████▌  | 1467/1935 [00:02<00:00, 710.08it/s]
Epoch 0:  76%|███████▌  | 1467/1935 [00:02<00:00, 710.02it/s]
Epoch 0:  76%|███████▌  | 1468/1935 [00:02<00:00, 710.09it/s]
Epoch 0:  76%|███████▌  | 1468/1935 [00:02<00:00, 710.04it/s]
Epoch 0:  76%|███████▌  | 1469/1935 [00:02<00:00, 710.09it/s]
Epoch 0:  76%|███████▌  | 1469/1935 [00:02<00:00, 710.03it/s]
Epoch 0:  76%|███████▌  | 1470/1935 [00:02<00:00, 710.10it/s]
Epoch 0:  76%|███████▌  | 1470/1935 [00:02<00:00, 710.04it/s]
Epoch 0:  76%|███████▌  | 1471/1935 [00:02<00:00, 710.10it/s]
Epoch 0:  76%|███████▌  | 1471/1935 [00:02<00:00, 710.04it/s]
Epoch 0:  76%|███████▌  | 1472/1935 [00:02<00:00, 710.10it/s]
Epoch 0:  76%|███████▌  | 1472/1935 [00:02<00:00, 710.05it/s]
Epoch 0:  76%|███████▌  | 1473/1935 [00:02<00:00, 710.12it/s]
Epoch 0:  76%|███████▌  | 1473/1935 [00:02<00:00, 710.06it/s]
Epoch 0:  76%|███████▌  | 1474/1935 [00:02<00:00, 710.13it/s]
Epoch 0:  76%|███████▌  | 1474/1935 [00:02<00:00, 710.06it/s]
Epoch 0:  76%|███████▌  | 1475/1935 [00:02<00:00, 710.13it/s]
Epoch 0:  76%|███████▌  | 1475/1935 [00:02<00:00, 710.07it/s]
Epoch 0:  76%|███████▋  | 1476/1935 [00:02<00:00, 710.14it/s]
Epoch 0:  76%|███████▋  | 1476/1935 [00:02<00:00, 710.08it/s]
Epoch 0:  76%|███████▋  | 1477/1935 [00:02<00:00, 710.14it/s]
Epoch 0:  76%|███████▋  | 1477/1935 [00:02<00:00, 710.08it/s]
Epoch 0:  76%|███████▋  | 1478/1935 [00:02<00:00, 710.15it/s]
Epoch 0:  76%|███████▋  | 1478/1935 [00:02<00:00, 710.09it/s]
Epoch 0:  76%|███████▋  | 1479/1935 [00:02<00:00, 710.15it/s]
Epoch 0:  76%|███████▋  | 1479/1935 [00:02<00:00, 710.09it/s]
Epoch 0:  76%|███████▋  | 1480/1935 [00:02<00:00, 710.16it/s]
Epoch 0:  76%|███████▋  | 1480/1935 [00:02<00:00, 710.11it/s]
Epoch 0:  77%|███████▋  | 1481/1935 [00:02<00:00, 710.18it/s]
Epoch 0:  77%|███████▋  | 1481/1935 [00:02<00:00, 710.12it/s]
Epoch 0:  77%|███████▋  | 1482/1935 [00:02<00:00, 710.18it/s]
Epoch 0:  77%|███████▋  | 1482/1935 [00:02<00:00, 710.12it/s]
Epoch 0:  77%|███████▋  | 1483/1935 [00:02<00:00, 710.14it/s]
Epoch 0:  77%|███████▋  | 1483/1935 [00:02<00:00, 710.08it/s]
Epoch 0:  77%|███████▋  | 1484/1935 [00:02<00:00, 710.13it/s]
Epoch 0:  77%|███████▋  | 1484/1935 [00:02<00:00, 710.08it/s]
Epoch 0:  77%|███████▋  | 1485/1935 [00:02<00:00, 710.15it/s]
Epoch 0:  77%|███████▋  | 1485/1935 [00:02<00:00, 710.09it/s]
Epoch 0:  77%|███████▋  | 1486/1935 [00:02<00:00, 710.16it/s]
Epoch 0:  77%|███████▋  | 1486/1935 [00:02<00:00, 710.11it/s]
Epoch 0:  77%|███████▋  | 1487/1935 [00:02<00:00, 710.17it/s]
Epoch 0:  77%|███████▋  | 1487/1935 [00:02<00:00, 710.11it/s]
Epoch 0:  77%|███████▋  | 1488/1935 [00:02<00:00, 710.18it/s]
Epoch 0:  77%|███████▋  | 1488/1935 [00:02<00:00, 710.12it/s]
Epoch 0:  77%|███████▋  | 1489/1935 [00:02<00:00, 710.19it/s]
Epoch 0:  77%|███████▋  | 1489/1935 [00:02<00:00, 710.14it/s]
Epoch 0:  77%|███████▋  | 1490/1935 [00:02<00:00, 710.18it/s]
Epoch 0:  77%|███████▋  | 1490/1935 [00:02<00:00, 710.13it/s]
Epoch 0:  77%|███████▋  | 1491/1935 [00:02<00:00, 710.20it/s]
Epoch 0:  77%|███████▋  | 1491/1935 [00:02<00:00, 710.14it/s]
Epoch 0:  77%|███████▋  | 1492/1935 [00:02<00:00, 710.20it/s]
Epoch 0:  77%|███████▋  | 1492/1935 [00:02<00:00, 710.15it/s]
Epoch 0:  77%|███████▋  | 1493/1935 [00:02<00:00, 710.21it/s]
Epoch 0:  77%|███████▋  | 1493/1935 [00:02<00:00, 710.15it/s]
Epoch 0:  77%|███████▋  | 1494/1935 [00:02<00:00, 710.21it/s]
Epoch 0:  77%|███████▋  | 1494/1935 [00:02<00:00, 710.15it/s]
Epoch 0:  77%|███████▋  | 1495/1935 [00:02<00:00, 710.20it/s]
Epoch 0:  77%|███████▋  | 1495/1935 [00:02<00:00, 710.15it/s]
Epoch 0:  77%|███████▋  | 1496/1935 [00:02<00:00, 710.21it/s]
Epoch 0:  77%|███████▋  | 1496/1935 [00:02<00:00, 710.16it/s]
Epoch 0:  77%|███████▋  | 1497/1935 [00:02<00:00, 710.21it/s]
Epoch 0:  77%|███████▋  | 1497/1935 [00:02<00:00, 710.15it/s]
Epoch 0:  77%|███████▋  | 1498/1935 [00:02<00:00, 710.21it/s]
Epoch 0:  77%|███████▋  | 1498/1935 [00:02<00:00, 710.15it/s]
Epoch 0:  77%|███████▋  | 1499/1935 [00:02<00:00, 710.22it/s]
Epoch 0:  77%|███████▋  | 1499/1935 [00:02<00:00, 710.16it/s]
Epoch 0:  78%|███████▊  | 1500/1935 [00:02<00:00, 710.00it/s]
Epoch 0:  78%|███████▊  | 1500/1935 [00:02<00:00, 709.94it/s]
Epoch 0:  78%|███████▊  | 1501/1935 [00:02<00:00, 710.01it/s]
Epoch 0:  78%|███████▊  | 1501/1935 [00:02<00:00, 709.95it/s]
Epoch 0:  78%|███████▊  | 1502/1935 [00:02<00:00, 710.02it/s]
Epoch 0:  78%|███████▊  | 1502/1935 [00:02<00:00, 709.96it/s]
Epoch 0:  78%|███████▊  | 1503/1935 [00:02<00:00, 710.02it/s]
Epoch 0:  78%|███████▊  | 1503/1935 [00:02<00:00, 709.96it/s]
Epoch 0:  78%|███████▊  | 1504/1935 [00:02<00:00, 710.02it/s]
Epoch 0:  78%|███████▊  | 1504/1935 [00:02<00:00, 709.97it/s]
Epoch 0:  78%|███████▊  | 1505/1935 [00:02<00:00, 710.02it/s]
Epoch 0:  78%|███████▊  | 1505/1935 [00:02<00:00, 709.96it/s]
Epoch 0:  78%|███████▊  | 1506/1935 [00:02<00:00, 710.02it/s]
Epoch 0:  78%|███████▊  | 1506/1935 [00:02<00:00, 709.96it/s]
Epoch 0:  78%|███████▊  | 1507/1935 [00:02<00:00, 710.03it/s]
Epoch 0:  78%|███████▊  | 1507/1935 [00:02<00:00, 709.97it/s]
Epoch 0:  78%|███████▊  | 1508/1935 [00:02<00:00, 710.03it/s]
Epoch 0:  78%|███████▊  | 1508/1935 [00:02<00:00, 709.97it/s]
Epoch 0:  78%|███████▊  | 1509/1935 [00:02<00:00, 710.04it/s]
Epoch 0:  78%|███████▊  | 1509/1935 [00:02<00:00, 709.98it/s]
Epoch 0:  78%|███████▊  | 1510/1935 [00:02<00:00, 710.04it/s]
Epoch 0:  78%|███████▊  | 1510/1935 [00:02<00:00, 709.98it/s]
Epoch 0:  78%|███████▊  | 1511/1935 [00:02<00:00, 710.04it/s]
Epoch 0:  78%|███████▊  | 1511/1935 [00:02<00:00, 709.98it/s]
Epoch 0:  78%|███████▊  | 1512/1935 [00:02<00:00, 710.05it/s]
Epoch 0:  78%|███████▊  | 1512/1935 [00:02<00:00, 709.99it/s]
Epoch 0:  78%|███████▊  | 1513/1935 [00:02<00:00, 710.06it/s]
Epoch 0:  78%|███████▊  | 1513/1935 [00:02<00:00, 710.00it/s]
Epoch 0:  78%|███████▊  | 1514/1935 [00:02<00:00, 710.07it/s]
Epoch 0:  78%|███████▊  | 1514/1935 [00:02<00:00, 710.01it/s]
Epoch 0:  78%|███████▊  | 1515/1935 [00:02<00:00, 710.08it/s]
Epoch 0:  78%|███████▊  | 1515/1935 [00:02<00:00, 710.02it/s]
Epoch 0:  78%|███████▊  | 1516/1935 [00:02<00:00, 710.08it/s]
Epoch 0:  78%|███████▊  | 1516/1935 [00:02<00:00, 710.02it/s]
Epoch 0:  78%|███████▊  | 1517/1935 [00:02<00:00, 710.09it/s]
Epoch 0:  78%|███████▊  | 1517/1935 [00:02<00:00, 710.03it/s]
Epoch 0:  78%|███████▊  | 1518/1935 [00:02<00:00, 710.09it/s]
Epoch 0:  78%|███████▊  | 1518/1935 [00:02<00:00, 710.04it/s]
Epoch 0:  79%|███████▊  | 1519/1935 [00:02<00:00, 710.09it/s]
Epoch 0:  79%|███████▊  | 1519/1935 [00:02<00:00, 710.03it/s]
Epoch 0:  79%|███████▊  | 1520/1935 [00:02<00:00, 710.10it/s]
Epoch 0:  79%|███████▊  | 1520/1935 [00:02<00:00, 710.05it/s]
Epoch 0:  79%|███████▊  | 1521/1935 [00:02<00:00, 710.12it/s]
Epoch 0:  79%|███████▊  | 1521/1935 [00:02<00:00, 710.07it/s]
Epoch 0:  79%|███████▊  | 1522/1935 [00:02<00:00, 710.13it/s]
Epoch 0:  79%|███████▊  | 1522/1935 [00:02<00:00, 710.07it/s]
Epoch 0:  79%|███████▊  | 1523/1935 [00:02<00:00, 710.13it/s]
Epoch 0:  79%|███████▊  | 1523/1935 [00:02<00:00, 710.07it/s]
Epoch 0:  79%|███████▉  | 1524/1935 [00:02<00:00, 710.14it/s]
Epoch 0:  79%|███████▉  | 1524/1935 [00:02<00:00, 710.08it/s]
Epoch 0:  79%|███████▉  | 1525/1935 [00:02<00:00, 710.14it/s]
Epoch 0:  79%|███████▉  | 1525/1935 [00:02<00:00, 710.08it/s]
Epoch 0:  79%|███████▉  | 1526/1935 [00:02<00:00, 710.13it/s]
Epoch 0:  79%|███████▉  | 1526/1935 [00:02<00:00, 710.08it/s]
Epoch 0:  79%|███████▉  | 1527/1935 [00:02<00:00, 710.14it/s]
Epoch 0:  79%|███████▉  | 1527/1935 [00:02<00:00, 710.08it/s]
Epoch 0:  79%|███████▉  | 1528/1935 [00:02<00:00, 710.15it/s]
Epoch 0:  79%|███████▉  | 1528/1935 [00:02<00:00, 710.10it/s]
Epoch 0:  79%|███████▉  | 1529/1935 [00:02<00:00, 710.17it/s]
Epoch 0:  79%|███████▉  | 1529/1935 [00:02<00:00, 710.11it/s]
Epoch 0:  79%|███████▉  | 1530/1935 [00:02<00:00, 710.18it/s]
Epoch 0:  79%|███████▉  | 1530/1935 [00:02<00:00, 710.12it/s]
Epoch 0:  79%|███████▉  | 1531/1935 [00:02<00:00, 710.18it/s]
Epoch 0:  79%|███████▉  | 1531/1935 [00:02<00:00, 710.12it/s]
Epoch 0:  79%|███████▉  | 1532/1935 [00:02<00:00, 710.18it/s]
Epoch 0:  79%|███████▉  | 1532/1935 [00:02<00:00, 710.12it/s]
Epoch 0:  79%|███████▉  | 1533/1935 [00:02<00:00, 710.19it/s]
Epoch 0:  79%|███████▉  | 1533/1935 [00:02<00:00, 710.13it/s]
Epoch 0:  79%|███████▉  | 1534/1935 [00:02<00:00, 710.19it/s]
Epoch 0:  79%|███████▉  | 1534/1935 [00:02<00:00, 710.14it/s]
Epoch 0:  79%|███████▉  | 1535/1935 [00:02<00:00, 710.20it/s]
Epoch 0:  79%|███████▉  | 1535/1935 [00:02<00:00, 710.14it/s]
Epoch 0:  79%|███████▉  | 1536/1935 [00:02<00:00, 710.19it/s]
Epoch 0:  79%|███████▉  | 1536/1935 [00:02<00:00, 710.14it/s]
Epoch 0:  79%|███████▉  | 1537/1935 [00:02<00:00, 710.21it/s]
Epoch 0:  79%|███████▉  | 1537/1935 [00:02<00:00, 710.15it/s]
Epoch 0:  79%|███████▉  | 1538/1935 [00:02<00:00, 710.21it/s]
Epoch 0:  79%|███████▉  | 1538/1935 [00:02<00:00, 710.15it/s]
Epoch 0:  80%|███████▉  | 1539/1935 [00:02<00:00, 710.22it/s]
Epoch 0:  80%|███████▉  | 1539/1935 [00:02<00:00, 710.16it/s]
Epoch 0:  80%|███████▉  | 1540/1935 [00:02<00:00, 710.22it/s]
Epoch 0:  80%|███████▉  | 1540/1935 [00:02<00:00, 710.17it/s]
Epoch 0:  80%|███████▉  | 1541/1935 [00:02<00:00, 710.23it/s]
Epoch 0:  80%|███████▉  | 1541/1935 [00:02<00:00, 710.18it/s]
Epoch 0:  80%|███████▉  | 1542/1935 [00:02<00:00, 710.24it/s]
Epoch 0:  80%|███████▉  | 1542/1935 [00:02<00:00, 710.19it/s]
Epoch 0:  80%|███████▉  | 1543/1935 [00:02<00:00, 710.20it/s]
Epoch 0:  80%|███████▉  | 1543/1935 [00:02<00:00, 710.14it/s]
Epoch 0:  80%|███████▉  | 1544/1935 [00:02<00:00, 710.20it/s]
Epoch 0:  80%|███████▉  | 1544/1935 [00:02<00:00, 710.15it/s]
Epoch 0:  80%|███████▉  | 1545/1935 [00:02<00:00, 710.22it/s]
Epoch 0:  80%|███████▉  | 1545/1935 [00:02<00:00, 710.16it/s]
Epoch 0:  80%|███████▉  | 1546/1935 [00:02<00:00, 710.22it/s]
Epoch 0:  80%|███████▉  | 1546/1935 [00:02<00:00, 710.16it/s]
Epoch 0:  80%|███████▉  | 1547/1935 [00:02<00:00, 710.23it/s]
Epoch 0:  80%|███████▉  | 1547/1935 [00:02<00:00, 710.17it/s]
Epoch 0:  80%|████████  | 1548/1935 [00:02<00:00, 710.23it/s]
Epoch 0:  80%|████████  | 1548/1935 [00:02<00:00, 710.18it/s]
Epoch 0:  80%|████████  | 1549/1935 [00:02<00:00, 710.24it/s]
Epoch 0:  80%|████████  | 1549/1935 [00:02<00:00, 710.19it/s]
Epoch 0:  80%|████████  | 1550/1935 [00:02<00:00, 710.25it/s]
Epoch 0:  80%|████████  | 1550/1935 [00:02<00:00, 710.20it/s]
Epoch 0:  80%|████████  | 1551/1935 [00:02<00:00, 710.25it/s]
Epoch 0:  80%|████████  | 1551/1935 [00:02<00:00, 710.19it/s]
Epoch 0:  80%|████████  | 1552/1935 [00:02<00:00, 710.25it/s]
Epoch 0:  80%|████████  | 1552/1935 [00:02<00:00, 710.20it/s]
Epoch 0:  80%|████████  | 1553/1935 [00:02<00:00, 710.27it/s]
Epoch 0:  80%|████████  | 1553/1935 [00:02<00:00, 710.21it/s]
Epoch 0:  80%|████████  | 1554/1935 [00:02<00:00, 710.27it/s]
Epoch 0:  80%|████████  | 1554/1935 [00:02<00:00, 710.21it/s]
Epoch 0:  80%|████████  | 1555/1935 [00:02<00:00, 710.28it/s]
Epoch 0:  80%|████████  | 1555/1935 [00:02<00:00, 710.22it/s]
Epoch 0:  80%|████████  | 1556/1935 [00:02<00:00, 710.28it/s]
Epoch 0:  80%|████████  | 1556/1935 [00:02<00:00, 710.23it/s]
Epoch 0:  80%|████████  | 1557/1935 [00:02<00:00, 710.28it/s]
Epoch 0:  80%|████████  | 1557/1935 [00:02<00:00, 710.23it/s]
Epoch 0:  81%|████████  | 1558/1935 [00:02<00:00, 710.29it/s]
Epoch 0:  81%|████████  | 1558/1935 [00:02<00:00, 710.24it/s]
Epoch 0:  81%|████████  | 1559/1935 [00:02<00:00, 710.29it/s]
Epoch 0:  81%|████████  | 1559/1935 [00:02<00:00, 710.24it/s]
Epoch 0:  81%|████████  | 1560/1935 [00:02<00:00, 710.29it/s]
Epoch 0:  81%|████████  | 1560/1935 [00:02<00:00, 710.24it/s]
Epoch 0:  81%|████████  | 1561/1935 [00:02<00:00, 710.30it/s]
Epoch 0:  81%|████████  | 1561/1935 [00:02<00:00, 710.24it/s]
Epoch 0:  81%|████████  | 1562/1935 [00:02<00:00, 710.30it/s]
Epoch 0:  81%|████████  | 1562/1935 [00:02<00:00, 710.24it/s]
Epoch 0:  81%|████████  | 1563/1935 [00:02<00:00, 710.31it/s]
Epoch 0:  81%|████████  | 1563/1935 [00:02<00:00, 710.25it/s]
Epoch 0:  81%|████████  | 1564/1935 [00:02<00:00, 710.31it/s]
Epoch 0:  81%|████████  | 1564/1935 [00:02<00:00, 710.26it/s]
Epoch 0:  81%|████████  | 1565/1935 [00:02<00:00, 710.31it/s]
Epoch 0:  81%|████████  | 1565/1935 [00:02<00:00, 710.25it/s]
Epoch 0:  81%|████████  | 1566/1935 [00:02<00:00, 710.32it/s]
Epoch 0:  81%|████████  | 1566/1935 [00:02<00:00, 710.26it/s]
Epoch 0:  81%|████████  | 1567/1935 [00:02<00:00, 710.32it/s]
Epoch 0:  81%|████████  | 1567/1935 [00:02<00:00, 710.27it/s]
Epoch 0:  81%|████████  | 1568/1935 [00:02<00:00, 710.33it/s]
Epoch 0:  81%|████████  | 1568/1935 [00:02<00:00, 710.28it/s]
Epoch 0:  81%|████████  | 1569/1935 [00:02<00:00, 710.34it/s]
Epoch 0:  81%|████████  | 1569/1935 [00:02<00:00, 710.28it/s]
Epoch 0:  81%|████████  | 1570/1935 [00:02<00:00, 710.34it/s]
Epoch 0:  81%|████████  | 1570/1935 [00:02<00:00, 710.28it/s]
Epoch 0:  81%|████████  | 1571/1935 [00:02<00:00, 710.35it/s]
Epoch 0:  81%|████████  | 1571/1935 [00:02<00:00, 710.29it/s]
Epoch 0:  81%|████████  | 1572/1935 [00:02<00:00, 710.35it/s]
Epoch 0:  81%|████████  | 1572/1935 [00:02<00:00, 710.29it/s]
Epoch 0:  81%|████████▏ | 1573/1935 [00:02<00:00, 710.34it/s]
Epoch 0:  81%|████████▏ | 1573/1935 [00:02<00:00, 710.29it/s]
Epoch 0:  81%|████████▏ | 1574/1935 [00:02<00:00, 710.35it/s]
Epoch 0:  81%|████████▏ | 1574/1935 [00:02<00:00, 710.29it/s]
Epoch 0:  81%|████████▏ | 1575/1935 [00:02<00:00, 710.35it/s]
Epoch 0:  81%|████████▏ | 1575/1935 [00:02<00:00, 710.30it/s]
Epoch 0:  81%|████████▏ | 1576/1935 [00:02<00:00, 710.36it/s]
Epoch 0:  81%|████████▏ | 1576/1935 [00:02<00:00, 710.30it/s]
Epoch 0:  81%|████████▏ | 1577/1935 [00:02<00:00, 710.36it/s]
Epoch 0:  81%|████████▏ | 1577/1935 [00:02<00:00, 710.30it/s]
Epoch 0:  82%|████████▏ | 1578/1935 [00:02<00:00, 710.36it/s]
Epoch 0:  82%|████████▏ | 1578/1935 [00:02<00:00, 710.30it/s]
Epoch 0:  82%|████████▏ | 1579/1935 [00:02<00:00, 710.36it/s]
Epoch 0:  82%|████████▏ | 1579/1935 [00:02<00:00, 710.30it/s]
Epoch 0:  82%|████████▏ | 1580/1935 [00:02<00:00, 710.36it/s]
Epoch 0:  82%|████████▏ | 1580/1935 [00:02<00:00, 710.31it/s]
Epoch 0:  82%|████████▏ | 1581/1935 [00:02<00:00, 710.37it/s]
Epoch 0:  82%|████████▏ | 1581/1935 [00:02<00:00, 710.32it/s]
Epoch 0:  82%|████████▏ | 1582/1935 [00:02<00:00, 710.38it/s]
Epoch 0:  82%|████████▏ | 1582/1935 [00:02<00:00, 710.33it/s]
Epoch 0:  82%|████████▏ | 1583/1935 [00:02<00:00, 710.39it/s]
Epoch 0:  82%|████████▏ | 1583/1935 [00:02<00:00, 710.34it/s]
Epoch 0:  82%|████████▏ | 1584/1935 [00:02<00:00, 710.40it/s]
Epoch 0:  82%|████████▏ | 1584/1935 [00:02<00:00, 710.35it/s]
Epoch 0:  82%|████████▏ | 1585/1935 [00:02<00:00, 710.41it/s]
Epoch 0:  82%|████████▏ | 1585/1935 [00:02<00:00, 710.36it/s]
Epoch 0:  82%|████████▏ | 1586/1935 [00:02<00:00, 710.41it/s]
Epoch 0:  82%|████████▏ | 1586/1935 [00:02<00:00, 710.36it/s]
Epoch 0:  82%|████████▏ | 1587/1935 [00:02<00:00, 710.42it/s]
Epoch 0:  82%|████████▏ | 1587/1935 [00:02<00:00, 710.36it/s]
Epoch 0:  82%|████████▏ | 1588/1935 [00:02<00:00, 710.42it/s]
Epoch 0:  82%|████████▏ | 1588/1935 [00:02<00:00, 710.37it/s]
Epoch 0:  82%|████████▏ | 1589/1935 [00:02<00:00, 710.42it/s]
Epoch 0:  82%|████████▏ | 1589/1935 [00:02<00:00, 710.36it/s]
Epoch 0:  82%|████████▏ | 1590/1935 [00:02<00:00, 710.43it/s]
Epoch 0:  82%|████████▏ | 1590/1935 [00:02<00:00, 710.38it/s]
Epoch 0:  82%|████████▏ | 1591/1935 [00:02<00:00, 710.44it/s]
Epoch 0:  82%|████████▏ | 1591/1935 [00:02<00:00, 710.38it/s]
Epoch 0:  82%|████████▏ | 1592/1935 [00:02<00:00, 710.44it/s]
Epoch 0:  82%|████████▏ | 1592/1935 [00:02<00:00, 710.39it/s]
Epoch 0:  82%|████████▏ | 1593/1935 [00:02<00:00, 710.45it/s]
Epoch 0:  82%|████████▏ | 1593/1935 [00:02<00:00, 710.40it/s]
Epoch 0:  82%|████████▏ | 1594/1935 [00:02<00:00, 710.46it/s]
Epoch 0:  82%|████████▏ | 1594/1935 [00:02<00:00, 710.40it/s]
Epoch 0:  82%|████████▏ | 1595/1935 [00:02<00:00, 710.46it/s]
Epoch 0:  82%|████████▏ | 1595/1935 [00:02<00:00, 710.40it/s]
Epoch 0:  82%|████████▏ | 1596/1935 [00:02<00:00, 710.46it/s]
Epoch 0:  82%|████████▏ | 1596/1935 [00:02<00:00, 710.41it/s]
Epoch 0:  83%|████████▎ | 1597/1935 [00:02<00:00, 710.47it/s]
Epoch 0:  83%|████████▎ | 1597/1935 [00:02<00:00, 710.42it/s]
Epoch 0:  83%|████████▎ | 1598/1935 [00:02<00:00, 710.47it/s]
Epoch 0:  83%|████████▎ | 1598/1935 [00:02<00:00, 710.42it/s]
Epoch 0:  83%|████████▎ | 1599/1935 [00:02<00:00, 710.48it/s]
Epoch 0:  83%|████████▎ | 1599/1935 [00:02<00:00, 710.42it/s]
Epoch 0:  83%|████████▎ | 1600/1935 [00:02<00:00, 710.48it/s]
Epoch 0:  83%|████████▎ | 1600/1935 [00:02<00:00, 710.43it/s]
Epoch 0:  83%|████████▎ | 1601/1935 [00:02<00:00, 710.49it/s]
Epoch 0:  83%|████████▎ | 1601/1935 [00:02<00:00, 710.44it/s]
Epoch 0:  83%|████████▎ | 1602/1935 [00:02<00:00, 710.49it/s]
Epoch 0:  83%|████████▎ | 1602/1935 [00:02<00:00, 710.44it/s]
Epoch 0:  83%|████████▎ | 1603/1935 [00:02<00:00, 710.45it/s]
Epoch 0:  83%|████████▎ | 1603/1935 [00:02<00:00, 710.40it/s]
Epoch 0:  83%|████████▎ | 1604/1935 [00:02<00:00, 710.45it/s]
Epoch 0:  83%|████████▎ | 1604/1935 [00:02<00:00, 710.40it/s]
Epoch 0:  83%|████████▎ | 1605/1935 [00:02<00:00, 710.46it/s]
Epoch 0:  83%|████████▎ | 1605/1935 [00:02<00:00, 710.41it/s]
Epoch 0:  83%|████████▎ | 1606/1935 [00:02<00:00, 710.47it/s]
Epoch 0:  83%|████████▎ | 1606/1935 [00:02<00:00, 710.42it/s]
Epoch 0:  83%|████████▎ | 1607/1935 [00:02<00:00, 710.48it/s]
Epoch 0:  83%|████████▎ | 1607/1935 [00:02<00:00, 710.43it/s]
Epoch 0:  83%|████████▎ | 1608/1935 [00:02<00:00, 710.49it/s]
Epoch 0:  83%|████████▎ | 1608/1935 [00:02<00:00, 710.44it/s]
Epoch 0:  83%|████████▎ | 1609/1935 [00:02<00:00, 710.49it/s]
Epoch 0:  83%|████████▎ | 1609/1935 [00:02<00:00, 710.43it/s]
Epoch 0:  83%|████████▎ | 1610/1935 [00:02<00:00, 710.49it/s]
Epoch 0:  83%|████████▎ | 1610/1935 [00:02<00:00, 710.43it/s]
Epoch 0:  83%|████████▎ | 1611/1935 [00:02<00:00, 710.49it/s]
Epoch 0:  83%|████████▎ | 1611/1935 [00:02<00:00, 710.43it/s]
Epoch 0:  83%|████████▎ | 1612/1935 [00:02<00:00, 710.49it/s]
Epoch 0:  83%|████████▎ | 1612/1935 [00:02<00:00, 710.43it/s]
Epoch 0:  83%|████████▎ | 1613/1935 [00:02<00:00, 710.49it/s]
Epoch 0:  83%|████████▎ | 1613/1935 [00:02<00:00, 710.43it/s]
Epoch 0:  83%|████████▎ | 1614/1935 [00:02<00:00, 710.49it/s]
Epoch 0:  83%|████████▎ | 1614/1935 [00:02<00:00, 710.43it/s]
Epoch 0:  83%|████████▎ | 1615/1935 [00:02<00:00, 710.49it/s]
Epoch 0:  83%|████████▎ | 1615/1935 [00:02<00:00, 710.43it/s]
Epoch 0:  84%|████████▎ | 1616/1935 [00:02<00:00, 710.49it/s]
Epoch 0:  84%|████████▎ | 1616/1935 [00:02<00:00, 710.45it/s]
Epoch 0:  84%|████████▎ | 1617/1935 [00:02<00:00, 710.51it/s]
Epoch 0:  84%|████████▎ | 1617/1935 [00:02<00:00, 710.46it/s]
Epoch 0:  84%|████████▎ | 1618/1935 [00:02<00:00, 710.52it/s]
Epoch 0:  84%|████████▎ | 1618/1935 [00:02<00:00, 710.46it/s]
Epoch 0:  84%|████████▎ | 1619/1935 [00:02<00:00, 710.53it/s]
Epoch 0:  84%|████████▎ | 1619/1935 [00:02<00:00, 710.47it/s]
Epoch 0:  84%|████████▎ | 1620/1935 [00:02<00:00, 710.53it/s]
Epoch 0:  84%|████████▎ | 1620/1935 [00:02<00:00, 710.48it/s]
Epoch 0:  84%|████████▍ | 1621/1935 [00:02<00:00, 710.54it/s]
Epoch 0:  84%|████████▍ | 1621/1935 [00:02<00:00, 710.48it/s]
Epoch 0:  84%|████████▍ | 1622/1935 [00:02<00:00, 710.54it/s]
Epoch 0:  84%|████████▍ | 1622/1935 [00:02<00:00, 710.49it/s]
Epoch 0:  84%|████████▍ | 1623/1935 [00:02<00:00, 710.55it/s]
Epoch 0:  84%|████████▍ | 1623/1935 [00:02<00:00, 710.49it/s]
Epoch 0:  84%|████████▍ | 1624/1935 [00:02<00:00, 710.56it/s]
Epoch 0:  84%|████████▍ | 1624/1935 [00:02<00:00, 710.51it/s]
Epoch 0:  84%|████████▍ | 1625/1935 [00:02<00:00, 710.57it/s]
Epoch 0:  84%|████████▍ | 1625/1935 [00:02<00:00, 710.52it/s]
Epoch 0:  84%|████████▍ | 1626/1935 [00:02<00:00, 710.58it/s]
Epoch 0:  84%|████████▍ | 1626/1935 [00:02<00:00, 710.52it/s]
Epoch 0:  84%|████████▍ | 1627/1935 [00:02<00:00, 710.58it/s]
Epoch 0:  84%|████████▍ | 1627/1935 [00:02<00:00, 710.52it/s]
Epoch 0:  84%|████████▍ | 1628/1935 [00:02<00:00, 710.58it/s]
Epoch 0:  84%|████████▍ | 1628/1935 [00:02<00:00, 710.54it/s]
Epoch 0:  84%|████████▍ | 1629/1935 [00:02<00:00, 710.60it/s]
Epoch 0:  84%|████████▍ | 1629/1935 [00:02<00:00, 710.54it/s]
Epoch 0:  84%|████████▍ | 1630/1935 [00:02<00:00, 710.60it/s]
Epoch 0:  84%|████████▍ | 1630/1935 [00:02<00:00, 710.55it/s]
Epoch 0:  84%|████████▍ | 1631/1935 [00:02<00:00, 710.61it/s]
Epoch 0:  84%|████████▍ | 1631/1935 [00:02<00:00, 710.55it/s]
Epoch 0:  84%|████████▍ | 1632/1935 [00:02<00:00, 710.60it/s]
Epoch 0:  84%|████████▍ | 1632/1935 [00:02<00:00, 710.55it/s]
Epoch 0:  84%|████████▍ | 1633/1935 [00:02<00:00, 710.61it/s]
Epoch 0:  84%|████████▍ | 1633/1935 [00:02<00:00, 710.56it/s]
Epoch 0:  84%|████████▍ | 1634/1935 [00:02<00:00, 710.61it/s]
Epoch 0:  84%|████████▍ | 1634/1935 [00:02<00:00, 710.55it/s]
Epoch 0:  84%|████████▍ | 1635/1935 [00:02<00:00, 710.60it/s]
Epoch 0:  84%|████████▍ | 1635/1935 [00:02<00:00, 710.55it/s]
Epoch 0:  85%|████████▍ | 1636/1935 [00:02<00:00, 710.61it/s]
Epoch 0:  85%|████████▍ | 1636/1935 [00:02<00:00, 710.56it/s]
Epoch 0:  85%|████████▍ | 1637/1935 [00:02<00:00, 710.62it/s]
Epoch 0:  85%|████████▍ | 1637/1935 [00:02<00:00, 710.56it/s]
Epoch 0:  85%|████████▍ | 1638/1935 [00:02<00:00, 710.62it/s]
Epoch 0:  85%|████████▍ | 1638/1935 [00:02<00:00, 710.57it/s]
Epoch 0:  85%|████████▍ | 1639/1935 [00:02<00:00, 710.63it/s]
Epoch 0:  85%|████████▍ | 1639/1935 [00:02<00:00, 710.57it/s]
Epoch 0:  85%|████████▍ | 1640/1935 [00:02<00:00, 710.63it/s]
Epoch 0:  85%|████████▍ | 1640/1935 [00:02<00:00, 710.58it/s]
Epoch 0:  85%|████████▍ | 1641/1935 [00:02<00:00, 710.64it/s]
Epoch 0:  85%|████████▍ | 1641/1935 [00:02<00:00, 710.59it/s]
Epoch 0:  85%|████████▍ | 1642/1935 [00:02<00:00, 710.64it/s]
Epoch 0:  85%|████████▍ | 1642/1935 [00:02<00:00, 710.58it/s]
Epoch 0:  85%|████████▍ | 1643/1935 [00:02<00:00, 710.64it/s]
Epoch 0:  85%|████████▍ | 1643/1935 [00:02<00:00, 710.59it/s]
Epoch 0:  85%|████████▍ | 1644/1935 [00:02<00:00, 710.65it/s]
Epoch 0:  85%|████████▍ | 1644/1935 [00:02<00:00, 710.60it/s]
Epoch 0:  85%|████████▌ | 1645/1935 [00:02<00:00, 710.66it/s]
Epoch 0:  85%|████████▌ | 1645/1935 [00:02<00:00, 710.61it/s]
Epoch 0:  85%|████████▌ | 1646/1935 [00:02<00:00, 710.67it/s]
Epoch 0:  85%|████████▌ | 1646/1935 [00:02<00:00, 710.62it/s]
Epoch 0:  85%|████████▌ | 1647/1935 [00:02<00:00, 710.67it/s]
Epoch 0:  85%|████████▌ | 1647/1935 [00:02<00:00, 710.61it/s]
Epoch 0:  85%|████████▌ | 1648/1935 [00:02<00:00, 710.67it/s]
Epoch 0:  85%|████████▌ | 1648/1935 [00:02<00:00, 710.62it/s]
Epoch 0:  85%|████████▌ | 1649/1935 [00:02<00:00, 710.68it/s]
Epoch 0:  85%|████████▌ | 1649/1935 [00:02<00:00, 710.63it/s]
Epoch 0:  85%|████████▌ | 1650/1935 [00:02<00:00, 710.68it/s]
Epoch 0:  85%|████████▌ | 1650/1935 [00:02<00:00, 710.62it/s]
Epoch 0:  85%|████████▌ | 1651/1935 [00:02<00:00, 710.68it/s]
Epoch 0:  85%|████████▌ | 1651/1935 [00:02<00:00, 710.63it/s]
Epoch 0:  85%|████████▌ | 1652/1935 [00:02<00:00, 710.68it/s]
Epoch 0:  85%|████████▌ | 1652/1935 [00:02<00:00, 710.62it/s]
Epoch 0:  85%|████████▌ | 1653/1935 [00:02<00:00, 710.68it/s]
Epoch 0:  85%|████████▌ | 1653/1935 [00:02<00:00, 710.63it/s]
Epoch 0:  85%|████████▌ | 1654/1935 [00:02<00:00, 710.70it/s]
Epoch 0:  85%|████████▌ | 1654/1935 [00:02<00:00, 710.65it/s]
Epoch 0:  86%|████████▌ | 1655/1935 [00:02<00:00, 710.71it/s]
Epoch 0:  86%|████████▌ | 1655/1935 [00:02<00:00, 710.65it/s]
Epoch 0:  86%|████████▌ | 1656/1935 [00:02<00:00, 710.72it/s]
Epoch 0:  86%|████████▌ | 1656/1935 [00:02<00:00, 710.67it/s]
Epoch 0:  86%|████████▌ | 1657/1935 [00:02<00:00, 710.74it/s]
Epoch 0:  86%|████████▌ | 1657/1935 [00:02<00:00, 710.69it/s]
Epoch 0:  86%|████████▌ | 1658/1935 [00:02<00:00, 710.74it/s]
Epoch 0:  86%|████████▌ | 1658/1935 [00:02<00:00, 710.69it/s]
Epoch 0:  86%|████████▌ | 1659/1935 [00:02<00:00, 710.75it/s]
Epoch 0:  86%|████████▌ | 1659/1935 [00:02<00:00, 710.69it/s]
Epoch 0:  86%|████████▌ | 1660/1935 [00:02<00:00, 710.75it/s]
Epoch 0:  86%|████████▌ | 1660/1935 [00:02<00:00, 710.70it/s]
Epoch 0:  86%|████████▌ | 1661/1935 [00:02<00:00, 710.76it/s]
Epoch 0:  86%|████████▌ | 1661/1935 [00:02<00:00, 710.71it/s]
Epoch 0:  86%|████████▌ | 1662/1935 [00:02<00:00, 710.77it/s]
Epoch 0:  86%|████████▌ | 1662/1935 [00:02<00:00, 710.72it/s]
Epoch 0:  86%|████████▌ | 1663/1935 [00:02<00:00, 710.74it/s]
Epoch 0:  86%|████████▌ | 1663/1935 [00:02<00:00, 710.68it/s]
Epoch 0:  86%|████████▌ | 1664/1935 [00:02<00:00, 710.75it/s]
Epoch 0:  86%|████████▌ | 1664/1935 [00:02<00:00, 710.70it/s]
Epoch 0:  86%|████████▌ | 1665/1935 [00:02<00:00, 710.76it/s]
Epoch 0:  86%|████████▌ | 1665/1935 [00:02<00:00, 710.71it/s]
Epoch 0:  86%|████████▌ | 1666/1935 [00:02<00:00, 710.77it/s]
Epoch 0:  86%|████████▌ | 1666/1935 [00:02<00:00, 710.71it/s]
Epoch 0:  86%|████████▌ | 1667/1935 [00:02<00:00, 710.78it/s]
Epoch 0:  86%|████████▌ | 1667/1935 [00:02<00:00, 710.73it/s]
Epoch 0:  86%|████████▌ | 1668/1935 [00:02<00:00, 710.79it/s]
Epoch 0:  86%|████████▌ | 1668/1935 [00:02<00:00, 710.74it/s]
Epoch 0:  86%|████████▋ | 1669/1935 [00:02<00:00, 710.80it/s]
Epoch 0:  86%|████████▋ | 1669/1935 [00:02<00:00, 710.75it/s]
Epoch 0:  86%|████████▋ | 1670/1935 [00:02<00:00, 710.81it/s]
Epoch 0:  86%|████████▋ | 1670/1935 [00:02<00:00, 710.76it/s]
Epoch 0:  86%|████████▋ | 1671/1935 [00:02<00:00, 710.81it/s]
Epoch 0:  86%|████████▋ | 1671/1935 [00:02<00:00, 710.76it/s]
Epoch 0:  86%|████████▋ | 1672/1935 [00:02<00:00, 710.82it/s]
Epoch 0:  86%|████████▋ | 1672/1935 [00:02<00:00, 710.77it/s]
Epoch 0:  86%|████████▋ | 1673/1935 [00:02<00:00, 710.83it/s]
Epoch 0:  86%|████████▋ | 1673/1935 [00:02<00:00, 710.77it/s]
Epoch 0:  87%|████████▋ | 1674/1935 [00:02<00:00, 710.83it/s]
Epoch 0:  87%|████████▋ | 1674/1935 [00:02<00:00, 710.78it/s]
Epoch 0:  87%|████████▋ | 1675/1935 [00:02<00:00, 710.84it/s]
Epoch 0:  87%|████████▋ | 1675/1935 [00:02<00:00, 710.79it/s]
Epoch 0:  87%|████████▋ | 1676/1935 [00:02<00:00, 710.84it/s]
Epoch 0:  87%|████████▋ | 1676/1935 [00:02<00:00, 710.79it/s]
Epoch 0:  87%|████████▋ | 1677/1935 [00:02<00:00, 710.86it/s]
Epoch 0:  87%|████████▋ | 1677/1935 [00:02<00:00, 710.80it/s]
Epoch 0:  87%|████████▋ | 1678/1935 [00:02<00:00, 710.87it/s]
Epoch 0:  87%|████████▋ | 1678/1935 [00:02<00:00, 710.82it/s]
Epoch 0:  87%|████████▋ | 1679/1935 [00:02<00:00, 710.87it/s]
Epoch 0:  87%|████████▋ | 1679/1935 [00:02<00:00, 710.82it/s]
Epoch 0:  87%|████████▋ | 1680/1935 [00:02<00:00, 710.88it/s]
Epoch 0:  87%|████████▋ | 1680/1935 [00:02<00:00, 710.83it/s]
Epoch 0:  87%|████████▋ | 1681/1935 [00:02<00:00, 710.90it/s]
Epoch 0:  87%|████████▋ | 1681/1935 [00:02<00:00, 710.84it/s]
Epoch 0:  87%|████████▋ | 1682/1935 [00:02<00:00, 710.90it/s]
Epoch 0:  87%|████████▋ | 1682/1935 [00:02<00:00, 710.85it/s]
Epoch 0:  87%|████████▋ | 1683/1935 [00:02<00:00, 710.91it/s]
Epoch 0:  87%|████████▋ | 1683/1935 [00:02<00:00, 710.86it/s]
Epoch 0:  87%|████████▋ | 1684/1935 [00:02<00:00, 710.91it/s]
Epoch 0:  87%|████████▋ | 1684/1935 [00:02<00:00, 710.86it/s]
Epoch 0:  87%|████████▋ | 1685/1935 [00:02<00:00, 710.92it/s]
Epoch 0:  87%|████████▋ | 1685/1935 [00:02<00:00, 710.87it/s]
Epoch 0:  87%|████████▋ | 1686/1935 [00:02<00:00, 710.93it/s]
Epoch 0:  87%|████████▋ | 1686/1935 [00:02<00:00, 710.88it/s]
Epoch 0:  87%|████████▋ | 1687/1935 [00:02<00:00, 710.94it/s]
Epoch 0:  87%|████████▋ | 1687/1935 [00:02<00:00, 710.89it/s]
Epoch 0:  87%|████████▋ | 1688/1935 [00:02<00:00, 710.96it/s]
Epoch 0:  87%|████████▋ | 1688/1935 [00:02<00:00, 710.91it/s]
Epoch 0:  87%|████████▋ | 1689/1935 [00:02<00:00, 710.98it/s]
Epoch 0:  87%|████████▋ | 1689/1935 [00:02<00:00, 710.93it/s]
Epoch 0:  87%|████████▋ | 1690/1935 [00:02<00:00, 710.99it/s]
Epoch 0:  87%|████████▋ | 1690/1935 [00:02<00:00, 710.93it/s]
Epoch 0:  87%|████████▋ | 1691/1935 [00:02<00:00, 711.00it/s]
Epoch 0:  87%|████████▋ | 1691/1935 [00:02<00:00, 710.94it/s]
Epoch 0:  87%|████████▋ | 1692/1935 [00:02<00:00, 711.00it/s]
Epoch 0:  87%|████████▋ | 1692/1935 [00:02<00:00, 710.95it/s]
Epoch 0:  87%|████████▋ | 1693/1935 [00:02<00:00, 711.00it/s]
Epoch 0:  87%|████████▋ | 1693/1935 [00:02<00:00, 710.95it/s]
Epoch 0:  88%|████████▊ | 1694/1935 [00:02<00:00, 711.01it/s]
Epoch 0:  88%|████████▊ | 1694/1935 [00:02<00:00, 710.96it/s]
Epoch 0:  88%|████████▊ | 1695/1935 [00:02<00:00, 711.02it/s]
Epoch 0:  88%|████████▊ | 1695/1935 [00:02<00:00, 710.97it/s]
Epoch 0:  88%|████████▊ | 1696/1935 [00:02<00:00, 711.03it/s]
Epoch 0:  88%|████████▊ | 1696/1935 [00:02<00:00, 710.98it/s]
Epoch 0:  88%|████████▊ | 1697/1935 [00:02<00:00, 711.04it/s]
Epoch 0:  88%|████████▊ | 1697/1935 [00:02<00:00, 710.98it/s]
Epoch 0:  88%|████████▊ | 1698/1935 [00:02<00:00, 711.05it/s]
Epoch 0:  88%|████████▊ | 1698/1935 [00:02<00:00, 710.99it/s]
Epoch 0:  88%|████████▊ | 1699/1935 [00:02<00:00, 711.06it/s]
Epoch 0:  88%|████████▊ | 1699/1935 [00:02<00:00, 711.01it/s]
Epoch 0:  88%|████████▊ | 1700/1935 [00:02<00:00, 711.07it/s]
Epoch 0:  88%|████████▊ | 1700/1935 [00:02<00:00, 711.02it/s]
Epoch 0:  88%|████████▊ | 1701/1935 [00:02<00:00, 711.07it/s]
Epoch 0:  88%|████████▊ | 1701/1935 [00:02<00:00, 711.02it/s]
Epoch 0:  88%|████████▊ | 1702/1935 [00:02<00:00, 711.08it/s]
Epoch 0:  88%|████████▊ | 1702/1935 [00:02<00:00, 711.04it/s]
Epoch 0:  88%|████████▊ | 1703/1935 [00:02<00:00, 711.09it/s]
Epoch 0:  88%|████████▊ | 1703/1935 [00:02<00:00, 711.04it/s]
Epoch 0:  88%|████████▊ | 1704/1935 [00:02<00:00, 711.10it/s]
Epoch 0:  88%|████████▊ | 1704/1935 [00:02<00:00, 711.05it/s]
Epoch 0:  88%|████████▊ | 1705/1935 [00:02<00:00, 711.11it/s]
Epoch 0:  88%|████████▊ | 1705/1935 [00:02<00:00, 711.06it/s]
Epoch 0:  88%|████████▊ | 1706/1935 [00:02<00:00, 711.12it/s]
Epoch 0:  88%|████████▊ | 1706/1935 [00:02<00:00, 711.06it/s]
Epoch 0:  88%|████████▊ | 1707/1935 [00:02<00:00, 711.12it/s]
Epoch 0:  88%|████████▊ | 1707/1935 [00:02<00:00, 711.07it/s]
Epoch 0:  88%|████████▊ | 1708/1935 [00:02<00:00, 711.13it/s]
Epoch 0:  88%|████████▊ | 1708/1935 [00:02<00:00, 711.08it/s]
Epoch 0:  88%|████████▊ | 1709/1935 [00:02<00:00, 711.14it/s]
Epoch 0:  88%|████████▊ | 1709/1935 [00:02<00:00, 711.09it/s]
Epoch 0:  88%|████████▊ | 1710/1935 [00:02<00:00, 711.15it/s]
Epoch 0:  88%|████████▊ | 1710/1935 [00:02<00:00, 711.10it/s]
Epoch 0:  88%|████████▊ | 1711/1935 [00:02<00:00, 711.15it/s]
Epoch 0:  88%|████████▊ | 1711/1935 [00:02<00:00, 711.10it/s]
Epoch 0:  88%|████████▊ | 1712/1935 [00:02<00:00, 711.15it/s]
Epoch 0:  88%|████████▊ | 1712/1935 [00:02<00:00, 711.10it/s]
Epoch 0:  89%|████████▊ | 1713/1935 [00:02<00:00, 711.15it/s]
Epoch 0:  89%|████████▊ | 1713/1935 [00:02<00:00, 711.10it/s]
Epoch 0:  89%|████████▊ | 1714/1935 [00:02<00:00, 711.16it/s]
Epoch 0:  89%|████████▊ | 1714/1935 [00:02<00:00, 711.11it/s]
Epoch 0:  89%|████████▊ | 1715/1935 [00:02<00:00, 711.17it/s]
Epoch 0:  89%|████████▊ | 1715/1935 [00:02<00:00, 711.11it/s]
Epoch 0:  89%|████████▊ | 1716/1935 [00:02<00:00, 711.17it/s]
Epoch 0:  89%|████████▊ | 1716/1935 [00:02<00:00, 711.12it/s]
Epoch 0:  89%|████████▊ | 1717/1935 [00:02<00:00, 711.18it/s]
Epoch 0:  89%|████████▊ | 1717/1935 [00:02<00:00, 711.13it/s]
Epoch 0:  89%|████████▉ | 1718/1935 [00:02<00:00, 711.19it/s]
Epoch 0:  89%|████████▉ | 1718/1935 [00:02<00:00, 711.14it/s]
Epoch 0:  89%|████████▉ | 1719/1935 [00:02<00:00, 711.19it/s]
Epoch 0:  89%|████████▉ | 1719/1935 [00:02<00:00, 711.14it/s]
Epoch 0:  89%|████████▉ | 1720/1935 [00:02<00:00, 711.20it/s]
Epoch 0:  89%|████████▉ | 1720/1935 [00:02<00:00, 711.16it/s]
Epoch 0:  89%|████████▉ | 1721/1935 [00:02<00:00, 711.22it/s]
Epoch 0:  89%|████████▉ | 1721/1935 [00:02<00:00, 711.17it/s]
Epoch 0:  89%|████████▉ | 1722/1935 [00:02<00:00, 711.22it/s]
Epoch 0:  89%|████████▉ | 1722/1935 [00:02<00:00, 711.17it/s]
Epoch 0:  89%|████████▉ | 1723/1935 [00:02<00:00, 711.19it/s]
Epoch 0:  89%|████████▉ | 1723/1935 [00:02<00:00, 711.14it/s]
Epoch 0:  89%|████████▉ | 1724/1935 [00:02<00:00, 711.20it/s]
Epoch 0:  89%|████████▉ | 1724/1935 [00:02<00:00, 711.15it/s]
Epoch 0:  89%|████████▉ | 1725/1935 [00:02<00:00, 711.21it/s]
Epoch 0:  89%|████████▉ | 1725/1935 [00:02<00:00, 711.16it/s]
Epoch 0:  89%|████████▉ | 1726/1935 [00:02<00:00, 711.22it/s]
Epoch 0:  89%|████████▉ | 1726/1935 [00:02<00:00, 711.17it/s]
Epoch 0:  89%|████████▉ | 1727/1935 [00:02<00:00, 711.23it/s]
Epoch 0:  89%|████████▉ | 1727/1935 [00:02<00:00, 711.18it/s]
Epoch 0:  89%|████████▉ | 1728/1935 [00:02<00:00, 711.23it/s]
Epoch 0:  89%|████████▉ | 1728/1935 [00:02<00:00, 711.19it/s]
Epoch 0:  89%|████████▉ | 1729/1935 [00:02<00:00, 711.25it/s]
Epoch 0:  89%|████████▉ | 1729/1935 [00:02<00:00, 711.20it/s]
Epoch 0:  89%|████████▉ | 1730/1935 [00:02<00:00, 711.25it/s]
Epoch 0:  89%|████████▉ | 1730/1935 [00:02<00:00, 711.20it/s]
Epoch 0:  89%|████████▉ | 1731/1935 [00:02<00:00, 711.27it/s]
Epoch 0:  89%|████████▉ | 1731/1935 [00:02<00:00, 711.21it/s]
Epoch 0:  90%|████████▉ | 1732/1935 [00:02<00:00, 711.28it/s]
Epoch 0:  90%|████████▉ | 1732/1935 [00:02<00:00, 711.23it/s]
Epoch 0:  90%|████████▉ | 1733/1935 [00:02<00:00, 711.29it/s]
Epoch 0:  90%|████████▉ | 1733/1935 [00:02<00:00, 711.24it/s]
Epoch 0:  90%|████████▉ | 1734/1935 [00:02<00:00, 711.29it/s]
Epoch 0:  90%|████████▉ | 1734/1935 [00:02<00:00, 711.24it/s]
Epoch 0:  90%|████████▉ | 1735/1935 [00:02<00:00, 711.30it/s]
Epoch 0:  90%|████████▉ | 1735/1935 [00:02<00:00, 711.24it/s]
Epoch 0:  90%|████████▉ | 1736/1935 [00:02<00:00, 711.30it/s]
Epoch 0:  90%|████████▉ | 1736/1935 [00:02<00:00, 711.26it/s]
Epoch 0:  90%|████████▉ | 1737/1935 [00:02<00:00, 711.31it/s]
Epoch 0:  90%|████████▉ | 1737/1935 [00:02<00:00, 711.26it/s]
Epoch 0:  90%|████████▉ | 1738/1935 [00:02<00:00, 711.32it/s]
Epoch 0:  90%|████████▉ | 1738/1935 [00:02<00:00, 711.27it/s]
Epoch 0:  90%|████████▉ | 1739/1935 [00:02<00:00, 711.32it/s]
Epoch 0:  90%|████████▉ | 1739/1935 [00:02<00:00, 711.27it/s]
Epoch 0:  90%|████████▉ | 1740/1935 [00:02<00:00, 711.33it/s]
Epoch 0:  90%|████████▉ | 1740/1935 [00:02<00:00, 711.29it/s]
Epoch 0:  90%|████████▉ | 1741/1935 [00:02<00:00, 711.35it/s]
Epoch 0:  90%|████████▉ | 1741/1935 [00:02<00:00, 711.30it/s]
Epoch 0:  90%|█████████ | 1742/1935 [00:02<00:00, 711.36it/s]
Epoch 0:  90%|█████████ | 1742/1935 [00:02<00:00, 711.31it/s]
Epoch 0:  90%|█████████ | 1743/1935 [00:02<00:00, 711.36it/s]
Epoch 0:  90%|█████████ | 1743/1935 [00:02<00:00, 711.31it/s]
Epoch 0:  90%|█████████ | 1744/1935 [00:02<00:00, 711.37it/s]
Epoch 0:  90%|█████████ | 1744/1935 [00:02<00:00, 711.32it/s]
Epoch 0:  90%|█████████ | 1745/1935 [00:02<00:00, 711.37it/s]
Epoch 0:  90%|█████████ | 1745/1935 [00:02<00:00, 711.33it/s]
Epoch 0:  90%|█████████ | 1746/1935 [00:02<00:00, 711.38it/s]
Epoch 0:  90%|█████████ | 1746/1935 [00:02<00:00, 711.33it/s]
Epoch 0:  90%|█████████ | 1747/1935 [00:02<00:00, 711.39it/s]
Epoch 0:  90%|█████████ | 1747/1935 [00:02<00:00, 711.34it/s]
Epoch 0:  90%|█████████ | 1748/1935 [00:02<00:00, 711.40it/s]
Epoch 0:  90%|█████████ | 1748/1935 [00:02<00:00, 711.35it/s]
Epoch 0:  90%|█████████ | 1749/1935 [00:02<00:00, 711.41it/s]
Epoch 0:  90%|█████████ | 1749/1935 [00:02<00:00, 711.37it/s]
Epoch 0:  90%|█████████ | 1750/1935 [00:02<00:00, 711.43it/s]
Epoch 0:  90%|█████████ | 1750/1935 [00:02<00:00, 711.38it/s]
Epoch 0:  90%|█████████ | 1751/1935 [00:02<00:00, 711.43it/s]
Epoch 0:  90%|█████████ | 1751/1935 [00:02<00:00, 711.38it/s]
Epoch 0:  91%|█████████ | 1752/1935 [00:02<00:00, 711.43it/s]
Epoch 0:  91%|█████████ | 1752/1935 [00:02<00:00, 711.38it/s]
Epoch 0:  91%|█████████ | 1753/1935 [00:02<00:00, 711.45it/s]
Epoch 0:  91%|█████████ | 1753/1935 [00:02<00:00, 711.40it/s]
Epoch 0:  91%|█████████ | 1754/1935 [00:02<00:00, 711.45it/s]
Epoch 0:  91%|█████████ | 1754/1935 [00:02<00:00, 711.40it/s]
Epoch 0:  91%|█████████ | 1755/1935 [00:02<00:00, 711.45it/s]
Epoch 0:  91%|█████████ | 1755/1935 [00:02<00:00, 711.40it/s]
Epoch 0:  91%|█████████ | 1756/1935 [00:02<00:00, 711.46it/s]
Epoch 0:  91%|█████████ | 1756/1935 [00:02<00:00, 711.42it/s]
Epoch 0:  91%|█████████ | 1757/1935 [00:02<00:00, 711.47it/s]
Epoch 0:  91%|█████████ | 1757/1935 [00:02<00:00, 711.42it/s]
Epoch 0:  91%|█████████ | 1758/1935 [00:02<00:00, 711.48it/s]
Epoch 0:  91%|█████████ | 1758/1935 [00:02<00:00, 711.43it/s]
Epoch 0:  91%|█████████ | 1759/1935 [00:02<00:00, 711.49it/s]
Epoch 0:  91%|█████████ | 1759/1935 [00:02<00:00, 711.44it/s]
Epoch 0:  91%|█████████ | 1760/1935 [00:02<00:00, 711.49it/s]
Epoch 0:  91%|█████████ | 1760/1935 [00:02<00:00, 711.44it/s]
Epoch 0:  91%|█████████ | 1761/1935 [00:02<00:00, 711.51it/s]
Epoch 0:  91%|█████████ | 1761/1935 [00:02<00:00, 711.46it/s]
Epoch 0:  91%|█████████ | 1762/1935 [00:02<00:00, 711.52it/s]
Epoch 0:  91%|█████████ | 1762/1935 [00:02<00:00, 711.47it/s]
Epoch 0:  91%|█████████ | 1763/1935 [00:02<00:00, 711.51it/s]
Epoch 0:  91%|█████████ | 1763/1935 [00:02<00:00, 711.46it/s]
Epoch 0:  91%|█████████ | 1764/1935 [00:02<00:00, 711.52it/s]
Epoch 0:  91%|█████████ | 1764/1935 [00:02<00:00, 711.47it/s]
Epoch 0:  91%|█████████ | 1765/1935 [00:02<00:00, 711.53it/s]
Epoch 0:  91%|█████████ | 1765/1935 [00:02<00:00, 711.47it/s]
Epoch 0:  91%|█████████▏| 1766/1935 [00:02<00:00, 711.53it/s]
Epoch 0:  91%|█████████▏| 1766/1935 [00:02<00:00, 711.49it/s]
Epoch 0:  91%|█████████▏| 1767/1935 [00:02<00:00, 711.54it/s]
Epoch 0:  91%|█████████▏| 1767/1935 [00:02<00:00, 711.49it/s]
Epoch 0:  91%|█████████▏| 1768/1935 [00:02<00:00, 711.52it/s]
Epoch 0:  91%|█████████▏| 1768/1935 [00:02<00:00, 711.48it/s]
Epoch 0:  91%|█████████▏| 1769/1935 [00:02<00:00, 711.55it/s]
Epoch 0:  91%|█████████▏| 1769/1935 [00:02<00:00, 711.50it/s]
Epoch 0:  91%|█████████▏| 1770/1935 [00:02<00:00, 711.56it/s]
Epoch 0:  91%|█████████▏| 1770/1935 [00:02<00:00, 711.51it/s]
Epoch 0:  92%|█████████▏| 1771/1935 [00:02<00:00, 711.57it/s]
Epoch 0:  92%|█████████▏| 1771/1935 [00:02<00:00, 711.52it/s]
Epoch 0:  92%|█████████▏| 1772/1935 [00:02<00:00, 711.57it/s]
Epoch 0:  92%|█████████▏| 1772/1935 [00:02<00:00, 711.52it/s]
Epoch 0:  92%|█████████▏| 1773/1935 [00:02<00:00, 711.57it/s]
Epoch 0:  92%|█████████▏| 1773/1935 [00:02<00:00, 711.52it/s]
Epoch 0:  92%|█████████▏| 1774/1935 [00:02<00:00, 711.58it/s]
Epoch 0:  92%|█████████▏| 1774/1935 [00:02<00:00, 711.53it/s]
Epoch 0:  92%|█████████▏| 1775/1935 [00:02<00:00, 711.59it/s]
Epoch 0:  92%|█████████▏| 1775/1935 [00:02<00:00, 711.54it/s]
Epoch 0:  92%|█████████▏| 1776/1935 [00:02<00:00, 711.60it/s]
Epoch 0:  92%|█████████▏| 1776/1935 [00:02<00:00, 711.55it/s]
Epoch 0:  92%|█████████▏| 1777/1935 [00:02<00:00, 711.61it/s]
Epoch 0:  92%|█████████▏| 1777/1935 [00:02<00:00, 711.56it/s]
Epoch 0:  92%|█████████▏| 1778/1935 [00:02<00:00, 711.61it/s]
Epoch 0:  92%|█████████▏| 1778/1935 [00:02<00:00, 711.56it/s]
Epoch 0:  92%|█████████▏| 1779/1935 [00:02<00:00, 711.62it/s]
Epoch 0:  92%|█████████▏| 1779/1935 [00:02<00:00, 711.57it/s]
Epoch 0:  92%|█████████▏| 1780/1935 [00:02<00:00, 711.62it/s]
Epoch 0:  92%|█████████▏| 1780/1935 [00:02<00:00, 711.58it/s]
Epoch 0:  92%|█████████▏| 1781/1935 [00:02<00:00, 711.63it/s]
Epoch 0:  92%|█████████▏| 1781/1935 [00:02<00:00, 711.58it/s]
Epoch 0:  92%|█████████▏| 1782/1935 [00:02<00:00, 711.64it/s]
Epoch 0:  92%|█████████▏| 1782/1935 [00:02<00:00, 711.59it/s]
Epoch 0:  92%|█████████▏| 1783/1935 [00:02<00:00, 711.60it/s]
Epoch 0:  92%|█████████▏| 1783/1935 [00:02<00:00, 711.55it/s]
Epoch 0:  92%|█████████▏| 1784/1935 [00:02<00:00, 711.61it/s]
Epoch 0:  92%|█████████▏| 1784/1935 [00:02<00:00, 711.56it/s]
Epoch 0:  92%|█████████▏| 1785/1935 [00:02<00:00, 711.62it/s]
Epoch 0:  92%|█████████▏| 1785/1935 [00:02<00:00, 711.58it/s]
Epoch 0:  92%|█████████▏| 1786/1935 [00:02<00:00, 711.63it/s]
Epoch 0:  92%|█████████▏| 1786/1935 [00:02<00:00, 711.57it/s]
Epoch 0:  92%|█████████▏| 1787/1935 [00:02<00:00, 711.64it/s]
Epoch 0:  92%|█████████▏| 1787/1935 [00:02<00:00, 711.59it/s]
Epoch 0:  92%|█████████▏| 1788/1935 [00:02<00:00, 711.64it/s]
Epoch 0:  92%|█████████▏| 1788/1935 [00:02<00:00, 711.60it/s]
Epoch 0:  92%|█████████▏| 1789/1935 [00:02<00:00, 711.64it/s]
Epoch 0:  92%|█████████▏| 1789/1935 [00:02<00:00, 711.60it/s]
Epoch 0:  93%|█████████▎| 1790/1935 [00:02<00:00, 711.67it/s]
Epoch 0:  93%|█████████▎| 1790/1935 [00:02<00:00, 711.62it/s]
Epoch 0:  93%|█████████▎| 1791/1935 [00:02<00:00, 711.68it/s]
Epoch 0:  93%|█████████▎| 1791/1935 [00:02<00:00, 711.63it/s]
Epoch 0:  93%|█████████▎| 1792/1935 [00:02<00:00, 711.67it/s]
Epoch 0:  93%|█████████▎| 1792/1935 [00:02<00:00, 711.63it/s]
Epoch 0:  93%|█████████▎| 1793/1935 [00:02<00:00, 711.69it/s]
Epoch 0:  93%|█████████▎| 1793/1935 [00:02<00:00, 711.64it/s]
Epoch 0:  93%|█████████▎| 1794/1935 [00:02<00:00, 711.70it/s]
Epoch 0:  93%|█████████▎| 1794/1935 [00:02<00:00, 711.65it/s]
Epoch 0:  93%|█████████▎| 1795/1935 [00:02<00:00, 711.71it/s]
Epoch 0:  93%|█████████▎| 1795/1935 [00:02<00:00, 711.66it/s]
Epoch 0:  93%|█████████▎| 1796/1935 [00:02<00:00, 711.71it/s]
Epoch 0:  93%|█████████▎| 1796/1935 [00:02<00:00, 711.67it/s]
Epoch 0:  93%|█████████▎| 1797/1935 [00:02<00:00, 711.72it/s]
Epoch 0:  93%|█████████▎| 1797/1935 [00:02<00:00, 711.67it/s]
Epoch 0:  93%|█████████▎| 1798/1935 [00:02<00:00, 711.72it/s]
Epoch 0:  93%|█████████▎| 1798/1935 [00:02<00:00, 711.67it/s]
Epoch 0:  93%|█████████▎| 1799/1935 [00:02<00:00, 711.73it/s]
Epoch 0:  93%|█████████▎| 1799/1935 [00:02<00:00, 711.68it/s]
Epoch 0:  93%|█████████▎| 1800/1935 [00:02<00:00, 711.73it/s]
Epoch 0:  93%|█████████▎| 1800/1935 [00:02<00:00, 711.68it/s]
Epoch 0:  93%|█████████▎| 1801/1935 [00:02<00:00, 711.73it/s]
Epoch 0:  93%|█████████▎| 1801/1935 [00:02<00:00, 711.69it/s]
Epoch 0:  93%|█████████▎| 1802/1935 [00:02<00:00, 711.74it/s]
Epoch 0:  93%|█████████▎| 1802/1935 [00:02<00:00, 711.69it/s]
Epoch 0:  93%|█████████▎| 1803/1935 [00:02<00:00, 711.75it/s]
Epoch 0:  93%|█████████▎| 1803/1935 [00:02<00:00, 711.70it/s]
Epoch 0:  93%|█████████▎| 1804/1935 [00:02<00:00, 711.75it/s]
Epoch 0:  93%|█████████▎| 1804/1935 [00:02<00:00, 711.70it/s]
Epoch 0:  93%|█████████▎| 1805/1935 [00:02<00:00, 711.76it/s]
Epoch 0:  93%|█████████▎| 1805/1935 [00:02<00:00, 711.71it/s]
Epoch 0:  93%|█████████▎| 1806/1935 [00:02<00:00, 711.77it/s]
Epoch 0:  93%|█████████▎| 1806/1935 [00:02<00:00, 711.72it/s]
Epoch 0:  93%|█████████▎| 1807/1935 [00:02<00:00, 711.77it/s]
Epoch 0:  93%|█████████▎| 1807/1935 [00:02<00:00, 711.72it/s]
Epoch 0:  93%|█████████▎| 1808/1935 [00:02<00:00, 711.77it/s]
Epoch 0:  93%|█████████▎| 1808/1935 [00:02<00:00, 711.73it/s]
Epoch 0:  93%|█████████▎| 1809/1935 [00:02<00:00, 711.77it/s]
Epoch 0:  93%|█████████▎| 1809/1935 [00:02<00:00, 711.72it/s]
Epoch 0:  94%|█████████▎| 1810/1935 [00:02<00:00, 711.76it/s]
Epoch 0:  94%|█████████▎| 1810/1935 [00:02<00:00, 711.71it/s]
Epoch 0:  94%|█████████▎| 1811/1935 [00:02<00:00, 711.77it/s]
Epoch 0:  94%|█████████▎| 1811/1935 [00:02<00:00, 711.72it/s]
Epoch 0:  94%|█████████▎| 1812/1935 [00:02<00:00, 711.77it/s]
Epoch 0:  94%|█████████▎| 1812/1935 [00:02<00:00, 711.73it/s]
Epoch 0:  94%|█████████▎| 1813/1935 [00:02<00:00, 711.77it/s]
Epoch 0:  94%|█████████▎| 1813/1935 [00:02<00:00, 711.73it/s]
Epoch 0:  94%|█████████▎| 1814/1935 [00:02<00:00, 711.78it/s]
Epoch 0:  94%|█████████▎| 1814/1935 [00:02<00:00, 711.73it/s]
Epoch 0:  94%|█████████▍| 1815/1935 [00:02<00:00, 711.79it/s]
Epoch 0:  94%|█████████▍| 1815/1935 [00:02<00:00, 711.74it/s]
Epoch 0:  94%|█████████▍| 1816/1935 [00:02<00:00, 711.79it/s]
Epoch 0:  94%|█████████▍| 1816/1935 [00:02<00:00, 711.75it/s]
Epoch 0:  94%|█████████▍| 1817/1935 [00:02<00:00, 711.81it/s]
Epoch 0:  94%|█████████▍| 1817/1935 [00:02<00:00, 711.76it/s]
Epoch 0:  94%|█████████▍| 1818/1935 [00:02<00:00, 711.81it/s]
Epoch 0:  94%|█████████▍| 1818/1935 [00:02<00:00, 711.76it/s]
Epoch 0:  94%|█████████▍| 1819/1935 [00:02<00:00, 711.81it/s]
Epoch 0:  94%|█████████▍| 1819/1935 [00:02<00:00, 711.76it/s]
Epoch 0:  94%|█████████▍| 1820/1935 [00:02<00:00, 711.81it/s]
Epoch 0:  94%|█████████▍| 1820/1935 [00:02<00:00, 711.77it/s]
Epoch 0:  94%|█████████▍| 1821/1935 [00:02<00:00, 711.82it/s]
Epoch 0:  94%|█████████▍| 1821/1935 [00:02<00:00, 711.77it/s]
Epoch 0:  94%|█████████▍| 1822/1935 [00:02<00:00, 711.82it/s]
Epoch 0:  94%|█████████▍| 1822/1935 [00:02<00:00, 711.77it/s]
Epoch 0:  94%|█████████▍| 1823/1935 [00:02<00:00, 711.82it/s]
Epoch 0:  94%|█████████▍| 1823/1935 [00:02<00:00, 711.77it/s]
Epoch 0:  94%|█████████▍| 1824/1935 [00:02<00:00, 711.82it/s]
Epoch 0:  94%|█████████▍| 1824/1935 [00:02<00:00, 711.78it/s]
Epoch 0:  94%|█████████▍| 1825/1935 [00:02<00:00, 711.82it/s]
Epoch 0:  94%|█████████▍| 1825/1935 [00:02<00:00, 711.78it/s]
Epoch 0:  94%|█████████▍| 1826/1935 [00:02<00:00, 711.82it/s]
Epoch 0:  94%|█████████▍| 1826/1935 [00:02<00:00, 711.77it/s]
Epoch 0:  94%|█████████▍| 1827/1935 [00:02<00:00, 711.83it/s]
Epoch 0:  94%|█████████▍| 1827/1935 [00:02<00:00, 711.78it/s]
Epoch 0:  94%|█████████▍| 1828/1935 [00:02<00:00, 711.83it/s]
Epoch 0:  94%|█████████▍| 1828/1935 [00:02<00:00, 711.79it/s]
Epoch 0:  95%|█████████▍| 1829/1935 [00:02<00:00, 711.85it/s]
Epoch 0:  95%|█████████▍| 1829/1935 [00:02<00:00, 711.80it/s]
Epoch 0:  95%|█████████▍| 1830/1935 [00:02<00:00, 711.85it/s]
Epoch 0:  95%|█████████▍| 1830/1935 [00:02<00:00, 711.80it/s]
Epoch 0:  95%|█████████▍| 1831/1935 [00:02<00:00, 711.86it/s]
Epoch 0:  95%|█████████▍| 1831/1935 [00:02<00:00, 711.81it/s]
Epoch 0:  95%|█████████▍| 1832/1935 [00:02<00:00, 711.86it/s]
Epoch 0:  95%|█████████▍| 1832/1935 [00:02<00:00, 711.82it/s]
Epoch 0:  95%|█████████▍| 1833/1935 [00:02<00:00, 711.88it/s]
Epoch 0:  95%|█████████▍| 1833/1935 [00:02<00:00, 711.83it/s]
Epoch 0:  95%|█████████▍| 1834/1935 [00:02<00:00, 711.87it/s]
Epoch 0:  95%|█████████▍| 1834/1935 [00:02<00:00, 711.83it/s]
Epoch 0:  95%|█████████▍| 1835/1935 [00:02<00:00, 711.88it/s]
Epoch 0:  95%|█████████▍| 1835/1935 [00:02<00:00, 711.83it/s]
Epoch 0:  95%|█████████▍| 1836/1935 [00:02<00:00, 711.88it/s]
Epoch 0:  95%|█████████▍| 1836/1935 [00:02<00:00, 711.84it/s]
Epoch 0:  95%|█████████▍| 1837/1935 [00:02<00:00, 711.89it/s]
Epoch 0:  95%|█████████▍| 1837/1935 [00:02<00:00, 711.84it/s]
Epoch 0:  95%|█████████▍| 1838/1935 [00:02<00:00, 711.89it/s]
Epoch 0:  95%|█████████▍| 1838/1935 [00:02<00:00, 711.84it/s]
Epoch 0:  95%|█████████▌| 1839/1935 [00:02<00:00, 711.89it/s]
Epoch 0:  95%|█████████▌| 1839/1935 [00:02<00:00, 711.84it/s]
Epoch 0:  95%|█████████▌| 1840/1935 [00:02<00:00, 711.89it/s]
Epoch 0:  95%|█████████▌| 1840/1935 [00:02<00:00, 711.84it/s]
Epoch 0:  95%|█████████▌| 1841/1935 [00:02<00:00, 711.89it/s]
Epoch 0:  95%|█████████▌| 1841/1935 [00:02<00:00, 711.85it/s]
Epoch 0:  95%|█████████▌| 1842/1935 [00:02<00:00, 711.89it/s]
Epoch 0:  95%|█████████▌| 1842/1935 [00:02<00:00, 711.84it/s]
Epoch 0:  95%|█████████▌| 1843/1935 [00:02<00:00, 711.86it/s]
Epoch 0:  95%|█████████▌| 1843/1935 [00:02<00:00, 711.81it/s]
Epoch 0:  95%|█████████▌| 1844/1935 [00:02<00:00, 711.86it/s]
Epoch 0:  95%|█████████▌| 1844/1935 [00:02<00:00, 711.81it/s]
Epoch 0:  95%|█████████▌| 1845/1935 [00:02<00:00, 711.86it/s]
Epoch 0:  95%|█████████▌| 1845/1935 [00:02<00:00, 711.81it/s]
Epoch 0:  95%|█████████▌| 1846/1935 [00:02<00:00, 711.87it/s]
Epoch 0:  95%|█████████▌| 1846/1935 [00:02<00:00, 711.82it/s]
Epoch 0:  95%|█████████▌| 1847/1935 [00:02<00:00, 711.87it/s]
Epoch 0:  95%|█████████▌| 1847/1935 [00:02<00:00, 711.82it/s]
Epoch 0:  96%|█████████▌| 1848/1935 [00:02<00:00, 711.88it/s]
Epoch 0:  96%|█████████▌| 1848/1935 [00:02<00:00, 711.83it/s]
Epoch 0:  96%|█████████▌| 1849/1935 [00:02<00:00, 711.87it/s]
Epoch 0:  96%|█████████▌| 1849/1935 [00:02<00:00, 711.83it/s]
Epoch 0:  96%|█████████▌| 1850/1935 [00:02<00:00, 711.87it/s]
Epoch 0:  96%|█████████▌| 1850/1935 [00:02<00:00, 711.83it/s]
Epoch 0:  96%|█████████▌| 1851/1935 [00:02<00:00, 711.88it/s]
Epoch 0:  96%|█████████▌| 1851/1935 [00:02<00:00, 711.83it/s]
Epoch 0:  96%|█████████▌| 1852/1935 [00:02<00:00, 711.88it/s]
Epoch 0:  96%|█████████▌| 1852/1935 [00:02<00:00, 711.84it/s]
Epoch 0:  96%|█████████▌| 1853/1935 [00:02<00:00, 711.88it/s]
Epoch 0:  96%|█████████▌| 1853/1935 [00:02<00:00, 711.84it/s]
Epoch 0:  96%|█████████▌| 1854/1935 [00:02<00:00, 711.90it/s]
Epoch 0:  96%|█████████▌| 1854/1935 [00:02<00:00, 711.85it/s]
Epoch 0:  96%|█████████▌| 1855/1935 [00:02<00:00, 711.89it/s]
Epoch 0:  96%|█████████▌| 1855/1935 [00:02<00:00, 711.84it/s]
Epoch 0:  96%|█████████▌| 1856/1935 [00:02<00:00, 711.89it/s]
Epoch 0:  96%|█████████▌| 1856/1935 [00:02<00:00, 711.84it/s]
Epoch 0:  96%|█████████▌| 1857/1935 [00:02<00:00, 711.90it/s]
Epoch 0:  96%|█████████▌| 1857/1935 [00:02<00:00, 711.85it/s]
Epoch 0:  96%|█████████▌| 1858/1935 [00:02<00:00, 711.90it/s]
Epoch 0:  96%|█████████▌| 1858/1935 [00:02<00:00, 711.85it/s]
Epoch 0:  96%|█████████▌| 1859/1935 [00:02<00:00, 711.90it/s]
Epoch 0:  96%|█████████▌| 1859/1935 [00:02<00:00, 711.85it/s]
Epoch 0:  96%|█████████▌| 1860/1935 [00:02<00:00, 711.90it/s]
Epoch 0:  96%|█████████▌| 1860/1935 [00:02<00:00, 711.85it/s]
Epoch 0:  96%|█████████▌| 1861/1935 [00:02<00:00, 711.90it/s]
Epoch 0:  96%|█████████▌| 1861/1935 [00:02<00:00, 711.85it/s]
Epoch 0:  96%|█████████▌| 1862/1935 [00:02<00:00, 711.90it/s]
Epoch 0:  96%|█████████▌| 1862/1935 [00:02<00:00, 711.86it/s]
Epoch 0:  96%|█████████▋| 1863/1935 [00:02<00:00, 711.90it/s]
Epoch 0:  96%|█████████▋| 1863/1935 [00:02<00:00, 711.86it/s]
Epoch 0:  96%|█████████▋| 1864/1935 [00:02<00:00, 711.91it/s]
Epoch 0:  96%|█████████▋| 1864/1935 [00:02<00:00, 711.86it/s]
Epoch 0:  96%|█████████▋| 1865/1935 [00:02<00:00, 711.91it/s]
Epoch 0:  96%|█████████▋| 1865/1935 [00:02<00:00, 711.87it/s]
Epoch 0:  96%|█████████▋| 1866/1935 [00:02<00:00, 711.91it/s]
Epoch 0:  96%|█████████▋| 1866/1935 [00:02<00:00, 711.86it/s]
Epoch 0:  96%|█████████▋| 1867/1935 [00:02<00:00, 711.91it/s]
Epoch 0:  96%|█████████▋| 1867/1935 [00:02<00:00, 711.87it/s]
Epoch 0:  97%|█████████▋| 1868/1935 [00:02<00:00, 711.92it/s]
Epoch 0:  97%|█████████▋| 1868/1935 [00:02<00:00, 711.87it/s]
Epoch 0:  97%|█████████▋| 1869/1935 [00:02<00:00, 711.92it/s]
Epoch 0:  97%|█████████▋| 1869/1935 [00:02<00:00, 711.87it/s]
Epoch 0:  97%|█████████▋| 1870/1935 [00:02<00:00, 711.93it/s]
Epoch 0:  97%|█████████▋| 1870/1935 [00:02<00:00, 711.88it/s]
Epoch 0:  97%|█████████▋| 1871/1935 [00:02<00:00, 711.93it/s]
Epoch 0:  97%|█████████▋| 1871/1935 [00:02<00:00, 711.88it/s]
Epoch 0:  97%|█████████▋| 1872/1935 [00:02<00:00, 711.93it/s]
Epoch 0:  97%|█████████▋| 1872/1935 [00:02<00:00, 711.89it/s]
Epoch 0:  97%|█████████▋| 1873/1935 [00:02<00:00, 711.93it/s]
Epoch 0:  97%|█████████▋| 1873/1935 [00:02<00:00, 711.89it/s]
Epoch 0:  97%|█████████▋| 1874/1935 [00:02<00:00, 711.94it/s]
Epoch 0:  97%|█████████▋| 1874/1935 [00:02<00:00, 711.89it/s]
Epoch 0:  97%|█████████▋| 1875/1935 [00:02<00:00, 711.94it/s]
Epoch 0:  97%|█████████▋| 1875/1935 [00:02<00:00, 711.89it/s]
Epoch 0:  97%|█████████▋| 1876/1935 [00:02<00:00, 711.94it/s]
Epoch 0:  97%|█████████▋| 1876/1935 [00:02<00:00, 711.89it/s]
Epoch 0:  97%|█████████▋| 1877/1935 [00:02<00:00, 711.95it/s]
Epoch 0:  97%|█████████▋| 1877/1935 [00:02<00:00, 711.90it/s]
Epoch 0:  97%|█████████▋| 1878/1935 [00:02<00:00, 711.94it/s]
Epoch 0:  97%|█████████▋| 1878/1935 [00:02<00:00, 711.90it/s]
Epoch 0:  97%|█████████▋| 1879/1935 [00:02<00:00, 711.94it/s]
Epoch 0:  97%|█████████▋| 1879/1935 [00:02<00:00, 711.90it/s]
Epoch 0:  97%|█████████▋| 1880/1935 [00:02<00:00, 711.95it/s]
Epoch 0:  97%|█████████▋| 1880/1935 [00:02<00:00, 711.90it/s]
Epoch 0:  97%|█████████▋| 1881/1935 [00:02<00:00, 711.95it/s]
Epoch 0:  97%|█████████▋| 1881/1935 [00:02<00:00, 711.91it/s]
Epoch 0:  97%|█████████▋| 1882/1935 [00:02<00:00, 711.95it/s]
Epoch 0:  97%|█████████▋| 1882/1935 [00:02<00:00, 711.91it/s]
Epoch 0:  97%|█████████▋| 1883/1935 [00:02<00:00, 711.95it/s]
Epoch 0:  97%|█████████▋| 1883/1935 [00:02<00:00, 711.91it/s]
Epoch 0:  97%|█████████▋| 1884/1935 [00:02<00:00, 711.96it/s]
Epoch 0:  97%|█████████▋| 1884/1935 [00:02<00:00, 711.92it/s]
Epoch 0:  97%|█████████▋| 1885/1935 [00:02<00:00, 711.97it/s]
Epoch 0:  97%|█████████▋| 1885/1935 [00:02<00:00, 711.92it/s]
Epoch 0:  97%|█████████▋| 1886/1935 [00:02<00:00, 711.97it/s]
Epoch 0:  97%|█████████▋| 1886/1935 [00:02<00:00, 711.93it/s]
Epoch 0:  98%|█████████▊| 1887/1935 [00:02<00:00, 711.98it/s]
Epoch 0:  98%|█████████▊| 1887/1935 [00:02<00:00, 711.93it/s]
Epoch 0:  98%|█████████▊| 1888/1935 [00:02<00:00, 711.98it/s]
Epoch 0:  98%|█████████▊| 1888/1935 [00:02<00:00, 711.93it/s]
Epoch 0:  98%|█████████▊| 1889/1935 [00:02<00:00, 711.99it/s]
Epoch 0:  98%|█████████▊| 1889/1935 [00:02<00:00, 711.94it/s]
Epoch 0:  98%|█████████▊| 1890/1935 [00:02<00:00, 711.99it/s]
Epoch 0:  98%|█████████▊| 1890/1935 [00:02<00:00, 711.94it/s]
Epoch 0:  98%|█████████▊| 1891/1935 [00:02<00:00, 711.99it/s]
Epoch 0:  98%|█████████▊| 1891/1935 [00:02<00:00, 711.95it/s]
Epoch 0:  98%|█████████▊| 1892/1935 [00:02<00:00, 712.00it/s]
Epoch 0:  98%|█████████▊| 1892/1935 [00:02<00:00, 711.96it/s]
Epoch 0:  98%|█████████▊| 1893/1935 [00:02<00:00, 712.00it/s]
Epoch 0:  98%|█████████▊| 1893/1935 [00:02<00:00, 711.95it/s]
Epoch 0:  98%|█████████▊| 1894/1935 [00:02<00:00, 712.01it/s]
Epoch 0:  98%|█████████▊| 1894/1935 [00:02<00:00, 711.96it/s]
Epoch 0:  98%|█████████▊| 1895/1935 [00:02<00:00, 712.00it/s]
Epoch 0:  98%|█████████▊| 1895/1935 [00:02<00:00, 711.96it/s]
Epoch 0:  98%|█████████▊| 1896/1935 [00:02<00:00, 712.02it/s]
Epoch 0:  98%|█████████▊| 1896/1935 [00:02<00:00, 711.97it/s]
Epoch 0:  98%|█████████▊| 1897/1935 [00:02<00:00, 712.02it/s]
Epoch 0:  98%|█████████▊| 1897/1935 [00:02<00:00, 711.98it/s]
Epoch 0:  98%|█████████▊| 1898/1935 [00:02<00:00, 712.02it/s]
Epoch 0:  98%|█████████▊| 1898/1935 [00:02<00:00, 711.97it/s]
Epoch 0:  98%|█████████▊| 1899/1935 [00:02<00:00, 712.03it/s]
Epoch 0:  98%|█████████▊| 1899/1935 [00:02<00:00, 711.98it/s]
Epoch 0:  98%|█████████▊| 1900/1935 [00:02<00:00, 712.03it/s]
Epoch 0:  98%|█████████▊| 1900/1935 [00:02<00:00, 711.99it/s]
Epoch 0:  98%|█████████▊| 1901/1935 [00:02<00:00, 712.03it/s]
Epoch 0:  98%|█████████▊| 1901/1935 [00:02<00:00, 711.98it/s]
Epoch 0:  98%|█████████▊| 1902/1935 [00:02<00:00, 712.04it/s]
Epoch 0:  98%|█████████▊| 1902/1935 [00:02<00:00, 711.99it/s]
Epoch 0:  98%|█████████▊| 1903/1935 [00:02<00:00, 712.00it/s]
Epoch 0:  98%|█████████▊| 1903/1935 [00:02<00:00, 711.96it/s]
Epoch 0:  98%|█████████▊| 1904/1935 [00:02<00:00, 712.00it/s]
Epoch 0:  98%|█████████▊| 1904/1935 [00:02<00:00, 711.95it/s]
Epoch 0:  98%|█████████▊| 1905/1935 [00:02<00:00, 712.01it/s]
Epoch 0:  98%|█████████▊| 1905/1935 [00:02<00:00, 711.96it/s]
Epoch 0:  99%|█████████▊| 1906/1935 [00:02<00:00, 712.01it/s]
Epoch 0:  99%|█████████▊| 1906/1935 [00:02<00:00, 711.96it/s]
Epoch 0:  99%|█████████▊| 1907/1935 [00:02<00:00, 712.00it/s]
Epoch 0:  99%|█████████▊| 1907/1935 [00:02<00:00, 711.96it/s]
Epoch 0:  99%|█████████▊| 1908/1935 [00:02<00:00, 712.01it/s]
Epoch 0:  99%|█████████▊| 1908/1935 [00:02<00:00, 711.97it/s]
Epoch 0:  99%|█████████▊| 1909/1935 [00:02<00:00, 712.02it/s]
Epoch 0:  99%|█████████▊| 1909/1935 [00:02<00:00, 711.98it/s]
Epoch 0:  99%|█████████▊| 1910/1935 [00:02<00:00, 712.02it/s]
Epoch 0:  99%|█████████▊| 1910/1935 [00:02<00:00, 711.98it/s]
Epoch 0:  99%|█████████▉| 1911/1935 [00:02<00:00, 712.03it/s]
Epoch 0:  99%|█████████▉| 1911/1935 [00:02<00:00, 711.98it/s]
Epoch 0:  99%|█████████▉| 1912/1935 [00:02<00:00, 712.03it/s]
Epoch 0:  99%|█████████▉| 1912/1935 [00:02<00:00, 711.99it/s]
Epoch 0:  99%|█████████▉| 1913/1935 [00:02<00:00, 712.04it/s]
Epoch 0:  99%|█████████▉| 1913/1935 [00:02<00:00, 712.00it/s]
Epoch 0:  99%|█████████▉| 1914/1935 [00:02<00:00, 712.04it/s]
Epoch 0:  99%|█████████▉| 1914/1935 [00:02<00:00, 712.00it/s]
Epoch 0:  99%|█████████▉| 1915/1935 [00:02<00:00, 712.05it/s]
Epoch 0:  99%|█████████▉| 1915/1935 [00:02<00:00, 712.00it/s]
Epoch 0:  99%|█████████▉| 1916/1935 [00:02<00:00, 712.05it/s]
Epoch 0:  99%|█████████▉| 1916/1935 [00:02<00:00, 712.01it/s]
Epoch 0:  99%|█████████▉| 1917/1935 [00:02<00:00, 712.06it/s]
Epoch 0:  99%|█████████▉| 1917/1935 [00:02<00:00, 712.01it/s]
Epoch 0:  99%|█████████▉| 1918/1935 [00:02<00:00, 712.06it/s]
Epoch 0:  99%|█████████▉| 1918/1935 [00:02<00:00, 712.01it/s]
Epoch 0:  99%|█████████▉| 1919/1935 [00:02<00:00, 704.02it/s]
Epoch 0:  99%|█████████▉| 1919/1935 [00:02<00:00, 703.98it/s]
Epoch 0:  99%|█████████▉| 1920/1935 [00:02<00:00, 704.00it/s]
Epoch 0:  99%|█████████▉| 1920/1935 [00:02<00:00, 703.96it/s]
Epoch 0:  99%|█████████▉| 1921/1935 [00:02<00:00, 704.02it/s]
Epoch 0:  99%|█████████▉| 1921/1935 [00:02<00:00, 703.98it/s]
Epoch 0:  99%|█████████▉| 1922/1935 [00:02<00:00, 704.04it/s]
Epoch 0:  99%|█████████▉| 1922/1935 [00:02<00:00, 704.00it/s]
Epoch 0:  99%|█████████▉| 1923/1935 [00:02<00:00, 704.06it/s]
Epoch 0:  99%|█████████▉| 1923/1935 [00:02<00:00, 704.02it/s]
Epoch 0:  99%|█████████▉| 1924/1935 [00:02<00:00, 704.09it/s]
Epoch 0:  99%|█████████▉| 1924/1935 [00:02<00:00, 704.05it/s]
Epoch 0:  99%|█████████▉| 1925/1935 [00:02<00:00, 704.11it/s]
Epoch 0:  99%|█████████▉| 1925/1935 [00:02<00:00, 704.07it/s]
Epoch 0: 100%|█████████▉| 1926/1935 [00:02<00:00, 704.14it/s]
Epoch 0: 100%|█████████▉| 1926/1935 [00:02<00:00, 704.11it/s]
Epoch 0: 100%|█████████▉| 1927/1935 [00:02<00:00, 704.18it/s]
Epoch 0: 100%|█████████▉| 1927/1935 [00:02<00:00, 704.14it/s]
Epoch 0: 100%|█████████▉| 1928/1935 [00:02<00:00, 704.21it/s]
Epoch 0: 100%|█████████▉| 1928/1935 [00:02<00:00, 704.17it/s]
Epoch 0: 100%|█████████▉| 1929/1935 [00:02<00:00, 704.25it/s]
Epoch 0: 100%|█████████▉| 1929/1935 [00:02<00:00, 704.21it/s]
Epoch 0: 100%|█████████▉| 1930/1935 [00:02<00:00, 704.28it/s]
Epoch 0: 100%|█████████▉| 1930/1935 [00:02<00:00, 704.25it/s]
Epoch 0: 100%|█████████▉| 1931/1935 [00:02<00:00, 704.32it/s]
Epoch 0: 100%|█████████▉| 1931/1935 [00:02<00:00, 704.28it/s]
Epoch 0: 100%|█████████▉| 1932/1935 [00:02<00:00, 704.36it/s]
Epoch 0: 100%|█████████▉| 1932/1935 [00:02<00:00, 704.32it/s]
Epoch 0: 100%|█████████▉| 1933/1935 [00:02<00:00, 704.39it/s]
Epoch 0: 100%|█████████▉| 1933/1935 [00:02<00:00, 704.36it/s]
Epoch 0: 100%|█████████▉| 1934/1935 [00:02<00:00, 704.43it/s]
Epoch 0: 100%|█████████▉| 1934/1935 [00:02<00:00, 704.40it/s]
Epoch 0: 100%|██████████| 1935/1935 [00:02<00:00, 704.47it/s]
Epoch 0: 100%|██████████| 1935/1935 [00:02<00:00, 704.43it/s]

Validation: |          | 0/? [00:00<?, ?it/s][A

Validation:   0%|          | 0/215 [00:00<?, ?it/s][A

Validation DataLoader 0:   0%|          | 0/215 [00:00<?, ?it/s][A

Validation DataLoader 0:   0%|          | 1/215 [00:00<00:00, 1754.20it/s][A

Validation DataLoader 0:   1%|          | 2/215 [00:00<00:00, 908.84it/s] [A

Validation DataLoader 0:   1%|▏         | 3/215 [00:00<00:00, 809.03it/s][A

Validation DataLoader 0:   2%|▏         | 4/215 [00:00<00:00, 689.43it/s][A

Validation DataLoader 0:   2%|▏         | 5/215 [00:00<00:00, 767.77it/s][A

Validation DataLoader 0:   3%|▎         | 6/215 [00:00<00:00, 755.10it/s][A

Validation DataLoader 0:   3%|▎         | 7/215 [00:00<00:00, 587.53it/s][A

Validation DataLoader 0:   4%|▎         | 8/215 [00:00<00:00, 518.22it/s][A

Validation DataLoader 0:   4%|▍         | 9/215 [00:00<00:00, 557.73it/s][A

Validation DataLoader 0:   5%|▍         | 10/215 [00:00<00:00, 592.46it/s][A

Validation DataLoader 0:   5%|▌         | 11/215 [00:00<00:00, 625.80it/s][A

Validation DataLoader 0:   6%|▌         | 12/215 [00:00<00:00, 656.69it/s][A

Validation DataLoader 0:   6%|▌         | 13/215 [00:00<00:00, 684.36it/s][A

Validation DataLoader 0:   7%|▋         | 14/215 [00:00<00:00, 710.66it/s][A

Validation DataLoader 0:   7%|▋         | 15/215 [00:00<00:00, 735.19it/s][A

Validation DataLoader 0:   7%|▋         | 16/215 [00:00<00:00, 735.44it/s][A

Validation DataLoader 0:   8%|▊         | 17/215 [00:00<00:00, 738.55it/s][A

Validation DataLoader 0:   8%|▊         | 18/215 [00:00<00:00, 740.75it/s][A

Validation DataLoader 0:   9%|▉         | 19/215 [00:00<00:00, 742.77it/s][A

Validation DataLoader 0:   9%|▉         | 20/215 [00:00<00:00, 744.30it/s][A

Validation DataLoader 0:  10%|▉         | 21/215 [00:00<00:00, 746.63it/s][A

Validation DataLoader 0:  10%|█         | 22/215 [00:00<00:00, 747.61it/s][A

Validation DataLoader 0:  11%|█         | 23/215 [00:00<00:00, 748.93it/s][A

Validation DataLoader 0:  11%|█         | 24/215 [00:00<00:00, 750.76it/s][A

Validation DataLoader 0:  12%|█▏        | 25/215 [00:00<00:00, 752.19it/s][A

Validation DataLoader 0:  12%|█▏        | 26/215 [00:00<00:00, 753.48it/s][A

Validation DataLoader 0:  13%|█▎        | 27/215 [00:00<00:00, 754.66it/s][A

Validation DataLoader 0:  13%|█▎        | 28/215 [00:00<00:00, 750.76it/s][A

Validation DataLoader 0:  13%|█▎        | 29/215 [00:00<00:00, 752.45it/s][A

Validation DataLoader 0:  14%|█▍        | 30/215 [00:00<00:00, 753.88it/s][A

Validation DataLoader 0:  14%|█▍        | 31/215 [00:00<00:00, 754.52it/s][A

Validation DataLoader 0:  15%|█▍        | 32/215 [00:00<00:00, 755.78it/s][A

Validation DataLoader 0:  15%|█▌        | 33/215 [00:00<00:00, 756.88it/s][A

Validation DataLoader 0:  16%|█▌        | 34/215 [00:00<00:00, 757.69it/s][A

Validation DataLoader 0:  16%|█▋        | 35/215 [00:00<00:00, 758.70it/s][A

Validation DataLoader 0:  17%|█▋        | 36/215 [00:00<00:00, 759.57it/s][A

Validation DataLoader 0:  17%|█▋        | 37/215 [00:00<00:00, 760.91it/s][A

Validation DataLoader 0:  18%|█▊        | 38/215 [00:00<00:00, 761.80it/s][A

Validation DataLoader 0:  18%|█▊        | 39/215 [00:00<00:00, 762.53it/s][A

Validation DataLoader 0:  19%|█▊        | 40/215 [00:00<00:00, 763.63it/s][A

Validation DataLoader 0:  19%|█▉        | 41/215 [00:00<00:00, 764.30it/s][A

Validation DataLoader 0:  20%|█▉        | 42/215 [00:00<00:00, 764.45it/s][A

Validation DataLoader 0:  20%|██        | 43/215 [00:00<00:00, 765.23it/s][A

Validation DataLoader 0:  20%|██        | 44/215 [00:00<00:00, 765.28it/s][A

Validation DataLoader 0:  21%|██        | 45/215 [00:00<00:00, 765.93it/s][A

Validation DataLoader 0:  21%|██▏       | 46/215 [00:00<00:00, 766.76it/s][A

Validation DataLoader 0:  22%|██▏       | 47/215 [00:00<00:00, 767.21it/s][A

Validation DataLoader 0:  22%|██▏       | 48/215 [00:00<00:00, 767.95it/s][A

Validation DataLoader 0:  23%|██▎       | 49/215 [00:00<00:00, 768.20it/s][A

Validation DataLoader 0:  23%|██▎       | 50/215 [00:00<00:00, 768.53it/s][A

Validation DataLoader 0:  24%|██▎       | 51/215 [00:00<00:00, 769.07it/s][A

Validation DataLoader 0:  24%|██▍       | 52/215 [00:00<00:00, 769.23it/s][A

Validation DataLoader 0:  25%|██▍       | 53/215 [00:00<00:00, 769.68it/s][A

Validation DataLoader 0:  25%|██▌       | 54/215 [00:00<00:00, 770.37it/s][A

Validation DataLoader 0:  26%|██▌       | 55/215 [00:00<00:00, 770.73it/s][A

Validation DataLoader 0:  26%|██▌       | 56/215 [00:00<00:00, 770.90it/s][A

Validation DataLoader 0:  27%|██▋       | 57/215 [00:00<00:00, 771.32it/s][A

Validation DataLoader 0:  27%|██▋       | 58/215 [00:00<00:00, 771.40it/s][A

Validation DataLoader 0:  27%|██▋       | 59/215 [00:00<00:00, 771.78it/s][A

Validation DataLoader 0:  28%|██▊       | 60/215 [00:00<00:00, 772.02it/s][A

Validation DataLoader 0:  28%|██▊       | 61/215 [00:00<00:00, 772.61it/s][A

Validation DataLoader 0:  29%|██▉       | 62/215 [00:00<00:00, 772.94it/s][A

Validation DataLoader 0:  29%|██▉       | 63/215 [00:00<00:00, 773.25it/s][A

Validation DataLoader 0:  30%|██▉       | 64/215 [00:00<00:00, 773.74it/s][A

Validation DataLoader 0:  30%|███       | 65/215 [00:00<00:00, 774.15it/s][A

Validation DataLoader 0:  31%|███       | 66/215 [00:00<00:00, 774.37it/s][A

Validation DataLoader 0:  31%|███       | 67/215 [00:00<00:00, 774.69it/s][A

Validation DataLoader 0:  32%|███▏      | 68/215 [00:00<00:00, 774.87it/s][A

Validation DataLoader 0:  32%|███▏      | 69/215 [00:00<00:00, 775.36it/s][A

Validation DataLoader 0:  33%|███▎      | 70/215 [00:00<00:00, 775.61it/s][A

Validation DataLoader 0:  33%|███▎      | 71/215 [00:00<00:00, 775.64it/s][A

Validation DataLoader 0:  33%|███▎      | 72/215 [00:00<00:00, 775.94it/s][A

Validation DataLoader 0:  34%|███▍      | 73/215 [00:00<00:00, 776.03it/s][A

Validation DataLoader 0:  34%|███▍      | 74/215 [00:00<00:00, 776.12it/s][A

Validation DataLoader 0:  35%|███▍      | 75/215 [00:00<00:00, 776.53it/s][A

Validation DataLoader 0:  35%|███▌      | 76/215 [00:00<00:00, 776.44it/s][A

Validation DataLoader 0:  36%|███▌      | 77/215 [00:00<00:00, 776.87it/s][A

Validation DataLoader 0:  36%|███▋      | 78/215 [00:00<00:00, 777.18it/s][A

Validation DataLoader 0:  37%|███▋      | 79/215 [00:00<00:00, 777.34it/s][A

Validation DataLoader 0:  37%|███▋      | 80/215 [00:00<00:00, 777.24it/s][A

Validation DataLoader 0:  38%|███▊      | 81/215 [00:00<00:00, 777.46it/s][A

Validation DataLoader 0:  38%|███▊      | 82/215 [00:00<00:00, 777.67it/s][A

Validation DataLoader 0:  39%|███▊      | 83/215 [00:00<00:00, 778.03it/s][A

Validation DataLoader 0:  39%|███▉      | 84/215 [00:00<00:00, 777.95it/s][A

Validation DataLoader 0:  40%|███▉      | 85/215 [00:00<00:00, 778.26it/s][A

Validation DataLoader 0:  40%|████      | 86/215 [00:00<00:00, 778.57it/s][A

Validation DataLoader 0:  40%|████      | 87/215 [00:00<00:00, 778.56it/s][A

Validation DataLoader 0:  41%|████      | 88/215 [00:00<00:00, 778.64it/s][A

Validation DataLoader 0:  41%|████▏     | 89/215 [00:00<00:00, 778.90it/s][A

Validation DataLoader 0:  42%|████▏     | 90/215 [00:00<00:00, 779.03it/s][A

Validation DataLoader 0:  42%|████▏     | 91/215 [00:00<00:00, 778.09it/s][A

Validation DataLoader 0:  43%|████▎     | 92/215 [00:00<00:00, 778.20it/s][A

Validation DataLoader 0:  43%|████▎     | 93/215 [00:00<00:00, 778.49it/s][A

Validation DataLoader 0:  44%|████▎     | 94/215 [00:00<00:00, 778.57it/s][A

Validation DataLoader 0:  44%|████▍     | 95/215 [00:00<00:00, 778.70it/s][A

Validation DataLoader 0:  45%|████▍     | 96/215 [00:00<00:00, 778.83it/s][A

Validation DataLoader 0:  45%|████▌     | 97/215 [00:00<00:00, 779.08it/s][A

Validation DataLoader 0:  46%|████▌     | 98/215 [00:00<00:00, 779.11it/s][A

Validation DataLoader 0:  46%|████▌     | 99/215 [00:00<00:00, 779.27it/s][A

Validation DataLoader 0:  47%|████▋     | 100/215 [00:00<00:00, 779.44it/s][A

Validation DataLoader 0:  47%|████▋     | 101/215 [00:00<00:00, 779.59it/s][A

Validation DataLoader 0:  47%|████▋     | 102/215 [00:00<00:00, 779.80it/s][A

Validation DataLoader 0:  48%|████▊     | 103/215 [00:00<00:00, 779.97it/s][A

Validation DataLoader 0:  48%|████▊     | 104/215 [00:00<00:00, 780.09it/s][A

Validation DataLoader 0:  49%|████▉     | 105/215 [00:00<00:00, 780.29it/s][A

Validation DataLoader 0:  49%|████▉     | 106/215 [00:00<00:00, 780.31it/s][A

Validation DataLoader 0:  50%|████▉     | 107/215 [00:00<00:00, 780.38it/s][A

Validation DataLoader 0:  50%|█████     | 108/215 [00:00<00:00, 780.16it/s][A

Validation DataLoader 0:  51%|█████     | 109/215 [00:00<00:00, 780.39it/s][A

Validation DataLoader 0:  51%|█████     | 110/215 [00:00<00:00, 780.54it/s][A

Validation DataLoader 0:  52%|█████▏    | 111/215 [00:00<00:00, 780.67it/s][A

Validation DataLoader 0:  52%|█████▏    | 112/215 [00:00<00:00, 780.85it/s][A

Validation DataLoader 0:  53%|█████▎    | 113/215 [00:00<00:00, 780.87it/s][A

Validation DataLoader 0:  53%|█████▎    | 114/215 [00:00<00:00, 780.95it/s][A

Validation DataLoader 0:  53%|█████▎    | 115/215 [00:00<00:00, 780.91it/s][A

Validation DataLoader 0:  54%|█████▍    | 116/215 [00:00<00:00, 780.92it/s][A

Validation DataLoader 0:  54%|█████▍    | 117/215 [00:00<00:00, 781.02it/s][A

Validation DataLoader 0:  55%|█████▍    | 118/215 [00:00<00:00, 781.24it/s][A

Validation DataLoader 0:  55%|█████▌    | 119/215 [00:00<00:00, 781.31it/s][A

Validation DataLoader 0:  56%|█████▌    | 120/215 [00:00<00:00, 781.40it/s][A

Validation DataLoader 0:  56%|█████▋    | 121/215 [00:00<00:00, 781.55it/s][A

Validation DataLoader 0:  57%|█████▋    | 122/215 [00:00<00:00, 781.66it/s][A

Validation DataLoader 0:  57%|█████▋    | 123/215 [00:00<00:00, 781.56it/s][A

Validation DataLoader 0:  58%|█████▊    | 124/215 [00:00<00:00, 781.62it/s][A

Validation DataLoader 0:  58%|█████▊    | 125/215 [00:00<00:00, 781.77it/s][A

Validation DataLoader 0:  59%|█████▊    | 126/215 [00:00<00:00, 781.99it/s][A

Validation DataLoader 0:  59%|█████▉    | 127/215 [00:00<00:00, 782.03it/s][A

Validation DataLoader 0:  60%|█████▉    | 128/215 [00:00<00:00, 782.19it/s][A

Validation DataLoader 0:  60%|██████    | 129/215 [00:00<00:00, 782.26it/s][A

Validation DataLoader 0:  60%|██████    | 130/215 [00:00<00:00, 782.35it/s][A

Validation DataLoader 0:  61%|██████    | 131/215 [00:00<00:00, 782.41it/s][A

Validation DataLoader 0:  61%|██████▏   | 132/215 [00:00<00:00, 782.29it/s][A

Validation DataLoader 0:  62%|██████▏   | 133/215 [00:00<00:00, 782.42it/s][A

Validation DataLoader 0:  62%|██████▏   | 134/215 [00:00<00:00, 782.65it/s][A

Validation DataLoader 0:  63%|██████▎   | 135/215 [00:00<00:00, 782.74it/s][A

Validation DataLoader 0:  63%|██████▎   | 136/215 [00:00<00:00, 782.88it/s][A

Validation DataLoader 0:  64%|██████▎   | 137/215 [00:00<00:00, 783.03it/s][A

Validation DataLoader 0:  64%|██████▍   | 138/215 [00:00<00:00, 783.12it/s][A

Validation DataLoader 0:  65%|██████▍   | 139/215 [00:00<00:00, 783.16it/s][A

Validation DataLoader 0:  65%|██████▌   | 140/215 [00:00<00:00, 783.13it/s][A

Validation DataLoader 0:  66%|██████▌   | 141/215 [00:00<00:00, 783.29it/s][A

Validation DataLoader 0:  66%|██████▌   | 142/215 [00:00<00:00, 783.34it/s][A

Validation DataLoader 0:  67%|██████▋   | 143/215 [00:00<00:00, 783.44it/s][A

Validation DataLoader 0:  67%|██████▋   | 144/215 [00:00<00:00, 783.44it/s][A

Validation DataLoader 0:  67%|██████▋   | 145/215 [00:00<00:00, 783.49it/s][A

Validation DataLoader 0:  68%|██████▊   | 146/215 [00:00<00:00, 783.56it/s][A

Validation DataLoader 0:  68%|██████▊   | 147/215 [00:00<00:00, 783.62it/s][A

Validation DataLoader 0:  69%|██████▉   | 148/215 [00:00<00:00, 783.56it/s][A

Validation DataLoader 0:  69%|██████▉   | 149/215 [00:00<00:00, 783.72it/s][A

Validation DataLoader 0:  70%|██████▉   | 150/215 [00:00<00:00, 783.89it/s][A

Validation DataLoader 0:  70%|███████   | 151/215 [00:00<00:00, 783.94it/s][A

Validation DataLoader 0:  71%|███████   | 152/215 [00:00<00:00, 783.96it/s][A

Validation DataLoader 0:  71%|███████   | 153/215 [00:00<00:00, 784.05it/s][A

Validation DataLoader 0:  72%|███████▏  | 154/215 [00:00<00:00, 783.50it/s][A

Validation DataLoader 0:  72%|███████▏  | 155/215 [00:00<00:00, 783.51it/s][A

Validation DataLoader 0:  73%|███████▎  | 156/215 [00:00<00:00, 783.53it/s][A

Validation DataLoader 0:  73%|███████▎  | 157/215 [00:00<00:00, 783.69it/s][A

Validation DataLoader 0:  73%|███████▎  | 158/215 [00:00<00:00, 783.87it/s][A

Validation DataLoader 0:  74%|███████▍  | 159/215 [00:00<00:00, 783.81it/s][A

Validation DataLoader 0:  74%|███████▍  | 160/215 [00:00<00:00, 783.90it/s][A

Validation DataLoader 0:  75%|███████▍  | 161/215 [00:00<00:00, 784.05it/s][A

Validation DataLoader 0:  75%|███████▌  | 162/215 [00:00<00:00, 784.13it/s][A

Validation DataLoader 0:  76%|███████▌  | 163/215 [00:00<00:00, 784.04it/s][A

Validation DataLoader 0:  76%|███████▋  | 164/215 [00:00<00:00, 784.07it/s][A

Validation DataLoader 0:  77%|███████▋  | 165/215 [00:00<00:00, 784.18it/s][A

Validation DataLoader 0:  77%|███████▋  | 166/215 [00:00<00:00, 784.30it/s][A

Validation DataLoader 0:  78%|███████▊  | 167/215 [00:00<00:00, 784.34it/s][A

Validation DataLoader 0:  78%|███████▊  | 168/215 [00:00<00:00, 784.46it/s][A

Validation DataLoader 0:  79%|███████▊  | 169/215 [00:00<00:00, 784.58it/s][A

Validation DataLoader 0:  79%|███████▉  | 170/215 [00:00<00:00, 784.65it/s][A

Validation DataLoader 0:  80%|███████▉  | 171/215 [00:00<00:00, 784.60it/s][A

Validation DataLoader 0:  80%|████████  | 172/215 [00:00<00:00, 784.63it/s][A

Validation DataLoader 0:  80%|████████  | 173/215 [00:00<00:00, 784.74it/s][A

Validation DataLoader 0:  81%|████████  | 174/215 [00:00<00:00, 784.89it/s][A

Validation DataLoader 0:  81%|████████▏ | 175/215 [00:00<00:00, 784.90it/s][A

Validation DataLoader 0:  82%|████████▏ | 176/215 [00:00<00:00, 784.99it/s][A

Validation DataLoader 0:  82%|████████▏ | 177/215 [00:00<00:00, 785.11it/s][A

Validation DataLoader 0:  83%|████████▎ | 178/215 [00:00<00:00, 785.08it/s][A

Validation DataLoader 0:  83%|████████▎ | 179/215 [00:00<00:00, 785.09it/s][A

Validation DataLoader 0:  84%|████████▎ | 180/215 [00:00<00:00, 785.10it/s][A

Validation DataLoader 0:  84%|████████▍ | 181/215 [00:00<00:00, 785.08it/s][A

Validation DataLoader 0:  85%|████████▍ | 182/215 [00:00<00:00, 785.17it/s][A

Validation DataLoader 0:  85%|████████▌ | 183/215 [00:00<00:00, 785.23it/s][A

Validation DataLoader 0:  86%|████████▌ | 184/215 [00:00<00:00, 785.32it/s][A

Validation DataLoader 0:  86%|████████▌ | 185/215 [00:00<00:00, 785.34it/s][A

Validation DataLoader 0:  87%|████████▋ | 186/215 [00:00<00:00, 785.39it/s][A

Validation DataLoader 0:  87%|████████▋ | 187/215 [00:00<00:00, 785.34it/s][A

Validation DataLoader 0:  87%|████████▋ | 188/215 [00:00<00:00, 785.35it/s][A

Validation DataLoader 0:  88%|████████▊ | 189/215 [00:00<00:00, 785.47it/s][A

Validation DataLoader 0:  88%|████████▊ | 190/215 [00:00<00:00, 785.52it/s][A

Validation DataLoader 0:  89%|████████▉ | 191/215 [00:00<00:00, 785.57it/s][A

Validation DataLoader 0:  89%|████████▉ | 192/215 [00:00<00:00, 785.65it/s][A

Validation DataLoader 0:  90%|████████▉ | 193/215 [00:00<00:00, 785.76it/s][A

Validation DataLoader 0:  90%|█████████ | 194/215 [00:00<00:00, 785.80it/s][A

Validation DataLoader 0:  91%|█████████ | 195/215 [00:00<00:00, 785.82it/s][A

Validation DataLoader 0:  91%|█████████ | 196/215 [00:00<00:00, 785.77it/s][A

Validation DataLoader 0:  92%|█████████▏| 197/215 [00:00<00:00, 785.87it/s][A

Validation DataLoader 0:  92%|█████████▏| 198/215 [00:00<00:00, 785.99it/s][A

Validation DataLoader 0:  93%|█████████▎| 199/215 [00:00<00:00, 785.99it/s][A

Validation DataLoader 0:  93%|█████████▎| 200/215 [00:00<00:00, 786.28it/s][A

Validation DataLoader 0:  93%|█████████▎| 201/215 [00:00<00:00, 786.65it/s][A

Validation DataLoader 0:  94%|█████████▍| 202/215 [00:00<00:00, 786.82it/s][A

Validation DataLoader 0:  94%|█████████▍| 203/215 [00:00<00:00, 787.03it/s][A

Validation DataLoader 0:  95%|█████████▍| 204/215 [00:00<00:00, 787.27it/s][A

Validation DataLoader 0:  95%|█████████▌| 205/215 [00:00<00:00, 787.58it/s][A

Validation DataLoader 0:  96%|█████████▌| 206/215 [00:00<00:00, 787.87it/s][A

Validation DataLoader 0:  96%|█████████▋| 207/215 [00:00<00:00, 788.17it/s][A

Validation DataLoader 0:  97%|█████████▋| 208/215 [00:00<00:00, 788.41it/s][A

Validation DataLoader 0:  97%|█████████▋| 209/215 [00:00<00:00, 788.76it/s][A

Validation DataLoader 0:  98%|█████████▊| 210/215 [00:00<00:00, 789.06it/s][A

Validation DataLoader 0:  98%|█████████▊| 211/215 [00:00<00:00, 789.38it/s][A

Validation DataLoader 0:  99%|█████████▊| 212/215 [00:00<00:00, 789.67it/s][A

Validation DataLoader 0:  99%|█████████▉| 213/215 [00:00<00:00, 789.98it/s][A

Validation DataLoader 0: 100%|█████████▉| 214/215 [00:00<00:00, 790.26it/s][A

Validation DataLoader 0: 100%|██████████| 215/215 [00:00<00:00, 790.57it/s][A

                                                                           [A
Epoch 0: 100%|██████████| 1935/1935 [00:06<00:00, 287.71it/s]
Epoch 0: 100%|██████████| 1935/1935 [00:06<00:00, 287.69it/s]
Epoch 0: 100%|██████████| 1935/1935 [00:06<00:00, 287.67it/s]
Starting TEST for pca on Fox with window size 60...

Testing: |          | 0/? [00:00<?, ?it/s]
Testing:   0%|          | 0/538 [00:00<?, ?it/s]
Testing DataLoader 0:   0%|          | 0/538 [00:00<?, ?it/s]
Testing DataLoader 0:   0%|          | 1/538 [00:00<00:02, 266.02it/s]
Testing DataLoader 0:   0%|          | 2/538 [00:00<00:02, 258.41it/s]
Testing DataLoader 0:   1%|          | 3/538 [00:00<00:01, 302.82it/s]
Testing DataLoader 0:   1%|          | 4/538 [00:00<00:01, 352.69it/s]
Testing DataLoader 0:   1%|          | 5/538 [00:00<00:01, 306.05it/s]
Testing DataLoader 0:   1%|          | 6/538 [00:00<00:01, 337.88it/s]
Testing DataLoader 0:   1%|▏         | 7/538 [00:00<00:01, 365.18it/s]
Testing DataLoader 0:   1%|▏         | 8/538 [00:00<00:01, 367.98it/s]
Testing DataLoader 0:   2%|▏         | 9/538 [00:00<00:01, 370.15it/s]
Testing DataLoader 0:   2%|▏         | 10/538 [00:00<00:01, 388.21it/s]
Testing DataLoader 0:   2%|▏         | 11/538 [00:00<00:01, 404.84it/s]
Testing DataLoader 0:   2%|▏         | 12/538 [00:00<00:01, 419.42it/s]
Testing DataLoader 0:   2%|▏         | 13/538 [00:00<00:01, 433.07it/s]
Testing DataLoader 0:   3%|▎         | 14/538 [00:00<00:01, 444.93it/s]
Testing DataLoader 0:   3%|▎         | 15/538 [00:00<00:01, 456.14it/s]
Testing DataLoader 0:   3%|▎         | 16/538 [00:00<00:01, 466.51it/s]
Testing DataLoader 0:   3%|▎         | 17/538 [00:00<00:01, 467.48it/s]
Testing DataLoader 0:   3%|▎         | 18/538 [00:00<00:01, 469.15it/s]
Testing DataLoader 0:   4%|▎         | 19/538 [00:00<00:01, 470.64it/s]
Testing DataLoader 0:   4%|▎         | 20/538 [00:00<00:01, 471.87it/s]
Testing DataLoader 0:   4%|▍         | 21/538 [00:00<00:01, 473.39it/s]
Testing DataLoader 0:   4%|▍         | 22/538 [00:00<00:01, 474.41it/s]
Testing DataLoader 0:   4%|▍         | 23/538 [00:00<00:01, 475.64it/s]
Testing DataLoader 0:   4%|▍         | 24/538 [00:00<00:01, 476.73it/s]
Testing DataLoader 0:   5%|▍         | 25/538 [00:00<00:01, 477.65it/s]
Testing DataLoader 0:   5%|▍         | 26/538 [00:00<00:01, 478.50it/s]
Testing DataLoader 0:   5%|▌         | 27/538 [00:00<00:01, 479.26it/s]
Testing DataLoader 0:   5%|▌         | 28/538 [00:00<00:01, 480.01it/s]
Testing DataLoader 0:   5%|▌         | 29/538 [00:00<00:01, 481.01it/s]
Testing DataLoader 0:   6%|▌         | 30/538 [00:00<00:01, 481.63it/s]
Testing DataLoader 0:   6%|▌         | 31/538 [00:00<00:01, 482.50it/s]
Testing DataLoader 0:   6%|▌         | 32/538 [00:00<00:01, 482.99it/s]
Testing DataLoader 0:   6%|▌         | 33/538 [00:00<00:01, 483.53it/s]
Testing DataLoader 0:   6%|▋         | 34/538 [00:00<00:01, 484.05it/s]
Testing DataLoader 0:   7%|▋         | 35/538 [00:00<00:01, 484.38it/s]
Testing DataLoader 0:   7%|▋         | 36/538 [00:00<00:01, 484.92it/s]
Testing DataLoader 0:   7%|▋         | 37/538 [00:00<00:01, 485.57it/s]
Testing DataLoader 0:   7%|▋         | 38/538 [00:00<00:01, 486.02it/s]
Testing DataLoader 0:   7%|▋         | 39/538 [00:00<00:01, 486.64it/s]
Testing DataLoader 0:   7%|▋         | 40/538 [00:00<00:01, 487.09it/s]
Testing DataLoader 0:   8%|▊         | 41/538 [00:00<00:01, 487.49it/s]
Testing DataLoader 0:   8%|▊         | 42/538 [00:00<00:01, 487.91it/s]
Testing DataLoader 0:   8%|▊         | 43/538 [00:00<00:01, 488.27it/s]
Testing DataLoader 0:   8%|▊         | 44/538 [00:00<00:01, 488.70it/s]
Testing DataLoader 0:   8%|▊         | 45/538 [00:00<00:01, 489.21it/s]
Testing DataLoader 0:   9%|▊         | 46/538 [00:00<00:01, 489.53it/s]
Testing DataLoader 0:   9%|▊         | 47/538 [00:00<00:01, 489.91it/s]
Testing DataLoader 0:   9%|▉         | 48/538 [00:00<00:00, 490.24it/s]
Testing DataLoader 0:   9%|▉         | 49/538 [00:00<00:00, 490.48it/s]
Testing DataLoader 0:   9%|▉         | 50/538 [00:00<00:00, 490.83it/s]
Testing DataLoader 0:   9%|▉         | 51/538 [00:00<00:00, 491.10it/s]
Testing DataLoader 0:  10%|▉         | 52/538 [00:00<00:00, 491.35it/s]
Testing DataLoader 0:  10%|▉         | 53/538 [00:00<00:00, 491.72it/s]
Testing DataLoader 0:  10%|█         | 54/538 [00:00<00:00, 491.98it/s]
Testing DataLoader 0:  10%|█         | 55/538 [00:00<00:00, 492.38it/s]
Testing DataLoader 0:  10%|█         | 56/538 [00:00<00:00, 492.62it/s]
Testing DataLoader 0:  11%|█         | 57/538 [00:00<00:00, 492.84it/s]
Testing DataLoader 0:  11%|█         | 58/538 [00:00<00:00, 493.10it/s]
Testing DataLoader 0:  11%|█         | 59/538 [00:00<00:00, 493.21it/s]
Testing DataLoader 0:  11%|█         | 60/538 [00:00<00:00, 493.39it/s]
Testing DataLoader 0:  11%|█▏        | 61/538 [00:00<00:00, 493.57it/s]
Testing DataLoader 0:  12%|█▏        | 62/538 [00:00<00:00, 493.82it/s]
Testing DataLoader 0:  12%|█▏        | 63/538 [00:00<00:00, 494.03it/s]
Testing DataLoader 0:  12%|█▏        | 64/538 [00:00<00:00, 494.18it/s]
Testing DataLoader 0:  12%|█▏        | 65/538 [00:00<00:00, 493.75it/s]
Testing DataLoader 0:  12%|█▏        | 66/538 [00:00<00:00, 493.96it/s]
Testing DataLoader 0:  12%|█▏        | 67/538 [00:00<00:00, 494.12it/s]
Testing DataLoader 0:  13%|█▎        | 68/538 [00:00<00:00, 494.32it/s]
Testing DataLoader 0:  13%|█▎        | 69/538 [00:00<00:00, 494.52it/s]
Testing DataLoader 0:  13%|█▎        | 70/538 [00:00<00:00, 494.71it/s]
Testing DataLoader 0:  13%|█▎        | 71/538 [00:00<00:00, 494.96it/s]
Testing DataLoader 0:  13%|█▎        | 72/538 [00:00<00:00, 495.13it/s]
Testing DataLoader 0:  14%|█▎        | 73/538 [00:00<00:00, 495.20it/s]
Testing DataLoader 0:  14%|█▍        | 74/538 [00:00<00:00, 495.37it/s]
Testing DataLoader 0:  14%|█▍        | 75/538 [00:00<00:00, 495.52it/s]
Testing DataLoader 0:  14%|█▍        | 76/538 [00:00<00:00, 495.72it/s]
Testing DataLoader 0:  14%|█▍        | 77/538 [00:00<00:00, 495.92it/s]
Testing DataLoader 0:  14%|█▍        | 78/538 [00:00<00:00, 496.03it/s]
Testing DataLoader 0:  15%|█▍        | 79/538 [00:00<00:00, 496.23it/s]
Testing DataLoader 0:  15%|█▍        | 80/538 [00:00<00:00, 496.32it/s]
Testing DataLoader 0:  15%|█▌        | 81/538 [00:00<00:00, 496.46it/s]
Testing DataLoader 0:  15%|█▌        | 82/538 [00:00<00:00, 496.44it/s]
Testing DataLoader 0:  15%|█▌        | 83/538 [00:00<00:00, 496.55it/s]
Testing DataLoader 0:  16%|█▌        | 84/538 [00:00<00:00, 496.66it/s]
Testing DataLoader 0:  16%|█▌        | 85/538 [00:00<00:00, 496.85it/s]
Testing DataLoader 0:  16%|█▌        | 86/538 [00:00<00:00, 496.92it/s]
Testing DataLoader 0:  16%|█▌        | 87/538 [00:00<00:00, 497.11it/s]
Testing DataLoader 0:  16%|█▋        | 88/538 [00:00<00:00, 497.17it/s]
Testing DataLoader 0:  17%|█▋        | 89/538 [00:00<00:00, 497.29it/s]
Testing DataLoader 0:  17%|█▋        | 90/538 [00:00<00:00, 497.34it/s]
Testing DataLoader 0:  17%|█▋        | 91/538 [00:00<00:00, 497.36it/s]
Testing DataLoader 0:  17%|█▋        | 92/538 [00:00<00:00, 497.41it/s]
Testing DataLoader 0:  17%|█▋        | 93/538 [00:00<00:00, 497.56it/s]
Testing DataLoader 0:  17%|█▋        | 94/538 [00:00<00:00, 497.65it/s]
Testing DataLoader 0:  18%|█▊        | 95/538 [00:00<00:00, 497.82it/s]
Testing DataLoader 0:  18%|█▊        | 96/538 [00:00<00:00, 497.86it/s]
Testing DataLoader 0:  18%|█▊        | 97/538 [00:00<00:00, 497.97it/s]
Testing DataLoader 0:  18%|█▊        | 98/538 [00:00<00:00, 497.77it/s]
Testing DataLoader 0:  18%|█▊        | 99/538 [00:00<00:00, 497.87it/s]
Testing DataLoader 0:  19%|█▊        | 100/538 [00:00<00:00, 497.96it/s]
Testing DataLoader 0:  19%|█▉        | 101/538 [00:00<00:00, 498.09it/s]
Testing DataLoader 0:  19%|█▉        | 102/538 [00:00<00:00, 498.20it/s]
Testing DataLoader 0:  19%|█▉        | 103/538 [00:00<00:00, 498.36it/s]
Testing DataLoader 0:  19%|█▉        | 104/538 [00:00<00:00, 498.45it/s]
Testing DataLoader 0:  20%|█▉        | 105/538 [00:00<00:00, 498.47it/s]
Testing DataLoader 0:  20%|█▉        | 106/538 [00:00<00:00, 498.54it/s]
Testing DataLoader 0:  20%|█▉        | 107/538 [00:00<00:00, 498.52it/s]
Testing DataLoader 0:  20%|██        | 108/538 [00:00<00:00, 498.58it/s]
Testing DataLoader 0:  20%|██        | 109/538 [00:00<00:00, 498.66it/s]
Testing DataLoader 0:  20%|██        | 110/538 [00:00<00:00, 498.72it/s]
Testing DataLoader 0:  21%|██        | 111/538 [00:00<00:00, 498.81it/s]
Testing DataLoader 0:  21%|██        | 112/538 [00:00<00:00, 498.85it/s]
Testing DataLoader 0:  21%|██        | 113/538 [00:00<00:00, 498.87it/s]
Testing DataLoader 0:  21%|██        | 114/538 [00:00<00:00, 498.95it/s]
Testing DataLoader 0:  21%|██▏       | 115/538 [00:00<00:00, 498.98it/s]
Testing DataLoader 0:  22%|██▏       | 116/538 [00:00<00:00, 499.04it/s]
Testing DataLoader 0:  22%|██▏       | 117/538 [00:00<00:00, 499.14it/s]
Testing DataLoader 0:  22%|██▏       | 118/538 [00:00<00:00, 499.20it/s]
Testing DataLoader 0:  22%|██▏       | 119/538 [00:00<00:00, 499.28it/s]
Testing DataLoader 0:  22%|██▏       | 120/538 [00:00<00:00, 499.36it/s]
Testing DataLoader 0:  22%|██▏       | 121/538 [00:00<00:00, 499.43it/s]
Testing DataLoader 0:  23%|██▎       | 122/538 [00:00<00:00, 499.47it/s]
Testing DataLoader 0:  23%|██▎       | 123/538 [00:00<00:00, 499.52it/s]
Testing DataLoader 0:  23%|██▎       | 124/538 [00:00<00:00, 499.53it/s]
Testing DataLoader 0:  23%|██▎       | 125/538 [00:00<00:00, 499.64it/s]
Testing DataLoader 0:  23%|██▎       | 126/538 [00:00<00:00, 499.66it/s]
Testing DataLoader 0:  24%|██▎       | 127/538 [00:00<00:00, 499.77it/s]
Testing DataLoader 0:  24%|██▍       | 128/538 [00:00<00:00, 499.82it/s]
Testing DataLoader 0:  24%|██▍       | 129/538 [00:00<00:00, 499.79it/s]
Testing DataLoader 0:  24%|██▍       | 130/538 [00:00<00:00, 499.86it/s]
Testing DataLoader 0:  24%|██▍       | 131/538 [00:00<00:00, 499.90it/s]
Testing DataLoader 0:  25%|██▍       | 132/538 [00:00<00:00, 499.87it/s]
Testing DataLoader 0:  25%|██▍       | 133/538 [00:00<00:00, 499.95it/s]
Testing DataLoader 0:  25%|██▍       | 134/538 [00:00<00:00, 499.97it/s]
Testing DataLoader 0:  25%|██▌       | 135/538 [00:00<00:00, 500.06it/s]
Testing DataLoader 0:  25%|██▌       | 136/538 [00:00<00:00, 500.09it/s]
Testing DataLoader 0:  25%|██▌       | 137/538 [00:00<00:00, 499.99it/s]
Testing DataLoader 0:  26%|██▌       | 138/538 [00:00<00:00, 500.05it/s]
Testing DataLoader 0:  26%|██▌       | 139/538 [00:00<00:00, 500.07it/s]
Testing DataLoader 0:  26%|██▌       | 140/538 [00:00<00:00, 500.07it/s]
Testing DataLoader 0:  26%|██▌       | 141/538 [00:00<00:00, 500.13it/s]
Testing DataLoader 0:  26%|██▋       | 142/538 [00:00<00:00, 500.15it/s]
Testing DataLoader 0:  27%|██▋       | 143/538 [00:00<00:00, 500.26it/s]
Testing DataLoader 0:  27%|██▋       | 144/538 [00:00<00:00, 500.30it/s]
Testing DataLoader 0:  27%|██▋       | 145/538 [00:00<00:00, 500.35it/s]
Testing DataLoader 0:  27%|██▋       | 146/538 [00:00<00:00, 500.33it/s]
Testing DataLoader 0:  27%|██▋       | 147/538 [00:00<00:00, 500.37it/s]
Testing DataLoader 0:  28%|██▊       | 148/538 [00:00<00:00, 500.39it/s]
Testing DataLoader 0:  28%|██▊       | 149/538 [00:00<00:00, 500.19it/s]
Testing DataLoader 0:  28%|██▊       | 150/538 [00:00<00:00, 500.20it/s]
Testing DataLoader 0:  28%|██▊       | 151/538 [00:00<00:00, 500.29it/s]
Testing DataLoader 0:  28%|██▊       | 152/538 [00:00<00:00, 500.33it/s]
Testing DataLoader 0:  28%|██▊       | 153/538 [00:00<00:00, 500.38it/s]
Testing DataLoader 0:  29%|██▊       | 154/538 [00:00<00:00, 500.43it/s]
Testing DataLoader 0:  29%|██▉       | 155/538 [00:00<00:00, 500.44it/s]
Testing DataLoader 0:  29%|██▉       | 156/538 [00:00<00:00, 500.43it/s]
Testing DataLoader 0:  29%|██▉       | 157/538 [00:00<00:00, 500.49it/s]
Testing DataLoader 0:  29%|██▉       | 158/538 [00:00<00:00, 500.41it/s]
Testing DataLoader 0:  30%|██▉       | 159/538 [00:00<00:00, 500.47it/s]
Testing DataLoader 0:  30%|██▉       | 160/538 [00:00<00:00, 500.52it/s]
Testing DataLoader 0:  30%|██▉       | 161/538 [00:00<00:00, 500.62it/s]
Testing DataLoader 0:  30%|███       | 162/538 [00:00<00:00, 500.66it/s]
Testing DataLoader 0:  30%|███       | 163/538 [00:00<00:00, 500.69it/s]
Testing DataLoader 0:  30%|███       | 164/538 [00:00<00:00, 500.75it/s]
Testing DataLoader 0:  31%|███       | 165/538 [00:00<00:00, 500.80it/s]
Testing DataLoader 0:  31%|███       | 166/538 [00:00<00:00, 500.85it/s]
Testing DataLoader 0:  31%|███       | 167/538 [00:00<00:00, 500.94it/s]
Testing DataLoader 0:  31%|███       | 168/538 [00:00<00:00, 500.98it/s]
Testing DataLoader 0:  31%|███▏      | 169/538 [00:00<00:00, 501.07it/s]
Testing DataLoader 0:  32%|███▏      | 170/538 [00:00<00:00, 501.10it/s]
Testing DataLoader 0:  32%|███▏      | 171/538 [00:00<00:00, 501.16it/s]
Testing DataLoader 0:  32%|███▏      | 172/538 [00:00<00:00, 501.18it/s]
Testing DataLoader 0:  32%|███▏      | 173/538 [00:00<00:00, 501.23it/s]
Testing DataLoader 0:  32%|███▏      | 174/538 [00:00<00:00, 501.25it/s]
Testing DataLoader 0:  33%|███▎      | 175/538 [00:00<00:00, 501.33it/s]
Testing DataLoader 0:  33%|███▎      | 176/538 [00:00<00:00, 501.37it/s]
Testing DataLoader 0:  33%|███▎      | 177/538 [00:00<00:00, 501.47it/s]
Testing DataLoader 0:  33%|███▎      | 178/538 [00:00<00:00, 501.50it/s]
Testing DataLoader 0:  33%|███▎      | 179/538 [00:00<00:00, 501.53it/s]
Testing DataLoader 0:  33%|███▎      | 180/538 [00:00<00:00, 501.57it/s]
Testing DataLoader 0:  34%|███▎      | 181/538 [00:00<00:00, 501.61it/s]
Testing DataLoader 0:  34%|███▍      | 182/538 [00:00<00:00, 501.64it/s]
Testing DataLoader 0:  34%|███▍      | 183/538 [00:00<00:00, 501.71it/s]
Testing DataLoader 0:  34%|███▍      | 184/538 [00:00<00:00, 501.75it/s]
Testing DataLoader 0:  34%|███▍      | 185/538 [00:00<00:00, 501.81it/s]
Testing DataLoader 0:  35%|███▍      | 186/538 [00:00<00:00, 501.88it/s]
Testing DataLoader 0:  35%|███▍      | 187/538 [00:00<00:00, 501.92it/s]
Testing DataLoader 0:  35%|███▍      | 188/538 [00:00<00:00, 501.93it/s]
Testing DataLoader 0:  35%|███▌      | 189/538 [00:00<00:00, 501.98it/s]
Testing DataLoader 0:  35%|███▌      | 190/538 [00:00<00:00, 502.04it/s]
Testing DataLoader 0:  36%|███▌      | 191/538 [00:00<00:00, 502.12it/s]
Testing DataLoader 0:  36%|███▌      | 192/538 [00:00<00:00, 502.14it/s]
Testing DataLoader 0:  36%|███▌      | 193/538 [00:00<00:00, 502.22it/s]
Testing DataLoader 0:  36%|███▌      | 194/538 [00:00<00:00, 502.27it/s]
Testing DataLoader 0:  36%|███▌      | 195/538 [00:00<00:00, 502.31it/s]
Testing DataLoader 0:  36%|███▋      | 196/538 [00:00<00:00, 502.33it/s]
Testing DataLoader 0:  37%|███▋      | 197/538 [00:00<00:00, 502.33it/s]
Testing DataLoader 0:  37%|███▋      | 198/538 [00:00<00:00, 502.36it/s]
Testing DataLoader 0:  37%|███▋      | 199/538 [00:00<00:00, 502.43it/s]
Testing DataLoader 0:  37%|███▋      | 200/538 [00:00<00:00, 502.47it/s]
Testing DataLoader 0:  37%|███▋      | 201/538 [00:00<00:00, 502.52it/s]
Testing DataLoader 0:  38%|███▊      | 202/538 [00:00<00:00, 502.57it/s]
Testing DataLoader 0:  38%|███▊      | 203/538 [00:00<00:00, 502.57it/s]
Testing DataLoader 0:  38%|███▊      | 204/538 [00:00<00:00, 502.60it/s]
Testing DataLoader 0:  38%|███▊      | 205/538 [00:00<00:00, 502.65it/s]
Testing DataLoader 0:  38%|███▊      | 206/538 [00:00<00:00, 502.68it/s]
Testing DataLoader 0:  38%|███▊      | 207/538 [00:00<00:00, 502.71it/s]
Testing DataLoader 0:  39%|███▊      | 208/538 [00:00<00:00, 502.74it/s]
Testing DataLoader 0:  39%|███▉      | 209/538 [00:00<00:00, 502.79it/s]
Testing DataLoader 0:  39%|███▉      | 210/538 [00:00<00:00, 502.83it/s]
Testing DataLoader 0:  39%|███▉      | 211/538 [00:00<00:00, 502.85it/s]
Testing DataLoader 0:  39%|███▉      | 212/538 [00:00<00:00, 502.84it/s]
Testing DataLoader 0:  40%|███▉      | 213/538 [00:00<00:00, 502.85it/s]
Testing DataLoader 0:  40%|███▉      | 214/538 [00:00<00:00, 502.88it/s]
Testing DataLoader 0:  40%|███▉      | 215/538 [00:00<00:00, 502.94it/s]
Testing DataLoader 0:  40%|████      | 216/538 [00:00<00:00, 502.95it/s]
Testing DataLoader 0:  40%|████      | 217/538 [00:00<00:00, 503.02it/s]
Testing DataLoader 0:  41%|████      | 218/538 [00:00<00:00, 503.04it/s]
Testing DataLoader 0:  41%|████      | 219/538 [00:00<00:00, 503.07it/s]
Testing DataLoader 0:  41%|████      | 220/538 [00:00<00:00, 503.05it/s]
Testing DataLoader 0:  41%|████      | 221/538 [00:00<00:00, 503.09it/s]
Testing DataLoader 0:  41%|████▏     | 222/538 [00:00<00:00, 503.13it/s]
Testing DataLoader 0:  41%|████▏     | 223/538 [00:00<00:00, 503.19it/s]
Testing DataLoader 0:  42%|████▏     | 224/538 [00:00<00:00, 502.92it/s]
Testing DataLoader 0:  42%|████▏     | 225/538 [00:00<00:00, 502.96it/s]
Testing DataLoader 0:  42%|████▏     | 226/538 [00:00<00:00, 502.93it/s]
Testing DataLoader 0:  42%|████▏     | 227/538 [00:00<00:00, 502.98it/s]
Testing DataLoader 0:  42%|████▏     | 228/538 [00:00<00:00, 503.00it/s]
Testing DataLoader 0:  43%|████▎     | 229/538 [00:00<00:00, 503.03it/s]
Testing DataLoader 0:  43%|████▎     | 230/538 [00:00<00:00, 503.06it/s]
Testing DataLoader 0:  43%|████▎     | 231/538 [00:00<00:00, 503.11it/s]
Testing DataLoader 0:  43%|████▎     | 232/538 [00:00<00:00, 503.12it/s]
Testing DataLoader 0:  43%|████▎     | 233/538 [00:00<00:00, 503.15it/s]
Testing DataLoader 0:  43%|████▎     | 234/538 [00:00<00:00, 503.18it/s]
Testing DataLoader 0:  44%|████▎     | 235/538 [00:00<00:00, 503.17it/s]
Testing DataLoader 0:  44%|████▍     | 236/538 [00:00<00:00, 503.19it/s]
Testing DataLoader 0:  44%|████▍     | 237/538 [00:00<00:00, 503.18it/s]
Testing DataLoader 0:  44%|████▍     | 238/538 [00:00<00:00, 503.20it/s]
Testing DataLoader 0:  44%|████▍     | 239/538 [00:00<00:00, 503.24it/s]
Testing DataLoader 0:  45%|████▍     | 240/538 [00:00<00:00, 503.25it/s]
Testing DataLoader 0:  45%|████▍     | 241/538 [00:00<00:00, 503.30it/s]
Testing DataLoader 0:  45%|████▍     | 242/538 [00:00<00:00, 503.34it/s]
Testing DataLoader 0:  45%|████▌     | 243/538 [00:00<00:00, 503.36it/s]
Testing DataLoader 0:  45%|████▌     | 244/538 [00:00<00:00, 503.40it/s]
Testing DataLoader 0:  46%|████▌     | 245/538 [00:00<00:00, 503.42it/s]
Testing DataLoader 0:  46%|████▌     | 246/538 [00:00<00:00, 503.43it/s]
Testing DataLoader 0:  46%|████▌     | 247/538 [00:00<00:00, 503.46it/s]
Testing DataLoader 0:  46%|████▌     | 248/538 [00:00<00:00, 503.48it/s]
Testing DataLoader 0:  46%|████▋     | 249/538 [00:00<00:00, 503.53it/s]
Testing DataLoader 0:  46%|████▋     | 250/538 [00:00<00:00, 503.55it/s]
Testing DataLoader 0:  47%|████▋     | 251/538 [00:00<00:00, 503.57it/s]
Testing DataLoader 0:  47%|████▋     | 252/538 [00:00<00:00, 503.57it/s]
Testing DataLoader 0:  47%|████▋     | 253/538 [00:00<00:00, 503.59it/s]
Testing DataLoader 0:  47%|████▋     | 254/538 [00:00<00:00, 503.61it/s]
Testing DataLoader 0:  47%|████▋     | 255/538 [00:00<00:00, 503.68it/s]
Testing DataLoader 0:  48%|████▊     | 256/538 [00:00<00:00, 503.70it/s]
Testing DataLoader 0:  48%|████▊     | 257/538 [00:00<00:00, 503.75it/s]
Testing DataLoader 0:  48%|████▊     | 258/538 [00:00<00:00, 503.76it/s]
Testing DataLoader 0:  48%|████▊     | 259/538 [00:00<00:00, 503.78it/s]
Testing DataLoader 0:  48%|████▊     | 260/538 [00:00<00:00, 503.80it/s]
Testing DataLoader 0:  49%|████▊     | 261/538 [00:00<00:00, 503.81it/s]
Testing DataLoader 0:  49%|████▊     | 262/538 [00:00<00:00, 503.81it/s]
Testing DataLoader 0:  49%|████▉     | 263/538 [00:00<00:00, 503.85it/s]
Testing DataLoader 0:  49%|████▉     | 264/538 [00:00<00:00, 503.85it/s]
Testing DataLoader 0:  49%|████▉     | 265/538 [00:00<00:00, 503.89it/s]
Testing DataLoader 0:  49%|████▉     | 266/538 [00:00<00:00, 503.93it/s]
Testing DataLoader 0:  50%|████▉     | 267/538 [00:00<00:00, 503.95it/s]
Testing DataLoader 0:  50%|████▉     | 268/538 [00:00<00:00, 503.96it/s]
Testing DataLoader 0:  50%|█████     | 269/538 [00:00<00:00, 503.98it/s]
Testing DataLoader 0:  50%|█████     | 270/538 [00:00<00:00, 504.00it/s]
Testing DataLoader 0:  50%|█████     | 271/538 [00:00<00:00, 504.04it/s]
Testing DataLoader 0:  51%|█████     | 272/538 [00:00<00:00, 504.06it/s]
Testing DataLoader 0:  51%|█████     | 273/538 [00:00<00:00, 504.09it/s]
Testing DataLoader 0:  51%|█████     | 274/538 [00:00<00:00, 504.12it/s]
Testing DataLoader 0:  51%|█████     | 275/538 [00:00<00:00, 504.11it/s]
Testing DataLoader 0:  51%|█████▏    | 276/538 [00:00<00:00, 504.12it/s]
Testing DataLoader 0:  51%|█████▏    | 277/538 [00:00<00:00, 504.13it/s]
Testing DataLoader 0:  52%|█████▏    | 278/538 [00:00<00:00, 504.14it/s]
Testing DataLoader 0:  52%|█████▏    | 279/538 [00:00<00:00, 504.19it/s]
Testing DataLoader 0:  52%|█████▏    | 280/538 [00:00<00:00, 504.20it/s]
Testing DataLoader 0:  52%|█████▏    | 281/538 [00:00<00:00, 504.25it/s]
Testing DataLoader 0:  52%|█████▏    | 282/538 [00:00<00:00, 504.29it/s]
Testing DataLoader 0:  53%|█████▎    | 283/538 [00:00<00:00, 504.29it/s]
Testing DataLoader 0:  53%|█████▎    | 284/538 [00:00<00:00, 504.30it/s]
Testing DataLoader 0:  53%|█████▎    | 285/538 [00:00<00:00, 504.32it/s]
Testing DataLoader 0:  53%|█████▎    | 286/538 [00:00<00:00, 504.33it/s]
Testing DataLoader 0:  53%|█████▎    | 287/538 [00:00<00:00, 504.30it/s]
Testing DataLoader 0:  54%|█████▎    | 288/538 [00:00<00:00, 504.31it/s]
Testing DataLoader 0:  54%|█████▎    | 289/538 [00:00<00:00, 504.34it/s]
Testing DataLoader 0:  54%|█████▍    | 290/538 [00:00<00:00, 504.35it/s]
Testing DataLoader 0:  54%|█████▍    | 291/538 [00:00<00:00, 504.34it/s]
Testing DataLoader 0:  54%|█████▍    | 292/538 [00:00<00:00, 504.35it/s]
Testing DataLoader 0:  54%|█████▍    | 293/538 [00:00<00:00, 504.36it/s]
Testing DataLoader 0:  55%|█████▍    | 294/538 [00:00<00:00, 504.38it/s]
Testing DataLoader 0:  55%|█████▍    | 295/538 [00:00<00:00, 504.41it/s]
Testing DataLoader 0:  55%|█████▌    | 296/538 [00:00<00:00, 504.43it/s]
Testing DataLoader 0:  55%|█████▌    | 297/538 [00:00<00:00, 504.47it/s]
Testing DataLoader 0:  55%|█████▌    | 298/538 [00:00<00:00, 504.51it/s]
Testing DataLoader 0:  56%|█████▌    | 299/538 [00:00<00:00, 504.52it/s]
Testing DataLoader 0:  56%|█████▌    | 300/538 [00:00<00:00, 504.53it/s]
Testing DataLoader 0:  56%|█████▌    | 301/538 [00:00<00:00, 504.53it/s]
Testing DataLoader 0:  56%|█████▌    | 302/538 [00:00<00:00, 504.55it/s]
Testing DataLoader 0:  56%|█████▋    | 303/538 [00:00<00:00, 504.57it/s]
Testing DataLoader 0:  57%|█████▋    | 304/538 [00:00<00:00, 504.58it/s]
Testing DataLoader 0:  57%|█████▋    | 305/538 [00:00<00:00, 504.61it/s]
Testing DataLoader 0:  57%|█████▋    | 306/538 [00:00<00:00, 504.62it/s]
Testing DataLoader 0:  57%|█████▋    | 307/538 [00:00<00:00, 504.62it/s]
Testing DataLoader 0:  57%|█████▋    | 308/538 [00:00<00:00, 504.63it/s]
Testing DataLoader 0:  57%|█████▋    | 309/538 [00:00<00:00, 504.62it/s]
Testing DataLoader 0:  58%|█████▊    | 310/538 [00:00<00:00, 504.65it/s]
Testing DataLoader 0:  58%|█████▊    | 311/538 [00:00<00:00, 504.68it/s]
Testing DataLoader 0:  58%|█████▊    | 312/538 [00:00<00:00, 504.69it/s]
Testing DataLoader 0:  58%|█████▊    | 313/538 [00:00<00:00, 504.71it/s]
Testing DataLoader 0:  58%|█████▊    | 314/538 [00:00<00:00, 504.74it/s]
Testing DataLoader 0:  59%|█████▊    | 315/538 [00:00<00:00, 504.74it/s]
Testing DataLoader 0:  59%|█████▊    | 316/538 [00:00<00:00, 504.76it/s]
Testing DataLoader 0:  59%|█████▉    | 317/538 [00:00<00:00, 504.76it/s]
Testing DataLoader 0:  59%|█████▉    | 318/538 [00:00<00:00, 504.77it/s]
Testing DataLoader 0:  59%|█████▉    | 319/538 [00:00<00:00, 504.79it/s]
Testing DataLoader 0:  59%|█████▉    | 320/538 [00:00<00:00, 504.78it/s]
Testing DataLoader 0:  60%|█████▉    | 321/538 [00:00<00:00, 504.81it/s]
Testing DataLoader 0:  60%|█████▉    | 322/538 [00:00<00:00, 504.82it/s]
Testing DataLoader 0:  60%|██████    | 323/538 [00:00<00:00, 504.82it/s]
Testing DataLoader 0:  60%|██████    | 324/538 [00:00<00:00, 504.82it/s]
Testing DataLoader 0:  60%|██████    | 325/538 [00:00<00:00, 504.83it/s]
Testing DataLoader 0:  61%|██████    | 326/538 [00:00<00:00, 504.85it/s]
Testing DataLoader 0:  61%|██████    | 327/538 [00:00<00:00, 504.87it/s]
Testing DataLoader 0:  61%|██████    | 328/538 [00:00<00:00, 504.86it/s]
Testing DataLoader 0:  61%|██████    | 329/538 [00:00<00:00, 504.89it/s]
Testing DataLoader 0:  61%|██████▏   | 330/538 [00:00<00:00, 504.92it/s]
Testing DataLoader 0:  62%|██████▏   | 331/538 [00:00<00:00, 504.92it/s]
Testing DataLoader 0:  62%|██████▏   | 332/538 [00:00<00:00, 504.94it/s]
Testing DataLoader 0:  62%|██████▏   | 333/538 [00:00<00:00, 504.95it/s]
Testing DataLoader 0:  62%|██████▏   | 334/538 [00:00<00:00, 504.97it/s]
Testing DataLoader 0:  62%|██████▏   | 335/538 [00:00<00:00, 504.99it/s]
Testing DataLoader 0:  62%|██████▏   | 336/538 [00:00<00:00, 505.00it/s]
Testing DataLoader 0:  63%|██████▎   | 337/538 [00:00<00:00, 505.04it/s]
Testing DataLoader 0:  63%|██████▎   | 338/538 [00:00<00:00, 504.78it/s]
Testing DataLoader 0:  63%|██████▎   | 339/538 [00:00<00:00, 504.77it/s]
Testing DataLoader 0:  63%|██████▎   | 340/538 [00:00<00:00, 504.79it/s]
Testing DataLoader 0:  63%|██████▎   | 341/538 [00:00<00:00, 504.78it/s]
Testing DataLoader 0:  64%|██████▎   | 342/538 [00:00<00:00, 504.81it/s]
Testing DataLoader 0:  64%|██████▍   | 343/538 [00:00<00:00, 504.82it/s]
Testing DataLoader 0:  64%|██████▍   | 344/538 [00:00<00:00, 504.84it/s]
Testing DataLoader 0:  64%|██████▍   | 345/538 [00:00<00:00, 504.88it/s]
Testing DataLoader 0:  64%|██████▍   | 346/538 [00:00<00:00, 504.91it/s]
Testing DataLoader 0:  64%|██████▍   | 347/538 [00:00<00:00, 504.92it/s]
Testing DataLoader 0:  65%|██████▍   | 348/538 [00:00<00:00, 504.93it/s]
Testing DataLoader 0:  65%|██████▍   | 349/538 [00:00<00:00, 504.94it/s]
Testing DataLoader 0:  65%|██████▌   | 350/538 [00:00<00:00, 504.95it/s]
Testing DataLoader 0:  65%|██████▌   | 351/538 [00:00<00:00, 504.99it/s]
Testing DataLoader 0:  65%|██████▌   | 352/538 [00:00<00:00, 505.00it/s]
Testing DataLoader 0:  66%|██████▌   | 353/538 [00:00<00:00, 505.02it/s]
Testing DataLoader 0:  66%|██████▌   | 354/538 [00:00<00:00, 505.03it/s]
Testing DataLoader 0:  66%|██████▌   | 355/538 [00:00<00:00, 505.03it/s]
Testing DataLoader 0:  66%|██████▌   | 356/538 [00:00<00:00, 505.04it/s]
Testing DataLoader 0:  66%|██████▋   | 357/538 [00:00<00:00, 505.06it/s]
Testing DataLoader 0:  67%|██████▋   | 358/538 [00:00<00:00, 505.05it/s]
Testing DataLoader 0:  67%|██████▋   | 359/538 [00:00<00:00, 505.07it/s]
Testing DataLoader 0:  67%|██████▋   | 360/538 [00:00<00:00, 505.08it/s]
Testing DataLoader 0:  67%|██████▋   | 361/538 [00:00<00:00, 505.10it/s]
Testing DataLoader 0:  67%|██████▋   | 362/538 [00:00<00:00, 505.11it/s]
Testing DataLoader 0:  67%|██████▋   | 363/538 [00:00<00:00, 505.12it/s]
Testing DataLoader 0:  68%|██████▊   | 364/538 [00:00<00:00, 505.12it/s]
Testing DataLoader 0:  68%|██████▊   | 365/538 [00:00<00:00, 505.13it/s]
Testing DataLoader 0:  68%|██████▊   | 366/538 [00:00<00:00, 505.12it/s]
Testing DataLoader 0:  68%|██████▊   | 367/538 [00:00<00:00, 505.15it/s]
Testing DataLoader 0:  68%|██████▊   | 368/538 [00:00<00:00, 505.14it/s]
Testing DataLoader 0:  69%|██████▊   | 369/538 [00:00<00:00, 505.17it/s]
Testing DataLoader 0:  69%|██████▉   | 370/538 [00:00<00:00, 505.19it/s]
Testing DataLoader 0:  69%|██████▉   | 371/538 [00:00<00:00, 505.19it/s]
Testing DataLoader 0:  69%|██████▉   | 372/538 [00:00<00:00, 505.20it/s]
Testing DataLoader 0:  69%|██████▉   | 373/538 [00:00<00:00, 505.21it/s]
Testing DataLoader 0:  70%|██████▉   | 374/538 [00:00<00:00, 505.23it/s]
Testing DataLoader 0:  70%|██████▉   | 375/538 [00:00<00:00, 505.26it/s]
Testing DataLoader 0:  70%|██████▉   | 376/538 [00:00<00:00, 505.26it/s]
Testing DataLoader 0:  70%|███████   | 377/538 [00:00<00:00, 505.30it/s]
Testing DataLoader 0:  70%|███████   | 378/538 [00:00<00:00, 505.30it/s]
Testing DataLoader 0:  70%|███████   | 379/538 [00:00<00:00, 505.30it/s]
Testing DataLoader 0:  71%|███████   | 380/538 [00:00<00:00, 505.31it/s]
Testing DataLoader 0:  71%|███████   | 381/538 [00:00<00:00, 505.32it/s]
Testing DataLoader 0:  71%|███████   | 382/538 [00:00<00:00, 505.33it/s]
Testing DataLoader 0:  71%|███████   | 383/538 [00:00<00:00, 505.34it/s]
Testing DataLoader 0:  71%|███████▏  | 384/538 [00:00<00:00, 505.36it/s]
Testing DataLoader 0:  72%|███████▏  | 385/538 [00:00<00:00, 505.39it/s]
Testing DataLoader 0:  72%|███████▏  | 386/538 [00:00<00:00, 505.38it/s]
Testing DataLoader 0:  72%|███████▏  | 387/538 [00:00<00:00, 505.38it/s]
Testing DataLoader 0:  72%|███████▏  | 388/538 [00:00<00:00, 505.40it/s]
Testing DataLoader 0:  72%|███████▏  | 389/538 [00:00<00:00, 505.41it/s]
Testing DataLoader 0:  72%|███████▏  | 390/538 [00:00<00:00, 505.43it/s]
Testing DataLoader 0:  73%|███████▎  | 391/538 [00:00<00:00, 505.43it/s]
Testing DataLoader 0:  73%|███████▎  | 392/538 [00:00<00:00, 505.45it/s]
Testing DataLoader 0:  73%|███████▎  | 393/538 [00:00<00:00, 505.46it/s]
Testing DataLoader 0:  73%|███████▎  | 394/538 [00:00<00:00, 505.49it/s]
Testing DataLoader 0:  73%|███████▎  | 395/538 [00:00<00:00, 505.50it/s]
Testing DataLoader 0:  74%|███████▎  | 396/538 [00:00<00:00, 505.51it/s]
Testing DataLoader 0:  74%|███████▍  | 397/538 [00:00<00:00, 505.51it/s]
Testing DataLoader 0:  74%|███████▍  | 398/538 [00:00<00:00, 505.52it/s]
Testing DataLoader 0:  74%|███████▍  | 399/538 [00:00<00:00, 505.55it/s]
Testing DataLoader 0:  74%|███████▍  | 400/538 [00:00<00:00, 505.56it/s]
Testing DataLoader 0:  75%|███████▍  | 401/538 [00:00<00:00, 505.59it/s]
Testing DataLoader 0:  75%|███████▍  | 402/538 [00:00<00:00, 505.60it/s]
Testing DataLoader 0:  75%|███████▍  | 403/538 [00:00<00:00, 505.61it/s]
Testing DataLoader 0:  75%|███████▌  | 404/538 [00:00<00:00, 505.62it/s]
Testing DataLoader 0:  75%|███████▌  | 405/538 [00:00<00:00, 505.63it/s]
Testing DataLoader 0:  75%|███████▌  | 406/538 [00:00<00:00, 505.63it/s]
Testing DataLoader 0:  76%|███████▌  | 407/538 [00:00<00:00, 505.66it/s]
Testing DataLoader 0:  76%|███████▌  | 408/538 [00:00<00:00, 505.67it/s]
Testing DataLoader 0:  76%|███████▌  | 409/538 [00:00<00:00, 505.69it/s]
Testing DataLoader 0:  76%|███████▌  | 410/538 [00:00<00:00, 505.70it/s]
Testing DataLoader 0:  76%|███████▋  | 411/538 [00:00<00:00, 505.70it/s]
Testing DataLoader 0:  77%|███████▋  | 412/538 [00:00<00:00, 505.69it/s]
Testing DataLoader 0:  77%|███████▋  | 413/538 [00:00<00:00, 505.69it/s]
Testing DataLoader 0:  77%|███████▋  | 414/538 [00:00<00:00, 505.70it/s]
Testing DataLoader 0:  77%|███████▋  | 415/538 [00:00<00:00, 505.69it/s]
Testing DataLoader 0:  77%|███████▋  | 416/538 [00:00<00:00, 505.69it/s]
Testing DataLoader 0:  78%|███████▊  | 417/538 [00:00<00:00, 505.72it/s]
Testing DataLoader 0:  78%|███████▊  | 418/538 [00:00<00:00, 505.73it/s]
Testing DataLoader 0:  78%|███████▊  | 419/538 [00:00<00:00, 505.75it/s]
Testing DataLoader 0:  78%|███████▊  | 420/538 [00:00<00:00, 505.75it/s]
Testing DataLoader 0:  78%|███████▊  | 421/538 [00:00<00:00, 505.77it/s]
Testing DataLoader 0:  78%|███████▊  | 422/538 [00:00<00:00, 505.78it/s]
Testing DataLoader 0:  79%|███████▊  | 423/538 [00:00<00:00, 505.81it/s]
Testing DataLoader 0:  79%|███████▉  | 424/538 [00:00<00:00, 505.82it/s]
Testing DataLoader 0:  79%|███████▉  | 425/538 [00:00<00:00, 505.85it/s]
Testing DataLoader 0:  79%|███████▉  | 426/538 [00:00<00:00, 505.86it/s]
Testing DataLoader 0:  79%|███████▉  | 427/538 [00:00<00:00, 505.87it/s]
Testing DataLoader 0:  80%|███████▉  | 428/538 [00:00<00:00, 505.88it/s]
Testing DataLoader 0:  80%|███████▉  | 429/538 [00:00<00:00, 505.89it/s]
Testing DataLoader 0:  80%|███████▉  | 430/538 [00:00<00:00, 505.90it/s]
Testing DataLoader 0:  80%|████████  | 431/538 [00:00<00:00, 505.92it/s]
Testing DataLoader 0:  80%|████████  | 432/538 [00:00<00:00, 505.93it/s]
Testing DataLoader 0:  80%|████████  | 433/538 [00:00<00:00, 505.95it/s]
Testing DataLoader 0:  81%|████████  | 434/538 [00:00<00:00, 505.96it/s]
Testing DataLoader 0:  81%|████████  | 435/538 [00:00<00:00, 505.95it/s]
Testing DataLoader 0:  81%|████████  | 436/538 [00:00<00:00, 505.95it/s]
Testing DataLoader 0:  81%|████████  | 437/538 [00:00<00:00, 505.95it/s]
Testing DataLoader 0:  81%|████████▏ | 438/538 [00:00<00:00, 505.91it/s]
Testing DataLoader 0:  82%|████████▏ | 439/538 [00:00<00:00, 505.93it/s]
Testing DataLoader 0:  82%|████████▏ | 440/538 [00:00<00:00, 505.94it/s]
Testing DataLoader 0:  82%|████████▏ | 441/538 [00:00<00:00, 505.96it/s]
Testing DataLoader 0:  82%|████████▏ | 442/538 [00:00<00:00, 505.97it/s]
Testing DataLoader 0:  82%|████████▏ | 443/538 [00:00<00:00, 505.98it/s]
Testing DataLoader 0:  83%|████████▎ | 444/538 [00:00<00:00, 505.98it/s]
Testing DataLoader 0:  83%|████████▎ | 445/538 [00:00<00:00, 505.99it/s]
Testing DataLoader 0:  83%|████████▎ | 446/538 [00:00<00:00, 505.99it/s]
Testing DataLoader 0:  83%|████████▎ | 447/538 [00:00<00:00, 506.02it/s]
Testing DataLoader 0:  83%|████████▎ | 448/538 [00:00<00:00, 506.04it/s]
Testing DataLoader 0:  83%|████████▎ | 449/538 [00:00<00:00, 506.05it/s]
Testing DataLoader 0:  84%|████████▎ | 450/538 [00:00<00:00, 506.07it/s]
Testing DataLoader 0:  84%|████████▍ | 451/538 [00:00<00:00, 506.07it/s]
Testing DataLoader 0:  84%|████████▍ | 452/538 [00:00<00:00, 506.07it/s]
Testing DataLoader 0:  84%|████████▍ | 453/538 [00:00<00:00, 506.08it/s]
Testing DataLoader 0:  84%|████████▍ | 454/538 [00:00<00:00, 506.09it/s]
Testing DataLoader 0:  85%|████████▍ | 455/538 [00:00<00:00, 506.10it/s]
Testing DataLoader 0:  85%|████████▍ | 456/538 [00:00<00:00, 506.11it/s]
Testing DataLoader 0:  85%|████████▍ | 457/538 [00:00<00:00, 506.14it/s]
Testing DataLoader 0:  85%|████████▌ | 458/538 [00:00<00:00, 506.15it/s]
Testing DataLoader 0:  85%|████████▌ | 459/538 [00:00<00:00, 506.14it/s]
Testing DataLoader 0:  86%|████████▌ | 460/538 [00:00<00:00, 506.14it/s]
Testing DataLoader 0:  86%|████████▌ | 461/538 [00:00<00:00, 506.15it/s]
Testing DataLoader 0:  86%|████████▌ | 462/538 [00:00<00:00, 506.16it/s]
Testing DataLoader 0:  86%|████████▌ | 463/538 [00:00<00:00, 506.17it/s]
Testing DataLoader 0:  86%|████████▌ | 464/538 [00:00<00:00, 506.18it/s]
Testing DataLoader 0:  86%|████████▋ | 465/538 [00:00<00:00, 506.18it/s]
Testing DataLoader 0:  87%|████████▋ | 466/538 [00:00<00:00, 506.20it/s]
Testing DataLoader 0:  87%|████████▋ | 467/538 [00:00<00:00, 506.18it/s]
Testing DataLoader 0:  87%|████████▋ | 468/538 [00:00<00:00, 506.19it/s]
Testing DataLoader 0:  87%|████████▋ | 469/538 [00:00<00:00, 506.19it/s]
Testing DataLoader 0:  87%|████████▋ | 470/538 [00:00<00:00, 506.20it/s]
Testing DataLoader 0:  88%|████████▊ | 471/538 [00:00<00:00, 506.22it/s]
Testing DataLoader 0:  88%|████████▊ | 472/538 [00:00<00:00, 506.23it/s]
Testing DataLoader 0:  88%|████████▊ | 473/538 [00:00<00:00, 506.26it/s]
Testing DataLoader 0:  88%|████████▊ | 474/538 [00:00<00:00, 506.28it/s]
Testing DataLoader 0:  88%|████████▊ | 475/538 [00:00<00:00, 506.28it/s]
Testing DataLoader 0:  88%|████████▊ | 476/538 [00:00<00:00, 506.29it/s]
Testing DataLoader 0:  89%|████████▊ | 477/538 [00:00<00:00, 506.29it/s]
Testing DataLoader 0:  89%|████████▉ | 478/538 [00:00<00:00, 506.29it/s]
Testing DataLoader 0:  89%|████████▉ | 479/538 [00:00<00:00, 506.31it/s]
Testing DataLoader 0:  89%|████████▉ | 480/538 [00:00<00:00, 506.31it/s]
Testing DataLoader 0:  89%|████████▉ | 481/538 [00:00<00:00, 506.32it/s]
Testing DataLoader 0:  90%|████████▉ | 482/538 [00:00<00:00, 506.34it/s]
Testing DataLoader 0:  90%|████████▉ | 483/538 [00:00<00:00, 506.34it/s]
Testing DataLoader 0:  90%|████████▉ | 484/538 [00:00<00:00, 506.34it/s]
Testing DataLoader 0:  90%|█████████ | 485/538 [00:00<00:00, 506.35it/s]
Testing DataLoader 0:  90%|█████████ | 486/538 [00:00<00:00, 506.35it/s]
Testing DataLoader 0:  91%|█████████ | 487/538 [00:00<00:00, 506.37it/s]
Testing DataLoader 0:  91%|█████████ | 488/538 [00:00<00:00, 506.38it/s]
Testing DataLoader 0:  91%|█████████ | 489/538 [00:00<00:00, 506.39it/s]
Testing DataLoader 0:  91%|█████████ | 490/538 [00:00<00:00, 506.40it/s]
Testing DataLoader 0:  91%|█████████▏| 491/538 [00:00<00:00, 506.41it/s]
Testing DataLoader 0:  91%|█████████▏| 492/538 [00:00<00:00, 506.41it/s]
Testing DataLoader 0:  92%|█████████▏| 493/538 [00:00<00:00, 506.41it/s]
Testing DataLoader 0:  92%|█████████▏| 494/538 [00:00<00:00, 506.40it/s]
Testing DataLoader 0:  92%|█████████▏| 495/538 [00:00<00:00, 506.43it/s]
Testing DataLoader 0:  92%|█████████▏| 496/538 [00:00<00:00, 506.43it/s]
Testing DataLoader 0:  92%|█████████▏| 497/538 [00:00<00:00, 506.45it/s]
Testing DataLoader 0:  93%|█████████▎| 498/538 [00:00<00:00, 506.47it/s]
Testing DataLoader 0:  93%|█████████▎| 499/538 [00:00<00:00, 506.48it/s]
Testing DataLoader 0:  93%|█████████▎| 500/538 [00:00<00:00, 506.48it/s]
Testing DataLoader 0:  93%|█████████▎| 501/538 [00:00<00:00, 506.48it/s]
Testing DataLoader 0:  93%|█████████▎| 502/538 [00:00<00:00, 506.49it/s]
Testing DataLoader 0:  93%|█████████▎| 503/538 [00:00<00:00, 506.50it/s]
Testing DataLoader 0:  94%|█████████▎| 504/538 [00:00<00:00, 506.50it/s]
Testing DataLoader 0:  94%|█████████▍| 505/538 [00:00<00:00, 506.52it/s]
Testing DataLoader 0:  94%|█████████▍| 506/538 [00:00<00:00, 506.53it/s]
Testing DataLoader 0:  94%|█████████▍| 507/538 [00:01<00:00, 506.53it/s]
Testing DataLoader 0:  94%|█████████▍| 508/538 [00:01<00:00, 506.27it/s]
Testing DataLoader 0:  95%|█████████▍| 509/538 [00:01<00:00, 506.28it/s]
Testing DataLoader 0:  95%|█████████▍| 510/538 [00:01<00:00, 506.28it/s]
Testing DataLoader 0:  95%|█████████▍| 511/538 [00:01<00:00, 506.30it/s]
Testing DataLoader 0:  95%|█████████▌| 512/538 [00:01<00:00, 506.30it/s]
Testing DataLoader 0:  95%|█████████▌| 513/538 [00:01<00:00, 506.31it/s]
Testing DataLoader 0:  96%|█████████▌| 514/538 [00:01<00:00, 506.32it/s]
Testing DataLoader 0:  96%|█████████▌| 515/538 [00:01<00:00, 506.31it/s]
Testing DataLoader 0:  96%|█████████▌| 516/538 [00:01<00:00, 506.32it/s]
Testing DataLoader 0:  96%|█████████▌| 517/538 [00:01<00:00, 506.32it/s]
Testing DataLoader 0:  96%|█████████▋| 518/538 [00:01<00:00, 506.32it/s]
Testing DataLoader 0:  96%|█████████▋| 519/538 [00:01<00:00, 506.33it/s]
Testing DataLoader 0:  97%|█████████▋| 520/538 [00:01<00:00, 506.34it/s]
Testing DataLoader 0:  97%|█████████▋| 521/538 [00:01<00:00, 506.35it/s]
Testing DataLoader 0:  97%|█████████▋| 522/538 [00:01<00:00, 506.36it/s]
Testing DataLoader 0:  97%|█████████▋| 523/538 [00:01<00:00, 506.38it/s]
Testing DataLoader 0:  97%|█████████▋| 524/538 [00:01<00:00, 506.40it/s]
Testing DataLoader 0:  98%|█████████▊| 525/538 [00:01<00:00, 506.43it/s]
Testing DataLoader 0:  98%|█████████▊| 526/538 [00:01<00:00, 506.46it/s]
Testing DataLoader 0:  98%|█████████▊| 527/538 [00:01<00:00, 506.48it/s]
Testing DataLoader 0:  98%|█████████▊| 528/538 [00:01<00:00, 506.51it/s]
Testing DataLoader 0:  98%|█████████▊| 529/538 [00:01<00:00, 506.52it/s]
Testing DataLoader 0:  99%|█████████▊| 530/538 [00:01<00:00, 506.56it/s]
Testing DataLoader 0:  99%|█████████▊| 531/538 [00:01<00:00, 506.60it/s]
Testing DataLoader 0:  99%|█████████▉| 532/538 [00:01<00:00, 506.65it/s]
Testing DataLoader 0:  99%|█████████▉| 533/538 [00:01<00:00, 506.69it/s]
Testing DataLoader 0:  99%|█████████▉| 534/538 [00:01<00:00, 506.73it/s]
Testing DataLoader 0:  99%|█████████▉| 535/538 [00:01<00:00, 506.78it/s]
Testing DataLoader 0: 100%|█████████▉| 536/538 [00:01<00:00, 506.80it/s]
Testing DataLoader 0: 100%|█████████▉| 537/538 [00:01<00:00, 506.84it/s]
Testing DataLoader 0: 100%|██████████| 538/538 [00:01<00:00, 506.82it/s]
=======================================================
  Final Test Report for PCA
=======================================================
              precision    recall  f1-score   support

      Normal     0.4964    1.0000    0.6635     68297
   Anomalous     0.0000    0.0000    0.0000     69289

    accuracy                         0.4964    137586
   macro avg     0.2482    0.5000    0.3317    137586
weighted avg     0.2464    0.4964    0.3293    137586

=======================================================

Testing DataLoader 0: 100%|██████████| 538/538 [00:01<00:00, 493.53it/s]
Model: pca, Dataset: Fox, Window Size: 60, Split Method: 1
✓ Successfully processed: pca Fox 60
---
[3/3] Processing: rf | Fox | window_size=60
Using 8 workers for data loading.
Starting TRAIN and VALID for rf on Fox with window size 60...
--- Step 1: Loading input files ---
Loaded 687989 log events and a map of 6132 template vectors.
--- Step 2: Generating and processing sequences with window_size=60 ---
Found 1463 zero vectors in the aggregated feature vectors. out of 687929
--- Step 3: Performing chronological train-val-test split ---

Sanity Checking: |          | 0/? [00:00<?, ?it/s]
Sanity Checking:   0%|          | 0/2 [00:00<?, ?it/s]
Sanity Checking DataLoader 0:   0%|          | 0/2 [00:00<?, ?it/s]
Sanity Checking DataLoader 0:  50%|█████     | 1/2 [00:00<00:00, 1148.50it/s]
Sanity Checking DataLoader 0: 100%|██████████| 2/2 [00:00<00:00, 650.78it/s] 
                                                                            

Training: |          | 0/? [00:00<?, ?it/s]
--- Fitting sklearn model: RF ---
Model fitting complete.

Training:   0%|          | 0/1935 [00:00<?, ?it/s]
Epoch 0:   0%|          | 0/1935 [00:00<?, ?it/s] 
Epoch 0:   0%|          | 1/1935 [00:00<00:08, 219.54it/s]
Epoch 0:   0%|          | 1/1935 [00:00<00:09, 211.10it/s]
Epoch 0:   0%|          | 2/1935 [00:00<00:05, 360.82it/s]
Epoch 0:   0%|          | 2/1935 [00:00<00:05, 348.89it/s]
Epoch 0:   0%|          | 3/1935 [00:00<00:04, 469.13it/s]
Epoch 0:   0%|          | 3/1935 [00:00<00:04, 457.61it/s]
Epoch 0:   0%|          | 4/1935 [00:00<00:05, 374.97it/s]
Epoch 0:   0%|          | 4/1935 [00:00<00:05, 368.89it/s]
Epoch 0:   0%|          | 5/1935 [00:00<00:04, 434.90it/s]
Epoch 0:   0%|          | 5/1935 [00:00<00:04, 428.80it/s]
Epoch 0:   0%|          | 6/1935 [00:00<00:03, 487.73it/s]
Epoch 0:   0%|          | 6/1935 [00:00<00:04, 481.44it/s]
Epoch 0:   0%|          | 7/1935 [00:00<00:03, 534.62it/s]
Epoch 0:   0%|          | 7/1935 [00:00<00:03, 527.91it/s]
Epoch 0:   0%|          | 8/1935 [00:00<00:03, 575.85it/s]
Epoch 0:   0%|          | 8/1935 [00:00<00:03, 569.36it/s]
Epoch 0:   0%|          | 9/1935 [00:00<00:03, 525.47it/s]
Epoch 0:   0%|          | 9/1935 [00:00<00:03, 520.14it/s]
Epoch 0:   1%|          | 10/1935 [00:00<00:03, 525.67it/s]
Epoch 0:   1%|          | 10/1935 [00:00<00:03, 520.76it/s]
Epoch 0:   1%|          | 11/1935 [00:00<00:03, 554.62it/s]
Epoch 0:   1%|          | 11/1935 [00:00<00:03, 550.26it/s]
Epoch 0:   1%|          | 12/1935 [00:00<00:03, 580.83it/s]
Epoch 0:   1%|          | 12/1935 [00:00<00:03, 576.13it/s]
Epoch 0:   1%|          | 13/1935 [00:00<00:03, 589.80it/s]
Epoch 0:   1%|          | 13/1935 [00:00<00:03, 585.10it/s]
Epoch 0:   1%|          | 14/1935 [00:00<00:03, 612.06it/s]
Epoch 0:   1%|          | 14/1935 [00:00<00:03, 608.18it/s]
Epoch 0:   1%|          | 15/1935 [00:00<00:03, 634.00it/s]
Epoch 0:   1%|          | 15/1935 [00:00<00:03, 630.19it/s]
Epoch 0:   1%|          | 16/1935 [00:00<00:02, 654.32it/s]
Epoch 0:   1%|          | 16/1935 [00:00<00:02, 650.48it/s]
Epoch 0:   1%|          | 17/1935 [00:00<00:02, 657.94it/s]
Epoch 0:   1%|          | 17/1935 [00:00<00:02, 653.69it/s]
Epoch 0:   1%|          | 18/1935 [00:00<00:02, 660.50it/s]
Epoch 0:   1%|          | 18/1935 [00:00<00:02, 656.66it/s]
Epoch 0:   1%|          | 19/1935 [00:00<00:02, 663.30it/s]
Epoch 0:   1%|          | 19/1935 [00:00<00:02, 659.57it/s]
Epoch 0:   1%|          | 20/1935 [00:00<00:02, 666.15it/s]
Epoch 0:   1%|          | 20/1935 [00:00<00:02, 662.38it/s]
Epoch 0:   1%|          | 21/1935 [00:00<00:02, 669.16it/s]
Epoch 0:   1%|          | 21/1935 [00:00<00:02, 665.78it/s]
Epoch 0:   1%|          | 22/1935 [00:00<00:02, 671.54it/s]
Epoch 0:   1%|          | 22/1935 [00:00<00:02, 668.57it/s]
Epoch 0:   1%|          | 23/1935 [00:00<00:02, 674.89it/s]
Epoch 0:   1%|          | 23/1935 [00:00<00:02, 671.85it/s]
Epoch 0:   1%|          | 24/1935 [00:00<00:02, 677.34it/s]
Epoch 0:   1%|          | 24/1935 [00:00<00:02, 674.61it/s]
Epoch 0:   1%|▏         | 25/1935 [00:00<00:02, 679.55it/s]
Epoch 0:   1%|▏         | 25/1935 [00:00<00:02, 676.41it/s]
Epoch 0:   1%|▏         | 26/1935 [00:00<00:02, 680.65it/s]
Epoch 0:   1%|▏         | 26/1935 [00:00<00:02, 677.75it/s]
Epoch 0:   1%|▏         | 27/1935 [00:00<00:02, 682.72it/s]
Epoch 0:   1%|▏         | 27/1935 [00:00<00:02, 679.90it/s]
Epoch 0:   1%|▏         | 28/1935 [00:00<00:02, 684.03it/s]
Epoch 0:   1%|▏         | 28/1935 [00:00<00:02, 681.38it/s]
Epoch 0:   1%|▏         | 29/1935 [00:00<00:02, 684.79it/s]
Epoch 0:   1%|▏         | 29/1935 [00:00<00:02, 682.45it/s]
Epoch 0:   2%|▏         | 30/1935 [00:00<00:02, 686.60it/s]
Epoch 0:   2%|▏         | 30/1935 [00:00<00:02, 684.31it/s]
Epoch 0:   2%|▏         | 31/1935 [00:00<00:02, 688.91it/s]
Epoch 0:   2%|▏         | 31/1935 [00:00<00:02, 686.60it/s]
Epoch 0:   2%|▏         | 32/1935 [00:00<00:02, 689.89it/s]
Epoch 0:   2%|▏         | 32/1935 [00:00<00:02, 687.77it/s]
Epoch 0:   2%|▏         | 33/1935 [00:00<00:02, 691.53it/s]
Epoch 0:   2%|▏         | 33/1935 [00:00<00:02, 689.07it/s]
Epoch 0:   2%|▏         | 34/1935 [00:00<00:02, 692.46it/s]
Epoch 0:   2%|▏         | 34/1935 [00:00<00:02, 690.09it/s]
Epoch 0:   2%|▏         | 35/1935 [00:00<00:02, 693.78it/s]
Epoch 0:   2%|▏         | 35/1935 [00:00<00:02, 691.53it/s]
Epoch 0:   2%|▏         | 36/1935 [00:00<00:02, 694.66it/s]
Epoch 0:   2%|▏         | 36/1935 [00:00<00:02, 692.46it/s]
Epoch 0:   2%|▏         | 37/1935 [00:00<00:02, 695.16it/s]
Epoch 0:   2%|▏         | 37/1935 [00:00<00:02, 693.21it/s]
Epoch 0:   2%|▏         | 38/1935 [00:00<00:02, 696.25it/s]
Epoch 0:   2%|▏         | 38/1935 [00:00<00:02, 694.38it/s]
Epoch 0:   2%|▏         | 39/1935 [00:00<00:02, 697.69it/s]
Epoch 0:   2%|▏         | 39/1935 [00:00<00:02, 695.84it/s]
Epoch 0:   2%|▏         | 40/1935 [00:00<00:02, 698.04it/s]
Epoch 0:   2%|▏         | 40/1935 [00:00<00:02, 696.24it/s]
Epoch 0:   2%|▏         | 41/1935 [00:00<00:02, 698.86it/s]
Epoch 0:   2%|▏         | 41/1935 [00:00<00:02, 696.82it/s]
Epoch 0:   2%|▏         | 42/1935 [00:00<00:02, 699.53it/s]
Epoch 0:   2%|▏         | 42/1935 [00:00<00:02, 697.47it/s]
Epoch 0:   2%|▏         | 43/1935 [00:00<00:02, 700.13it/s]
Epoch 0:   2%|▏         | 43/1935 [00:00<00:02, 698.49it/s]
Epoch 0:   2%|▏         | 44/1935 [00:00<00:02, 701.24it/s]
Epoch 0:   2%|▏         | 44/1935 [00:00<00:02, 699.43it/s]
Epoch 0:   2%|▏         | 45/1935 [00:00<00:02, 702.07it/s]
Epoch 0:   2%|▏         | 45/1935 [00:00<00:02, 700.30it/s]
Epoch 0:   2%|▏         | 46/1935 [00:00<00:02, 702.77it/s]
Epoch 0:   2%|▏         | 46/1935 [00:00<00:02, 701.22it/s]
Epoch 0:   2%|▏         | 47/1935 [00:00<00:02, 703.84it/s]
Epoch 0:   2%|▏         | 47/1935 [00:00<00:02, 702.31it/s]
Epoch 0:   2%|▏         | 48/1935 [00:00<00:02, 704.51it/s]
Epoch 0:   2%|▏         | 48/1935 [00:00<00:02, 702.99it/s]
Epoch 0:   3%|▎         | 49/1935 [00:00<00:02, 705.42it/s]
Epoch 0:   3%|▎         | 49/1935 [00:00<00:02, 703.69it/s]
Epoch 0:   3%|▎         | 50/1935 [00:00<00:02, 706.01it/s]
Epoch 0:   3%|▎         | 50/1935 [00:00<00:02, 704.39it/s]
Epoch 0:   3%|▎         | 51/1935 [00:00<00:02, 706.51it/s]
Epoch 0:   3%|▎         | 51/1935 [00:00<00:02, 704.93it/s]
Epoch 0:   3%|▎         | 52/1935 [00:00<00:02, 707.12it/s]
Epoch 0:   3%|▎         | 52/1935 [00:00<00:02, 705.56it/s]
Epoch 0:   3%|▎         | 53/1935 [00:00<00:02, 707.78it/s]
Epoch 0:   3%|▎         | 53/1935 [00:00<00:02, 706.38it/s]
Epoch 0:   3%|▎         | 54/1935 [00:00<00:02, 708.25it/s]
Epoch 0:   3%|▎         | 54/1935 [00:00<00:02, 706.89it/s]
Epoch 0:   3%|▎         | 55/1935 [00:00<00:02, 709.00it/s]
Epoch 0:   3%|▎         | 55/1935 [00:00<00:02, 707.66it/s]
Epoch 0:   3%|▎         | 56/1935 [00:00<00:02, 709.97it/s]
Epoch 0:   3%|▎         | 56/1935 [00:00<00:02, 708.66it/s]
Epoch 0:   3%|▎         | 57/1935 [00:00<00:02, 710.55it/s]
Epoch 0:   3%|▎         | 57/1935 [00:00<00:02, 709.04it/s]
Epoch 0:   3%|▎         | 58/1935 [00:00<00:02, 710.88it/s]
Epoch 0:   3%|▎         | 58/1935 [00:00<00:02, 709.44it/s]
Epoch 0:   3%|▎         | 59/1935 [00:00<00:02, 711.18it/s]
Epoch 0:   3%|▎         | 59/1935 [00:00<00:02, 709.87it/s]
Epoch 0:   3%|▎         | 60/1935 [00:00<00:02, 711.44it/s]
Epoch 0:   3%|▎         | 60/1935 [00:00<00:02, 710.10it/s]
Epoch 0:   3%|▎         | 61/1935 [00:00<00:02, 711.98it/s]
Epoch 0:   3%|▎         | 61/1935 [00:00<00:02, 710.75it/s]
Epoch 0:   3%|▎         | 62/1935 [00:00<00:02, 712.54it/s]
Epoch 0:   3%|▎         | 62/1935 [00:00<00:02, 711.30it/s]
Epoch 0:   3%|▎         | 63/1935 [00:00<00:02, 712.73it/s]
Epoch 0:   3%|▎         | 63/1935 [00:00<00:02, 711.53it/s]
Epoch 0:   3%|▎         | 64/1935 [00:00<00:02, 713.36it/s]
Epoch 0:   3%|▎         | 64/1935 [00:00<00:02, 712.20it/s]
Epoch 0:   3%|▎         | 65/1935 [00:00<00:02, 713.99it/s]
Epoch 0:   3%|▎         | 65/1935 [00:00<00:02, 712.61it/s]
Epoch 0:   3%|▎         | 66/1935 [00:00<00:02, 714.05it/s]
Epoch 0:   3%|▎         | 66/1935 [00:00<00:02, 712.79it/s]
Epoch 0:   3%|▎         | 67/1935 [00:00<00:02, 714.31it/s]
Epoch 0:   3%|▎         | 67/1935 [00:00<00:02, 713.17it/s]
Epoch 0:   4%|▎         | 68/1935 [00:00<00:02, 714.66it/s]
Epoch 0:   4%|▎         | 68/1935 [00:00<00:02, 713.45it/s]
Epoch 0:   4%|▎         | 69/1935 [00:00<00:02, 714.90it/s]
Epoch 0:   4%|▎         | 69/1935 [00:00<00:02, 713.70it/s]
Epoch 0:   4%|▎         | 70/1935 [00:00<00:02, 715.10it/s]
Epoch 0:   4%|▎         | 70/1935 [00:00<00:02, 714.02it/s]
Epoch 0:   4%|▎         | 71/1935 [00:00<00:02, 715.53it/s]
Epoch 0:   4%|▎         | 71/1935 [00:00<00:02, 714.47it/s]
Epoch 0:   4%|▎         | 72/1935 [00:00<00:02, 716.10it/s]
Epoch 0:   4%|▎         | 72/1935 [00:00<00:02, 715.06it/s]
Epoch 0:   4%|▍         | 73/1935 [00:00<00:02, 716.52it/s]
Epoch 0:   4%|▍         | 73/1935 [00:00<00:02, 715.33it/s]
Epoch 0:   4%|▍         | 74/1935 [00:00<00:02, 716.77it/s]
Epoch 0:   4%|▍         | 74/1935 [00:00<00:02, 715.64it/s]
Epoch 0:   4%|▍         | 75/1935 [00:00<00:02, 716.97it/s]
Epoch 0:   4%|▍         | 75/1935 [00:00<00:02, 715.96it/s]
Epoch 0:   4%|▍         | 76/1935 [00:00<00:02, 717.28it/s]
Epoch 0:   4%|▍         | 76/1935 [00:00<00:02, 716.16it/s]
Epoch 0:   4%|▍         | 77/1935 [00:00<00:02, 717.46it/s]
Epoch 0:   4%|▍         | 77/1935 [00:00<00:02, 716.46it/s]
Epoch 0:   4%|▍         | 78/1935 [00:00<00:02, 717.76it/s]
Epoch 0:   4%|▍         | 78/1935 [00:00<00:02, 716.78it/s]
Epoch 0:   4%|▍         | 79/1935 [00:00<00:02, 718.10it/s]
Epoch 0:   4%|▍         | 79/1935 [00:00<00:02, 717.08it/s]
Epoch 0:   4%|▍         | 80/1935 [00:00<00:02, 718.38it/s]
Epoch 0:   4%|▍         | 80/1935 [00:00<00:02, 717.43it/s]
Epoch 0:   4%|▍         | 81/1935 [00:00<00:02, 718.60it/s]
Epoch 0:   4%|▍         | 81/1935 [00:00<00:02, 717.51it/s]
Epoch 0:   4%|▍         | 82/1935 [00:00<00:02, 718.66it/s]
Epoch 0:   4%|▍         | 82/1935 [00:00<00:02, 717.62it/s]
Epoch 0:   4%|▍         | 83/1935 [00:00<00:02, 718.68it/s]
Epoch 0:   4%|▍         | 83/1935 [00:00<00:02, 717.75it/s]
Epoch 0:   4%|▍         | 84/1935 [00:00<00:02, 718.93it/s]
Epoch 0:   4%|▍         | 84/1935 [00:00<00:02, 717.95it/s]
Epoch 0:   4%|▍         | 85/1935 [00:00<00:02, 719.07it/s]
Epoch 0:   4%|▍         | 85/1935 [00:00<00:02, 718.08it/s]
Epoch 0:   4%|▍         | 86/1935 [00:00<00:02, 719.23it/s]
Epoch 0:   4%|▍         | 86/1935 [00:00<00:02, 718.34it/s]
Epoch 0:   4%|▍         | 87/1935 [00:00<00:02, 719.63it/s]
Epoch 0:   4%|▍         | 87/1935 [00:00<00:02, 718.77it/s]
Epoch 0:   5%|▍         | 88/1935 [00:00<00:02, 719.83it/s]
Epoch 0:   5%|▍         | 88/1935 [00:00<00:02, 718.96it/s]
Epoch 0:   5%|▍         | 89/1935 [00:00<00:02, 720.02it/s]
Epoch 0:   5%|▍         | 89/1935 [00:00<00:02, 719.02it/s]
Epoch 0:   5%|▍         | 90/1935 [00:00<00:02, 720.19it/s]
Epoch 0:   5%|▍         | 90/1935 [00:00<00:02, 719.24it/s]
Epoch 0:   5%|▍         | 91/1935 [00:00<00:02, 720.28it/s]
Epoch 0:   5%|▍         | 91/1935 [00:00<00:02, 719.43it/s]
Epoch 0:   5%|▍         | 92/1935 [00:00<00:02, 720.46it/s]
Epoch 0:   5%|▍         | 92/1935 [00:00<00:02, 719.55it/s]
Epoch 0:   5%|▍         | 93/1935 [00:00<00:02, 720.70it/s]
Epoch 0:   5%|▍         | 93/1935 [00:00<00:02, 719.77it/s]
Epoch 0:   5%|▍         | 94/1935 [00:00<00:02, 720.71it/s]
Epoch 0:   5%|▍         | 94/1935 [00:00<00:02, 719.90it/s]
Epoch 0:   5%|▍         | 95/1935 [00:00<00:02, 721.09it/s]
Epoch 0:   5%|▍         | 95/1935 [00:00<00:02, 720.29it/s]
Epoch 0:   5%|▍         | 96/1935 [00:00<00:02, 721.50it/s]
Epoch 0:   5%|▍         | 96/1935 [00:00<00:02, 720.65it/s]
Epoch 0:   5%|▌         | 97/1935 [00:00<00:02, 721.72it/s]
Epoch 0:   5%|▌         | 97/1935 [00:00<00:02, 720.80it/s]
Epoch 0:   5%|▌         | 98/1935 [00:00<00:02, 721.87it/s]
Epoch 0:   5%|▌         | 98/1935 [00:00<00:02, 721.01it/s]
Epoch 0:   5%|▌         | 99/1935 [00:00<00:02, 722.09it/s]
Epoch 0:   5%|▌         | 99/1935 [00:00<00:02, 721.28it/s]
Epoch 0:   5%|▌         | 100/1935 [00:00<00:02, 722.31it/s]
Epoch 0:   5%|▌         | 100/1935 [00:00<00:02, 721.46it/s]
Epoch 0:   5%|▌         | 101/1935 [00:00<00:02, 722.48it/s]
Epoch 0:   5%|▌         | 101/1935 [00:00<00:02, 721.73it/s]
Epoch 0:   5%|▌         | 102/1935 [00:00<00:02, 722.72it/s]
Epoch 0:   5%|▌         | 102/1935 [00:00<00:02, 721.97it/s]
Epoch 0:   5%|▌         | 103/1935 [00:00<00:02, 722.91it/s]
Epoch 0:   5%|▌         | 103/1935 [00:00<00:02, 722.16it/s]
Epoch 0:   5%|▌         | 104/1935 [00:00<00:02, 723.25it/s]
Epoch 0:   5%|▌         | 104/1935 [00:00<00:02, 722.53it/s]
Epoch 0:   5%|▌         | 105/1935 [00:00<00:02, 723.51it/s]
Epoch 0:   5%|▌         | 105/1935 [00:00<00:02, 722.66it/s]
Epoch 0:   5%|▌         | 106/1935 [00:00<00:02, 723.53it/s]
Epoch 0:   5%|▌         | 106/1935 [00:00<00:02, 722.74it/s]
Epoch 0:   6%|▌         | 107/1935 [00:00<00:02, 723.75it/s]
Epoch 0:   6%|▌         | 107/1935 [00:00<00:02, 723.04it/s]
Epoch 0:   6%|▌         | 108/1935 [00:00<00:02, 723.96it/s]
Epoch 0:   6%|▌         | 108/1935 [00:00<00:02, 723.18it/s]
Epoch 0:   6%|▌         | 109/1935 [00:00<00:02, 724.10it/s]
Epoch 0:   6%|▌         | 109/1935 [00:00<00:02, 723.40it/s]
Epoch 0:   6%|▌         | 110/1935 [00:00<00:02, 724.33it/s]
Epoch 0:   6%|▌         | 110/1935 [00:00<00:02, 723.63it/s]
Epoch 0:   6%|▌         | 111/1935 [00:00<00:02, 724.53it/s]
Epoch 0:   6%|▌         | 111/1935 [00:00<00:02, 723.85it/s]
Epoch 0:   6%|▌         | 112/1935 [00:00<00:02, 724.93it/s]
Epoch 0:   6%|▌         | 112/1935 [00:00<00:02, 724.24it/s]
Epoch 0:   6%|▌         | 113/1935 [00:00<00:02, 725.10it/s]
Epoch 0:   6%|▌         | 113/1935 [00:00<00:02, 724.30it/s]
Epoch 0:   6%|▌         | 114/1935 [00:00<00:02, 725.15it/s]
Epoch 0:   6%|▌         | 114/1935 [00:00<00:02, 724.41it/s]
Epoch 0:   6%|▌         | 115/1935 [00:00<00:02, 725.31it/s]
Epoch 0:   6%|▌         | 115/1935 [00:00<00:02, 724.64it/s]
Epoch 0:   6%|▌         | 116/1935 [00:00<00:02, 725.46it/s]
Epoch 0:   6%|▌         | 116/1935 [00:00<00:02, 724.72it/s]
Epoch 0:   6%|▌         | 117/1935 [00:00<00:02, 725.53it/s]
Epoch 0:   6%|▌         | 117/1935 [00:00<00:02, 724.87it/s]
Epoch 0:   6%|▌         | 118/1935 [00:00<00:02, 725.63it/s]
Epoch 0:   6%|▌         | 118/1935 [00:00<00:02, 724.98it/s]
Epoch 0:   6%|▌         | 119/1935 [00:00<00:02, 725.91it/s]
Epoch 0:   6%|▌         | 119/1935 [00:00<00:02, 725.27it/s]
Epoch 0:   6%|▌         | 120/1935 [00:00<00:02, 726.21it/s]
Epoch 0:   6%|▌         | 120/1935 [00:00<00:02, 725.56it/s]
Epoch 0:   6%|▋         | 121/1935 [00:00<00:02, 726.42it/s]
Epoch 0:   6%|▋         | 121/1935 [00:00<00:02, 725.68it/s]
Epoch 0:   6%|▋         | 122/1935 [00:00<00:02, 726.51it/s]
Epoch 0:   6%|▋         | 122/1935 [00:00<00:02, 725.81it/s]
Epoch 0:   6%|▋         | 123/1935 [00:00<00:02, 726.63it/s]
Epoch 0:   6%|▋         | 123/1935 [00:00<00:02, 726.00it/s]
Epoch 0:   6%|▋         | 124/1935 [00:00<00:02, 726.72it/s]
Epoch 0:   6%|▋         | 124/1935 [00:00<00:02, 726.05it/s]
Epoch 0:   6%|▋         | 125/1935 [00:00<00:02, 726.79it/s]
Epoch 0:   6%|▋         | 125/1935 [00:00<00:02, 726.15it/s]
Epoch 0:   7%|▋         | 126/1935 [00:00<00:02, 726.92it/s]
Epoch 0:   7%|▋         | 126/1935 [00:00<00:02, 726.31it/s]
Epoch 0:   7%|▋         | 127/1935 [00:00<00:02, 727.12it/s]
Epoch 0:   7%|▋         | 127/1935 [00:00<00:02, 726.50it/s]
Epoch 0:   7%|▋         | 128/1935 [00:00<00:02, 727.37it/s]
Epoch 0:   7%|▋         | 128/1935 [00:00<00:02, 726.73it/s]
Epoch 0:   7%|▋         | 129/1935 [00:00<00:02, 727.45it/s]
Epoch 0:   7%|▋         | 129/1935 [00:00<00:02, 726.75it/s]
Epoch 0:   7%|▋         | 130/1935 [00:00<00:02, 727.49it/s]
Epoch 0:   7%|▋         | 130/1935 [00:00<00:02, 726.83it/s]
Epoch 0:   7%|▋         | 131/1935 [00:00<00:02, 727.58it/s]
Epoch 0:   7%|▋         | 131/1935 [00:00<00:02, 726.90it/s]
Epoch 0:   7%|▋         | 132/1935 [00:00<00:02, 727.68it/s]
Epoch 0:   7%|▋         | 132/1935 [00:00<00:02, 727.04it/s]
Epoch 0:   7%|▋         | 133/1935 [00:00<00:02, 727.75it/s]
Epoch 0:   7%|▋         | 133/1935 [00:00<00:02, 727.16it/s]
Epoch 0:   7%|▋         | 134/1935 [00:00<00:02, 727.90it/s]
Epoch 0:   7%|▋         | 134/1935 [00:00<00:02, 727.29it/s]
Epoch 0:   7%|▋         | 135/1935 [00:00<00:02, 728.05it/s]
Epoch 0:   7%|▋         | 135/1935 [00:00<00:02, 727.46it/s]
Epoch 0:   7%|▋         | 136/1935 [00:00<00:02, 728.16it/s]
Epoch 0:   7%|▋         | 136/1935 [00:00<00:02, 727.59it/s]
Epoch 0:   7%|▋         | 137/1935 [00:00<00:02, 728.25it/s]
Epoch 0:   7%|▋         | 137/1935 [00:00<00:02, 727.57it/s]
Epoch 0:   7%|▋         | 138/1935 [00:00<00:02, 728.30it/s]
Epoch 0:   7%|▋         | 138/1935 [00:00<00:02, 727.67it/s]
Epoch 0:   7%|▋         | 139/1935 [00:00<00:02, 728.13it/s]
Epoch 0:   7%|▋         | 139/1935 [00:00<00:02, 727.50it/s]
Epoch 0:   7%|▋         | 140/1935 [00:00<00:02, 728.05it/s]
Epoch 0:   7%|▋         | 140/1935 [00:00<00:02, 727.50it/s]
Epoch 0:   7%|▋         | 141/1935 [00:00<00:02, 728.33it/s]
Epoch 0:   7%|▋         | 141/1935 [00:00<00:02, 727.72it/s]
Epoch 0:   7%|▋         | 142/1935 [00:00<00:02, 728.39it/s]
Epoch 0:   7%|▋         | 142/1935 [00:00<00:02, 727.85it/s]
Epoch 0:   7%|▋         | 143/1935 [00:00<00:02, 728.57it/s]
Epoch 0:   7%|▋         | 143/1935 [00:00<00:02, 728.03it/s]
Epoch 0:   7%|▋         | 144/1935 [00:00<00:02, 728.79it/s]
Epoch 0:   7%|▋         | 144/1935 [00:00<00:02, 728.26it/s]
Epoch 0:   7%|▋         | 145/1935 [00:00<00:02, 728.88it/s]
Epoch 0:   7%|▋         | 145/1935 [00:00<00:02, 728.24it/s]
Epoch 0:   8%|▊         | 146/1935 [00:00<00:02, 728.90it/s]
Epoch 0:   8%|▊         | 146/1935 [00:00<00:02, 728.31it/s]
Epoch 0:   8%|▊         | 147/1935 [00:00<00:02, 729.01it/s]
Epoch 0:   8%|▊         | 147/1935 [00:00<00:02, 728.41it/s]
Epoch 0:   8%|▊         | 148/1935 [00:00<00:02, 729.06it/s]
Epoch 0:   8%|▊         | 148/1935 [00:00<00:02, 728.47it/s]
Epoch 0:   8%|▊         | 149/1935 [00:00<00:02, 729.22it/s]
Epoch 0:   8%|▊         | 149/1935 [00:00<00:02, 728.70it/s]
Epoch 0:   8%|▊         | 150/1935 [00:00<00:02, 729.37it/s]
Epoch 0:   8%|▊         | 150/1935 [00:00<00:02, 728.86it/s]
Epoch 0:   8%|▊         | 151/1935 [00:00<00:02, 729.48it/s]
Epoch 0:   8%|▊         | 151/1935 [00:00<00:02, 728.82it/s]
Epoch 0:   8%|▊         | 152/1935 [00:00<00:02, 729.42it/s]
Epoch 0:   8%|▊         | 152/1935 [00:00<00:02, 728.91it/s]
Epoch 0:   8%|▊         | 153/1935 [00:00<00:02, 729.53it/s]
Epoch 0:   8%|▊         | 153/1935 [00:00<00:02, 728.93it/s]
Epoch 0:   8%|▊         | 154/1935 [00:00<00:02, 729.45it/s]
Epoch 0:   8%|▊         | 154/1935 [00:00<00:02, 728.90it/s]
Epoch 0:   8%|▊         | 155/1935 [00:00<00:02, 729.48it/s]
Epoch 0:   8%|▊         | 155/1935 [00:00<00:02, 728.91it/s]
Epoch 0:   8%|▊         | 156/1935 [00:00<00:02, 729.56it/s]
Epoch 0:   8%|▊         | 156/1935 [00:00<00:02, 729.02it/s]
Epoch 0:   8%|▊         | 157/1935 [00:00<00:02, 729.60it/s]
Epoch 0:   8%|▊         | 157/1935 [00:00<00:02, 729.06it/s]
Epoch 0:   8%|▊         | 158/1935 [00:00<00:02, 729.65it/s]
Epoch 0:   8%|▊         | 158/1935 [00:00<00:02, 729.16it/s]
Epoch 0:   8%|▊         | 159/1935 [00:00<00:02, 729.84it/s]
Epoch 0:   8%|▊         | 159/1935 [00:00<00:02, 729.35it/s]
Epoch 0:   8%|▊         | 160/1935 [00:00<00:02, 729.93it/s]
Epoch 0:   8%|▊         | 160/1935 [00:00<00:02, 729.44it/s]
Epoch 0:   8%|▊         | 161/1935 [00:00<00:02, 730.09it/s]
Epoch 0:   8%|▊         | 161/1935 [00:00<00:02, 729.52it/s]
Epoch 0:   8%|▊         | 162/1935 [00:00<00:02, 730.10it/s]
Epoch 0:   8%|▊         | 162/1935 [00:00<00:02, 729.56it/s]
Epoch 0:   8%|▊         | 163/1935 [00:00<00:02, 730.01it/s]
Epoch 0:   8%|▊         | 163/1935 [00:00<00:02, 729.47it/s]
Epoch 0:   8%|▊         | 164/1935 [00:00<00:02, 730.07it/s]
Epoch 0:   8%|▊         | 164/1935 [00:00<00:02, 729.54it/s]
Epoch 0:   9%|▊         | 165/1935 [00:00<00:02, 730.22it/s]
Epoch 0:   9%|▊         | 165/1935 [00:00<00:02, 729.73it/s]
Epoch 0:   9%|▊         | 166/1935 [00:00<00:02, 730.31it/s]
Epoch 0:   9%|▊         | 166/1935 [00:00<00:02, 729.85it/s]
Epoch 0:   9%|▊         | 167/1935 [00:00<00:02, 730.48it/s]
Epoch 0:   9%|▊         | 167/1935 [00:00<00:02, 730.02it/s]
Epoch 0:   9%|▊         | 168/1935 [00:00<00:02, 730.33it/s]
Epoch 0:   9%|▊         | 168/1935 [00:00<00:02, 729.77it/s]
Epoch 0:   9%|▊         | 169/1935 [00:00<00:02, 730.22it/s]
Epoch 0:   9%|▊         | 169/1935 [00:00<00:02, 729.76it/s]
Epoch 0:   9%|▉         | 170/1935 [00:00<00:02, 730.36it/s]
Epoch 0:   9%|▉         | 170/1935 [00:00<00:02, 729.86it/s]
Epoch 0:   9%|▉         | 171/1935 [00:00<00:02, 730.48it/s]
Epoch 0:   9%|▉         | 171/1935 [00:00<00:02, 729.90it/s]
Epoch 0:   9%|▉         | 172/1935 [00:00<00:02, 730.46it/s]
Epoch 0:   9%|▉         | 172/1935 [00:00<00:02, 729.95it/s]
Epoch 0:   9%|▉         | 173/1935 [00:00<00:02, 730.56it/s]
Epoch 0:   9%|▉         | 173/1935 [00:00<00:02, 730.11it/s]
Epoch 0:   9%|▉         | 174/1935 [00:00<00:02, 730.56it/s]
Epoch 0:   9%|▉         | 174/1935 [00:00<00:02, 730.10it/s]
Epoch 0:   9%|▉         | 175/1935 [00:00<00:02, 730.62it/s]
Epoch 0:   9%|▉         | 175/1935 [00:00<00:02, 730.17it/s]
Epoch 0:   9%|▉         | 176/1935 [00:00<00:02, 730.60it/s]
Epoch 0:   9%|▉         | 176/1935 [00:00<00:02, 730.13it/s]
Epoch 0:   9%|▉         | 177/1935 [00:00<00:02, 730.63it/s]
Epoch 0:   9%|▉         | 177/1935 [00:00<00:02, 730.11it/s]
Epoch 0:   9%|▉         | 178/1935 [00:00<00:02, 730.64it/s]
Epoch 0:   9%|▉         | 178/1935 [00:00<00:02, 730.15it/s]
Epoch 0:   9%|▉         | 179/1935 [00:00<00:02, 730.75it/s]
Epoch 0:   9%|▉         | 179/1935 [00:00<00:02, 730.24it/s]
Epoch 0:   9%|▉         | 180/1935 [00:00<00:02, 730.74it/s]
Epoch 0:   9%|▉         | 180/1935 [00:00<00:02, 730.26it/s]
Epoch 0:   9%|▉         | 181/1935 [00:00<00:02, 730.88it/s]
Epoch 0:   9%|▉         | 181/1935 [00:00<00:02, 730.45it/s]
Epoch 0:   9%|▉         | 182/1935 [00:00<00:02, 730.99it/s]
Epoch 0:   9%|▉         | 182/1935 [00:00<00:02, 730.55it/s]
Epoch 0:   9%|▉         | 183/1935 [00:00<00:02, 731.06it/s]
Epoch 0:   9%|▉         | 183/1935 [00:00<00:02, 730.63it/s]
Epoch 0:  10%|▉         | 184/1935 [00:00<00:02, 731.12it/s]
Epoch 0:  10%|▉         | 184/1935 [00:00<00:02, 730.67it/s]
Epoch 0:  10%|▉         | 185/1935 [00:00<00:02, 731.20it/s]
Epoch 0:  10%|▉         | 185/1935 [00:00<00:02, 730.69it/s]
Epoch 0:  10%|▉         | 186/1935 [00:00<00:02, 731.21it/s]
Epoch 0:  10%|▉         | 186/1935 [00:00<00:02, 730.74it/s]
Epoch 0:  10%|▉         | 187/1935 [00:00<00:02, 731.32it/s]
Epoch 0:  10%|▉         | 187/1935 [00:00<00:02, 730.86it/s]
Epoch 0:  10%|▉         | 188/1935 [00:00<00:02, 731.39it/s]
Epoch 0:  10%|▉         | 188/1935 [00:00<00:02, 730.88it/s]
Epoch 0:  10%|▉         | 189/1935 [00:00<00:02, 731.39it/s]
Epoch 0:  10%|▉         | 189/1935 [00:00<00:02, 730.99it/s]
Epoch 0:  10%|▉         | 190/1935 [00:00<00:02, 731.47it/s]
Epoch 0:  10%|▉         | 190/1935 [00:00<00:02, 731.06it/s]
Epoch 0:  10%|▉         | 191/1935 [00:00<00:02, 731.58it/s]
Epoch 0:  10%|▉         | 191/1935 [00:00<00:02, 731.14it/s]
Epoch 0:  10%|▉         | 192/1935 [00:00<00:02, 731.57it/s]
Epoch 0:  10%|▉         | 192/1935 [00:00<00:02, 731.17it/s]
Epoch 0:  10%|▉         | 193/1935 [00:00<00:02, 731.67it/s]
Epoch 0:  10%|▉         | 193/1935 [00:00<00:02, 731.19it/s]
Epoch 0:  10%|█         | 194/1935 [00:00<00:02, 731.70it/s]
Epoch 0:  10%|█         | 194/1935 [00:00<00:02, 731.25it/s]
Epoch 0:  10%|█         | 195/1935 [00:00<00:02, 731.78it/s]
Epoch 0:  10%|█         | 195/1935 [00:00<00:02, 731.33it/s]
Epoch 0:  10%|█         | 196/1935 [00:00<00:02, 731.84it/s]
Epoch 0:  10%|█         | 196/1935 [00:00<00:02, 731.40it/s]
Epoch 0:  10%|█         | 197/1935 [00:00<00:02, 731.95it/s]
Epoch 0:  10%|█         | 197/1935 [00:00<00:02, 731.56it/s]
Epoch 0:  10%|█         | 198/1935 [00:00<00:02, 732.01it/s]
Epoch 0:  10%|█         | 198/1935 [00:00<00:02, 731.61it/s]
Epoch 0:  10%|█         | 199/1935 [00:00<00:02, 731.83it/s]
Epoch 0:  10%|█         | 199/1935 [00:00<00:02, 731.40it/s]
Epoch 0:  10%|█         | 200/1935 [00:00<00:02, 731.81it/s]
Epoch 0:  10%|█         | 200/1935 [00:00<00:02, 731.38it/s]
Epoch 0:  10%|█         | 201/1935 [00:00<00:02, 731.84it/s]
Epoch 0:  10%|█         | 201/1935 [00:00<00:02, 731.38it/s]
Epoch 0:  10%|█         | 202/1935 [00:00<00:02, 731.87it/s]
Epoch 0:  10%|█         | 202/1935 [00:00<00:02, 731.46it/s]
Epoch 0:  10%|█         | 203/1935 [00:00<00:02, 731.99it/s]
Epoch 0:  10%|█         | 203/1935 [00:00<00:02, 731.55it/s]
Epoch 0:  11%|█         | 204/1935 [00:00<00:02, 731.99it/s]
Epoch 0:  11%|█         | 204/1935 [00:00<00:02, 731.56it/s]
Epoch 0:  11%|█         | 205/1935 [00:00<00:02, 732.07it/s]
Epoch 0:  11%|█         | 205/1935 [00:00<00:02, 731.67it/s]
Epoch 0:  11%|█         | 206/1935 [00:00<00:02, 732.14it/s]
Epoch 0:  11%|█         | 206/1935 [00:00<00:02, 731.76it/s]
Epoch 0:  11%|█         | 207/1935 [00:00<00:02, 732.24it/s]
Epoch 0:  11%|█         | 207/1935 [00:00<00:02, 731.83it/s]
Epoch 0:  11%|█         | 208/1935 [00:00<00:02, 732.30it/s]
Epoch 0:  11%|█         | 208/1935 [00:00<00:02, 731.87it/s]
Epoch 0:  11%|█         | 209/1935 [00:00<00:02, 732.32it/s]
Epoch 0:  11%|█         | 209/1935 [00:00<00:02, 731.87it/s]
Epoch 0:  11%|█         | 210/1935 [00:00<00:02, 732.26it/s]
Epoch 0:  11%|█         | 210/1935 [00:00<00:02, 731.84it/s]
Epoch 0:  11%|█         | 211/1935 [00:00<00:02, 732.34it/s]
Epoch 0:  11%|█         | 211/1935 [00:00<00:02, 731.92it/s]
Epoch 0:  11%|█         | 212/1935 [00:00<00:02, 732.39it/s]
Epoch 0:  11%|█         | 212/1935 [00:00<00:02, 731.99it/s]
Epoch 0:  11%|█         | 213/1935 [00:00<00:02, 732.51it/s]
Epoch 0:  11%|█         | 213/1935 [00:00<00:02, 732.12it/s]
Epoch 0:  11%|█         | 214/1935 [00:00<00:02, 732.50it/s]
Epoch 0:  11%|█         | 214/1935 [00:00<00:02, 732.10it/s]
Epoch 0:  11%|█         | 215/1935 [00:00<00:02, 732.59it/s]
Epoch 0:  11%|█         | 215/1935 [00:00<00:02, 732.22it/s]
Epoch 0:  11%|█         | 216/1935 [00:00<00:02, 732.68it/s]
Epoch 0:  11%|█         | 216/1935 [00:00<00:02, 732.32it/s]
Epoch 0:  11%|█         | 217/1935 [00:00<00:02, 732.75it/s]
Epoch 0:  11%|█         | 217/1935 [00:00<00:02, 732.31it/s]
Epoch 0:  11%|█▏        | 218/1935 [00:00<00:02, 732.77it/s]
Epoch 0:  11%|█▏        | 218/1935 [00:00<00:02, 732.36it/s]
Epoch 0:  11%|█▏        | 219/1935 [00:00<00:02, 732.87it/s]
Epoch 0:  11%|█▏        | 219/1935 [00:00<00:02, 732.46it/s]
Epoch 0:  11%|█▏        | 220/1935 [00:00<00:02, 732.86it/s]
Epoch 0:  11%|█▏        | 220/1935 [00:00<00:02, 732.46it/s]
Epoch 0:  11%|█▏        | 221/1935 [00:00<00:02, 732.97it/s]
Epoch 0:  11%|█▏        | 221/1935 [00:00<00:02, 732.62it/s]
Epoch 0:  11%|█▏        | 222/1935 [00:00<00:02, 733.05it/s]
Epoch 0:  11%|█▏        | 222/1935 [00:00<00:02, 732.66it/s]
Epoch 0:  12%|█▏        | 223/1935 [00:00<00:02, 733.11it/s]
Epoch 0:  12%|█▏        | 223/1935 [00:00<00:02, 732.72it/s]
Epoch 0:  12%|█▏        | 224/1935 [00:00<00:02, 733.16it/s]
Epoch 0:  12%|█▏        | 224/1935 [00:00<00:02, 732.81it/s]
Epoch 0:  12%|█▏        | 225/1935 [00:00<00:02, 733.26it/s]
Epoch 0:  12%|█▏        | 225/1935 [00:00<00:02, 732.84it/s]
Epoch 0:  12%|█▏        | 226/1935 [00:00<00:02, 733.19it/s]
Epoch 0:  12%|█▏        | 226/1935 [00:00<00:02, 732.80it/s]
Epoch 0:  12%|█▏        | 227/1935 [00:00<00:02, 733.29it/s]
Epoch 0:  12%|█▏        | 227/1935 [00:00<00:02, 732.90it/s]
Epoch 0:  12%|█▏        | 228/1935 [00:00<00:02, 733.33it/s]
Epoch 0:  12%|█▏        | 228/1935 [00:00<00:02, 732.94it/s]
Epoch 0:  12%|█▏        | 229/1935 [00:00<00:02, 733.40it/s]
Epoch 0:  12%|█▏        | 229/1935 [00:00<00:02, 733.04it/s]
Epoch 0:  12%|█▏        | 230/1935 [00:00<00:02, 733.46it/s]
Epoch 0:  12%|█▏        | 230/1935 [00:00<00:02, 733.09it/s]
Epoch 0:  12%|█▏        | 231/1935 [00:00<00:02, 733.54it/s]
Epoch 0:  12%|█▏        | 231/1935 [00:00<00:02, 733.18it/s]
Epoch 0:  12%|█▏        | 232/1935 [00:00<00:02, 733.49it/s]
Epoch 0:  12%|█▏        | 232/1935 [00:00<00:02, 733.14it/s]
Epoch 0:  12%|█▏        | 233/1935 [00:00<00:02, 733.54it/s]
Epoch 0:  12%|█▏        | 233/1935 [00:00<00:02, 733.14it/s]
Epoch 0:  12%|█▏        | 234/1935 [00:00<00:02, 733.54it/s]
Epoch 0:  12%|█▏        | 234/1935 [00:00<00:02, 733.15it/s]
Epoch 0:  12%|█▏        | 235/1935 [00:00<00:02, 733.61it/s]
Epoch 0:  12%|█▏        | 235/1935 [00:00<00:02, 733.23it/s]
Epoch 0:  12%|█▏        | 236/1935 [00:00<00:02, 733.64it/s]
Epoch 0:  12%|█▏        | 236/1935 [00:00<00:02, 733.28it/s]
Epoch 0:  12%|█▏        | 237/1935 [00:00<00:02, 733.77it/s]
Epoch 0:  12%|█▏        | 237/1935 [00:00<00:02, 733.39it/s]
Epoch 0:  12%|█▏        | 238/1935 [00:00<00:02, 733.78it/s]
Epoch 0:  12%|█▏        | 238/1935 [00:00<00:02, 733.45it/s]
Epoch 0:  12%|█▏        | 239/1935 [00:00<00:02, 733.88it/s]
Epoch 0:  12%|█▏        | 239/1935 [00:00<00:02, 733.56it/s]
Epoch 0:  12%|█▏        | 240/1935 [00:00<00:02, 733.96it/s]
Epoch 0:  12%|█▏        | 240/1935 [00:00<00:02, 733.61it/s]
Epoch 0:  12%|█▏        | 241/1935 [00:00<00:02, 734.01it/s]
Epoch 0:  12%|█▏        | 241/1935 [00:00<00:02, 733.62it/s]
Epoch 0:  13%|█▎        | 242/1935 [00:00<00:02, 734.00it/s]
Epoch 0:  13%|█▎        | 242/1935 [00:00<00:02, 733.64it/s]
Epoch 0:  13%|█▎        | 243/1935 [00:00<00:02, 734.10it/s]
Epoch 0:  13%|█▎        | 243/1935 [00:00<00:02, 733.70it/s]
Epoch 0:  13%|█▎        | 244/1935 [00:00<00:02, 734.07it/s]
Epoch 0:  13%|█▎        | 244/1935 [00:00<00:02, 733.71it/s]
Epoch 0:  13%|█▎        | 245/1935 [00:00<00:02, 726.10it/s]
Epoch 0:  13%|█▎        | 245/1935 [00:00<00:02, 725.78it/s]
Epoch 0:  13%|█▎        | 246/1935 [00:00<00:02, 726.13it/s]
Epoch 0:  13%|█▎        | 246/1935 [00:00<00:02, 725.82it/s]
Epoch 0:  13%|█▎        | 247/1935 [00:00<00:02, 726.24it/s]
Epoch 0:  13%|█▎        | 247/1935 [00:00<00:02, 725.92it/s]
Epoch 0:  13%|█▎        | 248/1935 [00:00<00:02, 726.34it/s]
Epoch 0:  13%|█▎        | 248/1935 [00:00<00:02, 726.01it/s]
Epoch 0:  13%|█▎        | 249/1935 [00:00<00:02, 726.41it/s]
Epoch 0:  13%|█▎        | 249/1935 [00:00<00:02, 726.04it/s]
Epoch 0:  13%|█▎        | 250/1935 [00:00<00:02, 726.44it/s]
Epoch 0:  13%|█▎        | 250/1935 [00:00<00:02, 726.10it/s]
Epoch 0:  13%|█▎        | 251/1935 [00:00<00:02, 726.55it/s]
Epoch 0:  13%|█▎        | 251/1935 [00:00<00:02, 726.20it/s]
Epoch 0:  13%|█▎        | 252/1935 [00:00<00:02, 726.58it/s]
Epoch 0:  13%|█▎        | 252/1935 [00:00<00:02, 726.24it/s]
Epoch 0:  13%|█▎        | 253/1935 [00:00<00:02, 726.70it/s]
Epoch 0:  13%|█▎        | 253/1935 [00:00<00:02, 726.39it/s]
Epoch 0:  13%|█▎        | 254/1935 [00:00<00:02, 726.76it/s]
Epoch 0:  13%|█▎        | 254/1935 [00:00<00:02, 726.46it/s]
Epoch 0:  13%|█▎        | 255/1935 [00:00<00:02, 726.88it/s]
Epoch 0:  13%|█▎        | 255/1935 [00:00<00:02, 726.58it/s]
Epoch 0:  13%|█▎        | 256/1935 [00:00<00:02, 726.94it/s]
Epoch 0:  13%|█▎        | 256/1935 [00:00<00:02, 726.61it/s]
Epoch 0:  13%|█▎        | 257/1935 [00:00<00:02, 726.99it/s]
Epoch 0:  13%|█▎        | 257/1935 [00:00<00:02, 726.64it/s]
Epoch 0:  13%|█▎        | 258/1935 [00:00<00:02, 727.03it/s]
Epoch 0:  13%|█▎        | 258/1935 [00:00<00:02, 726.70it/s]
Epoch 0:  13%|█▎        | 259/1935 [00:00<00:02, 727.12it/s]
Epoch 0:  13%|█▎        | 259/1935 [00:00<00:02, 726.78it/s]
Epoch 0:  13%|█▎        | 260/1935 [00:00<00:02, 727.19it/s]
Epoch 0:  13%|█▎        | 260/1935 [00:00<00:02, 726.87it/s]
Epoch 0:  13%|█▎        | 261/1935 [00:00<00:02, 727.32it/s]
Epoch 0:  13%|█▎        | 261/1935 [00:00<00:02, 727.03it/s]
Epoch 0:  14%|█▎        | 262/1935 [00:00<00:02, 727.32it/s]
Epoch 0:  14%|█▎        | 262/1935 [00:00<00:02, 727.02it/s]
Epoch 0:  14%|█▎        | 263/1935 [00:00<00:02, 727.41it/s]
Epoch 0:  14%|█▎        | 263/1935 [00:00<00:02, 727.10it/s]
Epoch 0:  14%|█▎        | 264/1935 [00:00<00:02, 727.49it/s]
Epoch 0:  14%|█▎        | 264/1935 [00:00<00:02, 727.20it/s]
Epoch 0:  14%|█▎        | 265/1935 [00:00<00:02, 727.57it/s]
Epoch 0:  14%|█▎        | 265/1935 [00:00<00:02, 727.22it/s]
Epoch 0:  14%|█▎        | 266/1935 [00:00<00:02, 727.60it/s]
Epoch 0:  14%|█▎        | 266/1935 [00:00<00:02, 727.28it/s]
Epoch 0:  14%|█▍        | 267/1935 [00:00<00:02, 727.70it/s]
Epoch 0:  14%|█▍        | 267/1935 [00:00<00:02, 727.38it/s]
Epoch 0:  14%|█▍        | 268/1935 [00:00<00:02, 727.71it/s]
Epoch 0:  14%|█▍        | 268/1935 [00:00<00:02, 727.40it/s]
Epoch 0:  14%|█▍        | 269/1935 [00:00<00:02, 727.82it/s]
Epoch 0:  14%|█▍        | 269/1935 [00:00<00:02, 727.53it/s]
Epoch 0:  14%|█▍        | 270/1935 [00:00<00:02, 727.90it/s]
Epoch 0:  14%|█▍        | 270/1935 [00:00<00:02, 727.62it/s]
Epoch 0:  14%|█▍        | 271/1935 [00:00<00:02, 727.95it/s]
Epoch 0:  14%|█▍        | 271/1935 [00:00<00:02, 727.67it/s]
Epoch 0:  14%|█▍        | 272/1935 [00:00<00:02, 728.04it/s]
Epoch 0:  14%|█▍        | 272/1935 [00:00<00:02, 727.75it/s]
Epoch 0:  14%|█▍        | 273/1935 [00:00<00:02, 728.10it/s]
Epoch 0:  14%|█▍        | 273/1935 [00:00<00:02, 727.75it/s]
Epoch 0:  14%|█▍        | 274/1935 [00:00<00:02, 728.02it/s]
Epoch 0:  14%|█▍        | 274/1935 [00:00<00:02, 727.70it/s]
Epoch 0:  14%|█▍        | 275/1935 [00:00<00:02, 728.07it/s]
Epoch 0:  14%|█▍        | 275/1935 [00:00<00:02, 727.75it/s]
Epoch 0:  14%|█▍        | 276/1935 [00:00<00:02, 728.08it/s]
Epoch 0:  14%|█▍        | 276/1935 [00:00<00:02, 727.75it/s]
Epoch 0:  14%|█▍        | 277/1935 [00:00<00:02, 728.08it/s]
Epoch 0:  14%|█▍        | 277/1935 [00:00<00:02, 727.80it/s]
Epoch 0:  14%|█▍        | 278/1935 [00:00<00:02, 728.10it/s]
Epoch 0:  14%|█▍        | 278/1935 [00:00<00:02, 727.82it/s]
Epoch 0:  14%|█▍        | 279/1935 [00:00<00:02, 728.17it/s]
Epoch 0:  14%|█▍        | 279/1935 [00:00<00:02, 727.87it/s]
Epoch 0:  14%|█▍        | 280/1935 [00:00<00:02, 728.19it/s]
Epoch 0:  14%|█▍        | 280/1935 [00:00<00:02, 727.89it/s]
Epoch 0:  15%|█▍        | 281/1935 [00:00<00:02, 728.22it/s]
Epoch 0:  15%|█▍        | 281/1935 [00:00<00:02, 727.89it/s]
Epoch 0:  15%|█▍        | 282/1935 [00:00<00:02, 728.23it/s]
Epoch 0:  15%|█▍        | 282/1935 [00:00<00:02, 727.93it/s]
Epoch 0:  15%|█▍        | 283/1935 [00:00<00:02, 728.32it/s]
Epoch 0:  15%|█▍        | 283/1935 [00:00<00:02, 728.01it/s]
Epoch 0:  15%|█▍        | 284/1935 [00:00<00:02, 728.38it/s]
Epoch 0:  15%|█▍        | 284/1935 [00:00<00:02, 728.07it/s]
Epoch 0:  15%|█▍        | 285/1935 [00:00<00:02, 728.39it/s]
Epoch 0:  15%|█▍        | 285/1935 [00:00<00:02, 728.10it/s]
Epoch 0:  15%|█▍        | 286/1935 [00:00<00:02, 728.41it/s]
Epoch 0:  15%|█▍        | 286/1935 [00:00<00:02, 728.13it/s]
Epoch 0:  15%|█▍        | 287/1935 [00:00<00:02, 728.49it/s]
Epoch 0:  15%|█▍        | 287/1935 [00:00<00:02, 728.20it/s]
Epoch 0:  15%|█▍        | 288/1935 [00:00<00:02, 728.47it/s]
Epoch 0:  15%|█▍        | 288/1935 [00:00<00:02, 728.20it/s]
Epoch 0:  15%|█▍        | 289/1935 [00:00<00:02, 728.53it/s]
Epoch 0:  15%|█▍        | 289/1935 [00:00<00:02, 728.21it/s]
Epoch 0:  15%|█▍        | 290/1935 [00:00<00:02, 728.55it/s]
Epoch 0:  15%|█▍        | 290/1935 [00:00<00:02, 728.24it/s]
Epoch 0:  15%|█▌        | 291/1935 [00:00<00:02, 728.58it/s]
Epoch 0:  15%|█▌        | 291/1935 [00:00<00:02, 728.28it/s]
Epoch 0:  15%|█▌        | 292/1935 [00:00<00:02, 728.60it/s]
Epoch 0:  15%|█▌        | 292/1935 [00:00<00:02, 728.31it/s]
Epoch 0:  15%|█▌        | 293/1935 [00:00<00:02, 728.67it/s]
Epoch 0:  15%|█▌        | 293/1935 [00:00<00:02, 728.38it/s]
Epoch 0:  15%|█▌        | 294/1935 [00:00<00:02, 728.68it/s]
Epoch 0:  15%|█▌        | 294/1935 [00:00<00:02, 728.41it/s]
Epoch 0:  15%|█▌        | 295/1935 [00:00<00:02, 728.75it/s]
Epoch 0:  15%|█▌        | 295/1935 [00:00<00:02, 728.47it/s]
Epoch 0:  15%|█▌        | 296/1935 [00:00<00:02, 728.77it/s]
Epoch 0:  15%|█▌        | 296/1935 [00:00<00:02, 728.50it/s]
Epoch 0:  15%|█▌        | 297/1935 [00:00<00:02, 728.80it/s]
Epoch 0:  15%|█▌        | 297/1935 [00:00<00:02, 728.48it/s]
Epoch 0:  15%|█▌        | 298/1935 [00:00<00:02, 728.81it/s]
Epoch 0:  15%|█▌        | 298/1935 [00:00<00:02, 728.52it/s]
Epoch 0:  15%|█▌        | 299/1935 [00:00<00:02, 728.89it/s]
Epoch 0:  15%|█▌        | 299/1935 [00:00<00:02, 728.60it/s]
Epoch 0:  16%|█▌        | 300/1935 [00:00<00:02, 728.88it/s]
Epoch 0:  16%|█▌        | 300/1935 [00:00<00:02, 728.60it/s]
Epoch 0:  16%|█▌        | 301/1935 [00:00<00:02, 728.95it/s]
Epoch 0:  16%|█▌        | 301/1935 [00:00<00:02, 728.70it/s]
Epoch 0:  16%|█▌        | 302/1935 [00:00<00:02, 728.99it/s]
Epoch 0:  16%|█▌        | 302/1935 [00:00<00:02, 728.74it/s]
Epoch 0:  16%|█▌        | 303/1935 [00:00<00:02, 729.09it/s]
Epoch 0:  16%|█▌        | 303/1935 [00:00<00:02, 728.81it/s]
Epoch 0:  16%|█▌        | 304/1935 [00:00<00:02, 729.13it/s]
Epoch 0:  16%|█▌        | 304/1935 [00:00<00:02, 728.87it/s]
Epoch 0:  16%|█▌        | 305/1935 [00:00<00:02, 729.19it/s]
Epoch 0:  16%|█▌        | 305/1935 [00:00<00:02, 728.89it/s]
Epoch 0:  16%|█▌        | 306/1935 [00:00<00:02, 729.22it/s]
Epoch 0:  16%|█▌        | 306/1935 [00:00<00:02, 728.93it/s]
Epoch 0:  16%|█▌        | 307/1935 [00:00<00:02, 729.00it/s]
Epoch 0:  16%|█▌        | 307/1935 [00:00<00:02, 728.72it/s]
Epoch 0:  16%|█▌        | 308/1935 [00:00<00:02, 729.02it/s]
Epoch 0:  16%|█▌        | 308/1935 [00:00<00:02, 728.74it/s]
Epoch 0:  16%|█▌        | 309/1935 [00:00<00:02, 729.11it/s]
Epoch 0:  16%|█▌        | 309/1935 [00:00<00:02, 728.86it/s]
Epoch 0:  16%|█▌        | 310/1935 [00:00<00:02, 729.13it/s]
Epoch 0:  16%|█▌        | 310/1935 [00:00<00:02, 728.87it/s]
Epoch 0:  16%|█▌        | 311/1935 [00:00<00:02, 729.21it/s]
Epoch 0:  16%|█▌        | 311/1935 [00:00<00:02, 728.94it/s]
Epoch 0:  16%|█▌        | 312/1935 [00:00<00:02, 729.26it/s]
Epoch 0:  16%|█▌        | 312/1935 [00:00<00:02, 729.01it/s]
Epoch 0:  16%|█▌        | 313/1935 [00:00<00:02, 729.30it/s]
Epoch 0:  16%|█▌        | 313/1935 [00:00<00:02, 729.01it/s]
Epoch 0:  16%|█▌        | 314/1935 [00:00<00:02, 729.34it/s]
Epoch 0:  16%|█▌        | 314/1935 [00:00<00:02, 729.06it/s]
Epoch 0:  16%|█▋        | 315/1935 [00:00<00:02, 729.43it/s]
Epoch 0:  16%|█▋        | 315/1935 [00:00<00:02, 729.16it/s]
Epoch 0:  16%|█▋        | 316/1935 [00:00<00:02, 729.48it/s]
Epoch 0:  16%|█▋        | 316/1935 [00:00<00:02, 729.20it/s]
Epoch 0:  16%|█▋        | 317/1935 [00:00<00:02, 729.54it/s]
Epoch 0:  16%|█▋        | 317/1935 [00:00<00:02, 729.30it/s]
Epoch 0:  16%|█▋        | 318/1935 [00:00<00:02, 729.61it/s]
Epoch 0:  16%|█▋        | 318/1935 [00:00<00:02, 729.37it/s]
Epoch 0:  16%|█▋        | 319/1935 [00:00<00:02, 729.61it/s]
Epoch 0:  16%|█▋        | 319/1935 [00:00<00:02, 729.36it/s]
Epoch 0:  17%|█▋        | 320/1935 [00:00<00:02, 729.66it/s]
Epoch 0:  17%|█▋        | 320/1935 [00:00<00:02, 729.40it/s]
Epoch 0:  17%|█▋        | 321/1935 [00:00<00:02, 729.73it/s]
Epoch 0:  17%|█▋        | 321/1935 [00:00<00:02, 729.44it/s]
Epoch 0:  17%|█▋        | 322/1935 [00:00<00:02, 729.71it/s]
Epoch 0:  17%|█▋        | 322/1935 [00:00<00:02, 729.44it/s]
Epoch 0:  17%|█▋        | 323/1935 [00:00<00:02, 729.75it/s]
Epoch 0:  17%|█▋        | 323/1935 [00:00<00:02, 729.48it/s]
Epoch 0:  17%|█▋        | 324/1935 [00:00<00:02, 729.78it/s]
Epoch 0:  17%|█▋        | 324/1935 [00:00<00:02, 729.52it/s]
Epoch 0:  17%|█▋        | 325/1935 [00:00<00:02, 729.81it/s]
Epoch 0:  17%|█▋        | 325/1935 [00:00<00:02, 729.57it/s]
Epoch 0:  17%|█▋        | 326/1935 [00:00<00:02, 729.87it/s]
Epoch 0:  17%|█▋        | 326/1935 [00:00<00:02, 729.63it/s]
Epoch 0:  17%|█▋        | 327/1935 [00:00<00:02, 729.93it/s]
Epoch 0:  17%|█▋        | 327/1935 [00:00<00:02, 729.68it/s]
Epoch 0:  17%|█▋        | 328/1935 [00:00<00:02, 729.94it/s]
Epoch 0:  17%|█▋        | 328/1935 [00:00<00:02, 729.68it/s]
Epoch 0:  17%|█▋        | 329/1935 [00:00<00:02, 729.97it/s]
Epoch 0:  17%|█▋        | 329/1935 [00:00<00:02, 729.69it/s]
Epoch 0:  17%|█▋        | 330/1935 [00:00<00:02, 729.99it/s]
Epoch 0:  17%|█▋        | 330/1935 [00:00<00:02, 729.72it/s]
Epoch 0:  17%|█▋        | 331/1935 [00:00<00:02, 730.00it/s]
Epoch 0:  17%|█▋        | 331/1935 [00:00<00:02, 729.74it/s]
Epoch 0:  17%|█▋        | 332/1935 [00:00<00:02, 730.03it/s]
Epoch 0:  17%|█▋        | 332/1935 [00:00<00:02, 729.77it/s]
Epoch 0:  17%|█▋        | 333/1935 [00:00<00:02, 730.12it/s]
Epoch 0:  17%|█▋        | 333/1935 [00:00<00:02, 729.85it/s]
Epoch 0:  17%|█▋        | 334/1935 [00:00<00:02, 730.11it/s]
Epoch 0:  17%|█▋        | 334/1935 [00:00<00:02, 729.88it/s]
Epoch 0:  17%|█▋        | 335/1935 [00:00<00:02, 730.20it/s]
Epoch 0:  17%|█▋        | 335/1935 [00:00<00:02, 729.95it/s]
Epoch 0:  17%|█▋        | 336/1935 [00:00<00:02, 730.21it/s]
Epoch 0:  17%|█▋        | 336/1935 [00:00<00:02, 729.98it/s]
Epoch 0:  17%|█▋        | 337/1935 [00:00<00:02, 730.27it/s]
Epoch 0:  17%|█▋        | 337/1935 [00:00<00:02, 730.00it/s]
Epoch 0:  17%|█▋        | 338/1935 [00:00<00:02, 730.26it/s]
Epoch 0:  17%|█▋        | 338/1935 [00:00<00:02, 730.01it/s]
Epoch 0:  18%|█▊        | 339/1935 [00:00<00:02, 730.33it/s]
Epoch 0:  18%|█▊        | 339/1935 [00:00<00:02, 730.07it/s]
Epoch 0:  18%|█▊        | 340/1935 [00:00<00:02, 730.36it/s]
Epoch 0:  18%|█▊        | 340/1935 [00:00<00:02, 730.11it/s]
Epoch 0:  18%|█▊        | 341/1935 [00:00<00:02, 730.43it/s]
Epoch 0:  18%|█▊        | 341/1935 [00:00<00:02, 730.19it/s]
Epoch 0:  18%|█▊        | 342/1935 [00:00<00:02, 730.44it/s]
Epoch 0:  18%|█▊        | 342/1935 [00:00<00:02, 730.20it/s]
Epoch 0:  18%|█▊        | 343/1935 [00:00<00:02, 730.47it/s]
Epoch 0:  18%|█▊        | 343/1935 [00:00<00:02, 730.22it/s]
Epoch 0:  18%|█▊        | 344/1935 [00:00<00:02, 730.48it/s]
Epoch 0:  18%|█▊        | 344/1935 [00:00<00:02, 730.25it/s]
Epoch 0:  18%|█▊        | 345/1935 [00:00<00:02, 730.52it/s]
Epoch 0:  18%|█▊        | 345/1935 [00:00<00:02, 730.25it/s]
Epoch 0:  18%|█▊        | 346/1935 [00:00<00:02, 730.53it/s]
Epoch 0:  18%|█▊        | 346/1935 [00:00<00:02, 730.28it/s]
Epoch 0:  18%|█▊        | 347/1935 [00:00<00:02, 730.58it/s]
Epoch 0:  18%|█▊        | 347/1935 [00:00<00:02, 730.32it/s]
Epoch 0:  18%|█▊        | 348/1935 [00:00<00:02, 730.59it/s]
Epoch 0:  18%|█▊        | 348/1935 [00:00<00:02, 730.34it/s]
Epoch 0:  18%|█▊        | 349/1935 [00:00<00:02, 730.67it/s]
Epoch 0:  18%|█▊        | 349/1935 [00:00<00:02, 730.44it/s]
Epoch 0:  18%|█▊        | 350/1935 [00:00<00:02, 730.71it/s]
Epoch 0:  18%|█▊        | 350/1935 [00:00<00:02, 730.47it/s]
Epoch 0:  18%|█▊        | 351/1935 [00:00<00:02, 730.73it/s]
Epoch 0:  18%|█▊        | 351/1935 [00:00<00:02, 730.50it/s]
Epoch 0:  18%|█▊        | 352/1935 [00:00<00:02, 730.72it/s]
Epoch 0:  18%|█▊        | 352/1935 [00:00<00:02, 730.50it/s]
Epoch 0:  18%|█▊        | 353/1935 [00:00<00:02, 730.79it/s]
Epoch 0:  18%|█▊        | 353/1935 [00:00<00:02, 730.52it/s]
Epoch 0:  18%|█▊        | 354/1935 [00:00<00:02, 730.78it/s]
Epoch 0:  18%|█▊        | 354/1935 [00:00<00:02, 730.53it/s]
Epoch 0:  18%|█▊        | 355/1935 [00:00<00:02, 730.83it/s]
Epoch 0:  18%|█▊        | 355/1935 [00:00<00:02, 730.58it/s]
Epoch 0:  18%|█▊        | 356/1935 [00:00<00:02, 730.87it/s]
Epoch 0:  18%|█▊        | 356/1935 [00:00<00:02, 730.60it/s]
Epoch 0:  18%|█▊        | 357/1935 [00:00<00:02, 730.88it/s]
Epoch 0:  18%|█▊        | 357/1935 [00:00<00:02, 730.66it/s]
Epoch 0:  19%|█▊        | 358/1935 [00:00<00:02, 730.92it/s]
Epoch 0:  19%|█▊        | 358/1935 [00:00<00:02, 730.70it/s]
Epoch 0:  19%|█▊        | 359/1935 [00:00<00:02, 730.99it/s]
Epoch 0:  19%|█▊        | 359/1935 [00:00<00:02, 730.77it/s]
Epoch 0:  19%|█▊        | 360/1935 [00:00<00:02, 731.01it/s]
Epoch 0:  19%|█▊        | 360/1935 [00:00<00:02, 730.79it/s]
Epoch 0:  19%|█▊        | 361/1935 [00:00<00:02, 731.05it/s]
Epoch 0:  19%|█▊        | 361/1935 [00:00<00:02, 730.79it/s]
Epoch 0:  19%|█▊        | 362/1935 [00:00<00:02, 731.04it/s]
Epoch 0:  19%|█▊        | 362/1935 [00:00<00:02, 730.80it/s]
Epoch 0:  19%|█▉        | 363/1935 [00:00<00:02, 731.03it/s]
Epoch 0:  19%|█▉        | 363/1935 [00:00<00:02, 730.79it/s]
Epoch 0:  19%|█▉        | 364/1935 [00:00<00:02, 731.04it/s]
Epoch 0:  19%|█▉        | 364/1935 [00:00<00:02, 730.80it/s]
Epoch 0:  19%|█▉        | 365/1935 [00:00<00:02, 731.11it/s]
Epoch 0:  19%|█▉        | 365/1935 [00:00<00:02, 730.89it/s]
Epoch 0:  19%|█▉        | 366/1935 [00:00<00:02, 731.12it/s]
Epoch 0:  19%|█▉        | 366/1935 [00:00<00:02, 730.90it/s]
Epoch 0:  19%|█▉        | 367/1935 [00:00<00:02, 731.18it/s]
Epoch 0:  19%|█▉        | 367/1935 [00:00<00:02, 730.97it/s]
Epoch 0:  19%|█▉        | 368/1935 [00:00<00:02, 731.23it/s]
Epoch 0:  19%|█▉        | 368/1935 [00:00<00:02, 731.02it/s]
Epoch 0:  19%|█▉        | 369/1935 [00:00<00:02, 731.07it/s]
Epoch 0:  19%|█▉        | 369/1935 [00:00<00:02, 730.82it/s]
Epoch 0:  19%|█▉        | 370/1935 [00:00<00:02, 731.08it/s]
Epoch 0:  19%|█▉        | 370/1935 [00:00<00:02, 730.84it/s]
Epoch 0:  19%|█▉        | 371/1935 [00:00<00:02, 731.15it/s]
Epoch 0:  19%|█▉        | 371/1935 [00:00<00:02, 730.91it/s]
Epoch 0:  19%|█▉        | 372/1935 [00:00<00:02, 731.09it/s]
Epoch 0:  19%|█▉        | 372/1935 [00:00<00:02, 730.85it/s]
Epoch 0:  19%|█▉        | 373/1935 [00:00<00:02, 731.12it/s]
Epoch 0:  19%|█▉        | 373/1935 [00:00<00:02, 730.91it/s]
Epoch 0:  19%|█▉        | 374/1935 [00:00<00:02, 731.14it/s]
Epoch 0:  19%|█▉        | 374/1935 [00:00<00:02, 730.93it/s]
Epoch 0:  19%|█▉        | 375/1935 [00:00<00:02, 731.21it/s]
Epoch 0:  19%|█▉        | 375/1935 [00:00<00:02, 731.01it/s]
Epoch 0:  19%|█▉        | 376/1935 [00:00<00:02, 731.26it/s]
Epoch 0:  19%|█▉        | 376/1935 [00:00<00:02, 731.05it/s]
Epoch 0:  19%|█▉        | 377/1935 [00:00<00:02, 731.33it/s]
Epoch 0:  19%|█▉        | 377/1935 [00:00<00:02, 731.09it/s]
Epoch 0:  20%|█▉        | 378/1935 [00:00<00:02, 731.35it/s]
Epoch 0:  20%|█▉        | 378/1935 [00:00<00:02, 731.13it/s]
Epoch 0:  20%|█▉        | 379/1935 [00:00<00:02, 731.39it/s]
Epoch 0:  20%|█▉        | 379/1935 [00:00<00:02, 731.16it/s]
Epoch 0:  20%|█▉        | 380/1935 [00:00<00:02, 731.42it/s]
Epoch 0:  20%|█▉        | 380/1935 [00:00<00:02, 731.19it/s]
Epoch 0:  20%|█▉        | 381/1935 [00:00<00:02, 731.49it/s]
Epoch 0:  20%|█▉        | 381/1935 [00:00<00:02, 731.28it/s]
Epoch 0:  20%|█▉        | 382/1935 [00:00<00:02, 731.52it/s]
Epoch 0:  20%|█▉        | 382/1935 [00:00<00:02, 731.31it/s]
Epoch 0:  20%|█▉        | 383/1935 [00:00<00:02, 731.59it/s]
Epoch 0:  20%|█▉        | 383/1935 [00:00<00:02, 731.38it/s]
Epoch 0:  20%|█▉        | 384/1935 [00:00<00:02, 731.64it/s]
Epoch 0:  20%|█▉        | 384/1935 [00:00<00:02, 731.43it/s]
Epoch 0:  20%|█▉        | 385/1935 [00:00<00:02, 731.65it/s]
Epoch 0:  20%|█▉        | 385/1935 [00:00<00:02, 731.41it/s]
Epoch 0:  20%|█▉        | 386/1935 [00:00<00:02, 731.66it/s]
Epoch 0:  20%|█▉        | 386/1935 [00:00<00:02, 731.44it/s]
Epoch 0:  20%|██        | 387/1935 [00:00<00:02, 731.72it/s]
Epoch 0:  20%|██        | 387/1935 [00:00<00:02, 731.49it/s]
Epoch 0:  20%|██        | 388/1935 [00:00<00:02, 731.71it/s]
Epoch 0:  20%|██        | 388/1935 [00:00<00:02, 731.49it/s]
Epoch 0:  20%|██        | 389/1935 [00:00<00:02, 731.76it/s]
Epoch 0:  20%|██        | 389/1935 [00:00<00:02, 731.55it/s]
Epoch 0:  20%|██        | 390/1935 [00:00<00:02, 731.79it/s]
Epoch 0:  20%|██        | 390/1935 [00:00<00:02, 731.59it/s]
Epoch 0:  20%|██        | 391/1935 [00:00<00:02, 731.86it/s]
Epoch 0:  20%|██        | 391/1935 [00:00<00:02, 731.66it/s]
Epoch 0:  20%|██        | 392/1935 [00:00<00:02, 731.92it/s]
Epoch 0:  20%|██        | 392/1935 [00:00<00:02, 731.71it/s]
Epoch 0:  20%|██        | 393/1935 [00:00<00:02, 731.94it/s]
Epoch 0:  20%|██        | 393/1935 [00:00<00:02, 731.71it/s]
Epoch 0:  20%|██        | 394/1935 [00:00<00:02, 731.93it/s]
Epoch 0:  20%|██        | 394/1935 [00:00<00:02, 731.71it/s]
Epoch 0:  20%|██        | 395/1935 [00:00<00:02, 731.94it/s]
Epoch 0:  20%|██        | 395/1935 [00:00<00:02, 731.72it/s]
Epoch 0:  20%|██        | 396/1935 [00:00<00:02, 731.95it/s]
Epoch 0:  20%|██        | 396/1935 [00:00<00:02, 731.72it/s]
Epoch 0:  21%|██        | 397/1935 [00:00<00:02, 732.00it/s]
Epoch 0:  21%|██        | 397/1935 [00:00<00:02, 731.80it/s]
Epoch 0:  21%|██        | 398/1935 [00:00<00:02, 732.05it/s]
Epoch 0:  21%|██        | 398/1935 [00:00<00:02, 731.85it/s]
Epoch 0:  21%|██        | 399/1935 [00:00<00:02, 732.13it/s]
Epoch 0:  21%|██        | 399/1935 [00:00<00:02, 731.93it/s]
Epoch 0:  21%|██        | 400/1935 [00:00<00:02, 732.17it/s]
Epoch 0:  21%|██        | 400/1935 [00:00<00:02, 731.98it/s]
Epoch 0:  21%|██        | 401/1935 [00:00<00:02, 732.19it/s]
Epoch 0:  21%|██        | 401/1935 [00:00<00:02, 731.97it/s]
Epoch 0:  21%|██        | 402/1935 [00:00<00:02, 732.22it/s]
Epoch 0:  21%|██        | 402/1935 [00:00<00:02, 732.00it/s]
Epoch 0:  21%|██        | 403/1935 [00:00<00:02, 732.26it/s]
Epoch 0:  21%|██        | 403/1935 [00:00<00:02, 732.05it/s]
Epoch 0:  21%|██        | 404/1935 [00:00<00:02, 732.25it/s]
Epoch 0:  21%|██        | 404/1935 [00:00<00:02, 732.04it/s]
Epoch 0:  21%|██        | 405/1935 [00:00<00:02, 732.32it/s]
Epoch 0:  21%|██        | 405/1935 [00:00<00:02, 732.12it/s]
Epoch 0:  21%|██        | 406/1935 [00:00<00:02, 732.36it/s]
Epoch 0:  21%|██        | 406/1935 [00:00<00:02, 732.17it/s]
Epoch 0:  21%|██        | 407/1935 [00:00<00:02, 732.40it/s]
Epoch 0:  21%|██        | 407/1935 [00:00<00:02, 732.19it/s]
Epoch 0:  21%|██        | 408/1935 [00:00<00:02, 732.43it/s]
Epoch 0:  21%|██        | 408/1935 [00:00<00:02, 732.23it/s]
Epoch 0:  21%|██        | 409/1935 [00:00<00:02, 732.48it/s]
Epoch 0:  21%|██        | 409/1935 [00:00<00:02, 732.25it/s]
Epoch 0:  21%|██        | 410/1935 [00:00<00:02, 732.50it/s]
Epoch 0:  21%|██        | 410/1935 [00:00<00:02, 732.29it/s]
Epoch 0:  21%|██        | 411/1935 [00:00<00:02, 732.56it/s]
Epoch 0:  21%|██        | 411/1935 [00:00<00:02, 732.34it/s]
Epoch 0:  21%|██▏       | 412/1935 [00:00<00:02, 732.58it/s]
Epoch 0:  21%|██▏       | 412/1935 [00:00<00:02, 732.37it/s]
Epoch 0:  21%|██▏       | 413/1935 [00:00<00:02, 732.62it/s]
Epoch 0:  21%|██▏       | 413/1935 [00:00<00:02, 732.43it/s]
Epoch 0:  21%|██▏       | 414/1935 [00:00<00:02, 732.67it/s]
Epoch 0:  21%|██▏       | 414/1935 [00:00<00:02, 732.47it/s]
Epoch 0:  21%|██▏       | 415/1935 [00:00<00:02, 732.71it/s]
Epoch 0:  21%|██▏       | 415/1935 [00:00<00:02, 732.52it/s]
Epoch 0:  21%|██▏       | 416/1935 [00:00<00:02, 732.72it/s]
Epoch 0:  21%|██▏       | 416/1935 [00:00<00:02, 732.54it/s]
Epoch 0:  22%|██▏       | 417/1935 [00:00<00:02, 732.76it/s]
Epoch 0:  22%|██▏       | 417/1935 [00:00<00:02, 732.52it/s]
Epoch 0:  22%|██▏       | 418/1935 [00:00<00:02, 732.76it/s]
Epoch 0:  22%|██▏       | 418/1935 [00:00<00:02, 732.55it/s]
Epoch 0:  22%|██▏       | 419/1935 [00:00<00:02, 732.79it/s]
Epoch 0:  22%|██▏       | 419/1935 [00:00<00:02, 732.58it/s]
Epoch 0:  22%|██▏       | 420/1935 [00:00<00:02, 732.80it/s]
Epoch 0:  22%|██▏       | 420/1935 [00:00<00:02, 732.59it/s]
Epoch 0:  22%|██▏       | 421/1935 [00:00<00:02, 732.85it/s]
Epoch 0:  22%|██▏       | 421/1935 [00:00<00:02, 732.66it/s]
Epoch 0:  22%|██▏       | 422/1935 [00:00<00:02, 732.90it/s]
Epoch 0:  22%|██▏       | 422/1935 [00:00<00:02, 732.71it/s]
Epoch 0:  22%|██▏       | 423/1935 [00:00<00:02, 732.95it/s]
Epoch 0:  22%|██▏       | 423/1935 [00:00<00:02, 732.77it/s]
Epoch 0:  22%|██▏       | 424/1935 [00:00<00:02, 733.00it/s]
Epoch 0:  22%|██▏       | 424/1935 [00:00<00:02, 732.82it/s]
Epoch 0:  22%|██▏       | 425/1935 [00:00<00:02, 733.03it/s]
Epoch 0:  22%|██▏       | 425/1935 [00:00<00:02, 732.81it/s]
Epoch 0:  22%|██▏       | 426/1935 [00:00<00:02, 733.04it/s]
Epoch 0:  22%|██▏       | 426/1935 [00:00<00:02, 732.84it/s]
Epoch 0:  22%|██▏       | 427/1935 [00:00<00:02, 733.08it/s]
Epoch 0:  22%|██▏       | 427/1935 [00:00<00:02, 732.88it/s]
Epoch 0:  22%|██▏       | 428/1935 [00:00<00:02, 733.10it/s]
Epoch 0:  22%|██▏       | 428/1935 [00:00<00:02, 732.90it/s]
Epoch 0:  22%|██▏       | 429/1935 [00:00<00:02, 733.15it/s]
Epoch 0:  22%|██▏       | 429/1935 [00:00<00:02, 732.97it/s]
Epoch 0:  22%|██▏       | 430/1935 [00:00<00:02, 733.16it/s]
Epoch 0:  22%|██▏       | 430/1935 [00:00<00:02, 732.98it/s]
Epoch 0:  22%|██▏       | 431/1935 [00:00<00:02, 733.04it/s]
Epoch 0:  22%|██▏       | 431/1935 [00:00<00:02, 732.85it/s]
Epoch 0:  22%|██▏       | 432/1935 [00:00<00:02, 733.07it/s]
Epoch 0:  22%|██▏       | 432/1935 [00:00<00:02, 732.89it/s]
Epoch 0:  22%|██▏       | 433/1935 [00:00<00:02, 733.12it/s]
Epoch 0:  22%|██▏       | 433/1935 [00:00<00:02, 732.91it/s]
Epoch 0:  22%|██▏       | 434/1935 [00:00<00:02, 733.15it/s]
Epoch 0:  22%|██▏       | 434/1935 [00:00<00:02, 732.93it/s]
Epoch 0:  22%|██▏       | 435/1935 [00:00<00:02, 733.19it/s]
Epoch 0:  22%|██▏       | 435/1935 [00:00<00:02, 732.99it/s]
Epoch 0:  23%|██▎       | 436/1935 [00:00<00:02, 733.17it/s]
Epoch 0:  23%|██▎       | 436/1935 [00:00<00:02, 732.98it/s]
Epoch 0:  23%|██▎       | 437/1935 [00:00<00:02, 733.22it/s]
Epoch 0:  23%|██▎       | 437/1935 [00:00<00:02, 733.03it/s]
Epoch 0:  23%|██▎       | 438/1935 [00:00<00:02, 733.23it/s]
Epoch 0:  23%|██▎       | 438/1935 [00:00<00:02, 733.05it/s]
Epoch 0:  23%|██▎       | 439/1935 [00:00<00:02, 733.26it/s]
Epoch 0:  23%|██▎       | 439/1935 [00:00<00:02, 733.08it/s]
Epoch 0:  23%|██▎       | 440/1935 [00:00<00:02, 733.28it/s]
Epoch 0:  23%|██▎       | 440/1935 [00:00<00:02, 733.10it/s]
Epoch 0:  23%|██▎       | 441/1935 [00:00<00:02, 733.30it/s]
Epoch 0:  23%|██▎       | 441/1935 [00:00<00:02, 733.09it/s]
Epoch 0:  23%|██▎       | 442/1935 [00:00<00:02, 733.28it/s]
Epoch 0:  23%|██▎       | 442/1935 [00:00<00:02, 733.08it/s]
Epoch 0:  23%|██▎       | 443/1935 [00:00<00:02, 733.28it/s]
Epoch 0:  23%|██▎       | 443/1935 [00:00<00:02, 733.08it/s]
Epoch 0:  23%|██▎       | 444/1935 [00:00<00:02, 733.30it/s]
Epoch 0:  23%|██▎       | 444/1935 [00:00<00:02, 733.10it/s]
Epoch 0:  23%|██▎       | 445/1935 [00:00<00:02, 733.33it/s]
Epoch 0:  23%|██▎       | 445/1935 [00:00<00:02, 733.15it/s]
Epoch 0:  23%|██▎       | 446/1935 [00:00<00:02, 733.37it/s]
Epoch 0:  23%|██▎       | 446/1935 [00:00<00:02, 733.20it/s]
Epoch 0:  23%|██▎       | 447/1935 [00:00<00:02, 733.43it/s]
Epoch 0:  23%|██▎       | 447/1935 [00:00<00:02, 733.26it/s]
Epoch 0:  23%|██▎       | 448/1935 [00:00<00:02, 733.44it/s]
Epoch 0:  23%|██▎       | 448/1935 [00:00<00:02, 733.27it/s]
Epoch 0:  23%|██▎       | 449/1935 [00:00<00:02, 733.45it/s]
Epoch 0:  23%|██▎       | 449/1935 [00:00<00:02, 733.25it/s]
Epoch 0:  23%|██▎       | 450/1935 [00:00<00:02, 733.46it/s]
Epoch 0:  23%|██▎       | 450/1935 [00:00<00:02, 733.27it/s]
Epoch 0:  23%|██▎       | 451/1935 [00:00<00:02, 733.48it/s]
Epoch 0:  23%|██▎       | 451/1935 [00:00<00:02, 733.29it/s]
Epoch 0:  23%|██▎       | 452/1935 [00:00<00:02, 733.49it/s]
Epoch 0:  23%|██▎       | 452/1935 [00:00<00:02, 733.30it/s]
Epoch 0:  23%|██▎       | 453/1935 [00:00<00:02, 733.55it/s]
Epoch 0:  23%|██▎       | 453/1935 [00:00<00:02, 733.38it/s]
Epoch 0:  23%|██▎       | 454/1935 [00:00<00:02, 733.59it/s]
Epoch 0:  23%|██▎       | 454/1935 [00:00<00:02, 733.41it/s]
Epoch 0:  24%|██▎       | 455/1935 [00:00<00:02, 733.64it/s]
Epoch 0:  24%|██▎       | 455/1935 [00:00<00:02, 733.47it/s]
Epoch 0:  24%|██▎       | 456/1935 [00:00<00:02, 733.68it/s]
Epoch 0:  24%|██▎       | 456/1935 [00:00<00:02, 733.50it/s]
Epoch 0:  24%|██▎       | 457/1935 [00:00<00:02, 733.72it/s]
Epoch 0:  24%|██▎       | 457/1935 [00:00<00:02, 733.51it/s]
Epoch 0:  24%|██▎       | 458/1935 [00:00<00:02, 733.73it/s]
Epoch 0:  24%|██▎       | 458/1935 [00:00<00:02, 733.54it/s]
Epoch 0:  24%|██▎       | 459/1935 [00:00<00:02, 733.75it/s]
Epoch 0:  24%|██▎       | 459/1935 [00:00<00:02, 733.56it/s]
Epoch 0:  24%|██▍       | 460/1935 [00:00<00:02, 733.77it/s]
Epoch 0:  24%|██▍       | 460/1935 [00:00<00:02, 733.58it/s]
Epoch 0:  24%|██▍       | 461/1935 [00:00<00:02, 733.78it/s]
Epoch 0:  24%|██▍       | 461/1935 [00:00<00:02, 733.60it/s]
Epoch 0:  24%|██▍       | 462/1935 [00:00<00:02, 733.80it/s]
Epoch 0:  24%|██▍       | 462/1935 [00:00<00:02, 733.63it/s]
Epoch 0:  24%|██▍       | 463/1935 [00:00<00:02, 733.87it/s]
Epoch 0:  24%|██▍       | 463/1935 [00:00<00:02, 733.70it/s]
Epoch 0:  24%|██▍       | 464/1935 [00:00<00:02, 733.89it/s]
Epoch 0:  24%|██▍       | 464/1935 [00:00<00:02, 733.72it/s]
Epoch 0:  24%|██▍       | 465/1935 [00:00<00:02, 733.94it/s]
Epoch 0:  24%|██▍       | 465/1935 [00:00<00:02, 733.74it/s]
Epoch 0:  24%|██▍       | 466/1935 [00:00<00:02, 733.94it/s]
Epoch 0:  24%|██▍       | 466/1935 [00:00<00:02, 733.75it/s]
Epoch 0:  24%|██▍       | 467/1935 [00:00<00:02, 733.96it/s]
Epoch 0:  24%|██▍       | 467/1935 [00:00<00:02, 733.77it/s]
Epoch 0:  24%|██▍       | 468/1935 [00:00<00:01, 733.98it/s]
Epoch 0:  24%|██▍       | 468/1935 [00:00<00:01, 733.79it/s]
Epoch 0:  24%|██▍       | 469/1935 [00:00<00:01, 734.03it/s]
Epoch 0:  24%|██▍       | 469/1935 [00:00<00:01, 733.87it/s]
Epoch 0:  24%|██▍       | 470/1935 [00:00<00:01, 734.06it/s]
Epoch 0:  24%|██▍       | 470/1935 [00:00<00:01, 733.90it/s]
Epoch 0:  24%|██▍       | 471/1935 [00:00<00:01, 734.12it/s]
Epoch 0:  24%|██▍       | 471/1935 [00:00<00:01, 733.95it/s]
Epoch 0:  24%|██▍       | 472/1935 [00:00<00:01, 734.14it/s]
Epoch 0:  24%|██▍       | 472/1935 [00:00<00:01, 733.96it/s]
Epoch 0:  24%|██▍       | 473/1935 [00:00<00:01, 734.15it/s]
Epoch 0:  24%|██▍       | 473/1935 [00:00<00:01, 733.95it/s]
Epoch 0:  24%|██▍       | 474/1935 [00:00<00:01, 734.16it/s]
Epoch 0:  24%|██▍       | 474/1935 [00:00<00:01, 733.98it/s]
Epoch 0:  25%|██▍       | 475/1935 [00:00<00:01, 734.17it/s]
Epoch 0:  25%|██▍       | 475/1935 [00:00<00:01, 733.98it/s]
Epoch 0:  25%|██▍       | 476/1935 [00:00<00:01, 734.17it/s]
Epoch 0:  25%|██▍       | 476/1935 [00:00<00:01, 733.98it/s]
Epoch 0:  25%|██▍       | 477/1935 [00:00<00:01, 734.20it/s]
Epoch 0:  25%|██▍       | 477/1935 [00:00<00:01, 734.02it/s]
Epoch 0:  25%|██▍       | 478/1935 [00:00<00:01, 734.18it/s]
Epoch 0:  25%|██▍       | 478/1935 [00:00<00:01, 734.00it/s]
Epoch 0:  25%|██▍       | 479/1935 [00:00<00:01, 734.21it/s]
Epoch 0:  25%|██▍       | 479/1935 [00:00<00:01, 734.05it/s]
Epoch 0:  25%|██▍       | 480/1935 [00:00<00:01, 734.25it/s]
Epoch 0:  25%|██▍       | 480/1935 [00:00<00:01, 734.09it/s]
Epoch 0:  25%|██▍       | 481/1935 [00:00<00:01, 734.30it/s]
Epoch 0:  25%|██▍       | 481/1935 [00:00<00:01, 734.08it/s]
Epoch 0:  25%|██▍       | 482/1935 [00:00<00:01, 734.28it/s]
Epoch 0:  25%|██▍       | 482/1935 [00:00<00:01, 734.10it/s]
Epoch 0:  25%|██▍       | 483/1935 [00:00<00:01, 734.31it/s]
Epoch 0:  25%|██▍       | 483/1935 [00:00<00:01, 734.13it/s]
Epoch 0:  25%|██▌       | 484/1935 [00:00<00:01, 734.31it/s]
Epoch 0:  25%|██▌       | 484/1935 [00:00<00:01, 734.13it/s]
Epoch 0:  25%|██▌       | 485/1935 [00:00<00:01, 734.35it/s]
Epoch 0:  25%|██▌       | 485/1935 [00:00<00:01, 734.19it/s]
Epoch 0:  25%|██▌       | 486/1935 [00:00<00:01, 734.39it/s]
Epoch 0:  25%|██▌       | 486/1935 [00:00<00:01, 734.23it/s]
Epoch 0:  25%|██▌       | 487/1935 [00:00<00:01, 734.43it/s]
Epoch 0:  25%|██▌       | 487/1935 [00:00<00:01, 734.26it/s]
Epoch 0:  25%|██▌       | 488/1935 [00:00<00:01, 734.45it/s]
Epoch 0:  25%|██▌       | 488/1935 [00:00<00:01, 734.28it/s]
Epoch 0:  25%|██▌       | 489/1935 [00:00<00:01, 734.46it/s]
Epoch 0:  25%|██▌       | 489/1935 [00:00<00:01, 734.27it/s]
Epoch 0:  25%|██▌       | 490/1935 [00:00<00:01, 734.40it/s]
Epoch 0:  25%|██▌       | 490/1935 [00:00<00:01, 734.23it/s]
Epoch 0:  25%|██▌       | 491/1935 [00:00<00:01, 734.43it/s]
Epoch 0:  25%|██▌       | 491/1935 [00:00<00:01, 734.25it/s]
Epoch 0:  25%|██▌       | 492/1935 [00:00<00:01, 734.45it/s]
Epoch 0:  25%|██▌       | 492/1935 [00:00<00:01, 734.28it/s]
Epoch 0:  25%|██▌       | 493/1935 [00:00<00:01, 734.32it/s]
Epoch 0:  25%|██▌       | 493/1935 [00:00<00:01, 734.14it/s]
Epoch 0:  26%|██▌       | 494/1935 [00:00<00:01, 734.34it/s]
Epoch 0:  26%|██▌       | 494/1935 [00:00<00:01, 734.18it/s]
Epoch 0:  26%|██▌       | 495/1935 [00:00<00:01, 734.39it/s]
Epoch 0:  26%|██▌       | 495/1935 [00:00<00:01, 734.22it/s]
Epoch 0:  26%|██▌       | 496/1935 [00:00<00:01, 734.42it/s]
Epoch 0:  26%|██▌       | 496/1935 [00:00<00:01, 734.26it/s]
Epoch 0:  26%|██▌       | 497/1935 [00:00<00:01, 734.46it/s]
Epoch 0:  26%|██▌       | 497/1935 [00:00<00:01, 734.27it/s]
Epoch 0:  26%|██▌       | 498/1935 [00:00<00:01, 734.46it/s]
Epoch 0:  26%|██▌       | 498/1935 [00:00<00:01, 734.28it/s]
Epoch 0:  26%|██▌       | 499/1935 [00:00<00:01, 734.46it/s]
Epoch 0:  26%|██▌       | 499/1935 [00:00<00:01, 734.29it/s]
Epoch 0:  26%|██▌       | 500/1935 [00:00<00:01, 734.48it/s]
Epoch 0:  26%|██▌       | 500/1935 [00:00<00:01, 734.30it/s]
Epoch 0:  26%|██▌       | 501/1935 [00:00<00:01, 734.50it/s]
Epoch 0:  26%|██▌       | 501/1935 [00:00<00:01, 734.31it/s]
Epoch 0:  26%|██▌       | 502/1935 [00:00<00:01, 734.50it/s]
Epoch 0:  26%|██▌       | 502/1935 [00:00<00:01, 734.34it/s]
Epoch 0:  26%|██▌       | 503/1935 [00:00<00:01, 734.52it/s]
Epoch 0:  26%|██▌       | 503/1935 [00:00<00:01, 734.37it/s]
Epoch 0:  26%|██▌       | 504/1935 [00:00<00:01, 734.53it/s]
Epoch 0:  26%|██▌       | 504/1935 [00:00<00:01, 734.37it/s]
Epoch 0:  26%|██▌       | 505/1935 [00:00<00:01, 734.56it/s]
Epoch 0:  26%|██▌       | 505/1935 [00:00<00:01, 734.37it/s]
Epoch 0:  26%|██▌       | 506/1935 [00:00<00:01, 734.56it/s]
Epoch 0:  26%|██▌       | 506/1935 [00:00<00:01, 734.39it/s]
Epoch 0:  26%|██▌       | 507/1935 [00:00<00:01, 734.54it/s]
Epoch 0:  26%|██▌       | 507/1935 [00:00<00:01, 734.37it/s]
Epoch 0:  26%|██▋       | 508/1935 [00:00<00:01, 734.55it/s]
Epoch 0:  26%|██▋       | 508/1935 [00:00<00:01, 734.38it/s]
Epoch 0:  26%|██▋       | 509/1935 [00:00<00:01, 734.58it/s]
Epoch 0:  26%|██▋       | 509/1935 [00:00<00:01, 734.43it/s]
Epoch 0:  26%|██▋       | 510/1935 [00:00<00:01, 734.58it/s]
Epoch 0:  26%|██▋       | 510/1935 [00:00<00:01, 734.43it/s]
Epoch 0:  26%|██▋       | 511/1935 [00:00<00:01, 734.63it/s]
Epoch 0:  26%|██▋       | 511/1935 [00:00<00:01, 734.48it/s]
Epoch 0:  26%|██▋       | 512/1935 [00:00<00:01, 734.68it/s]
Epoch 0:  26%|██▋       | 512/1935 [00:00<00:01, 734.53it/s]
Epoch 0:  27%|██▋       | 513/1935 [00:00<00:01, 734.70it/s]
Epoch 0:  27%|██▋       | 513/1935 [00:00<00:01, 734.51it/s]
Epoch 0:  27%|██▋       | 514/1935 [00:00<00:01, 734.71it/s]
Epoch 0:  27%|██▋       | 514/1935 [00:00<00:01, 734.54it/s]
Epoch 0:  27%|██▋       | 515/1935 [00:00<00:01, 734.72it/s]
Epoch 0:  27%|██▋       | 515/1935 [00:00<00:01, 734.55it/s]
Epoch 0:  27%|██▋       | 516/1935 [00:00<00:01, 734.70it/s]
Epoch 0:  27%|██▋       | 516/1935 [00:00<00:01, 734.53it/s]
Epoch 0:  27%|██▋       | 517/1935 [00:00<00:01, 734.73it/s]
Epoch 0:  27%|██▋       | 517/1935 [00:00<00:01, 734.58it/s]
Epoch 0:  27%|██▋       | 518/1935 [00:00<00:01, 734.75it/s]
Epoch 0:  27%|██▋       | 518/1935 [00:00<00:01, 734.59it/s]
Epoch 0:  27%|██▋       | 519/1935 [00:00<00:01, 734.78it/s]
Epoch 0:  27%|██▋       | 519/1935 [00:00<00:01, 734.63it/s]
Epoch 0:  27%|██▋       | 520/1935 [00:00<00:01, 734.81it/s]
Epoch 0:  27%|██▋       | 520/1935 [00:00<00:01, 734.66it/s]
Epoch 0:  27%|██▋       | 521/1935 [00:00<00:01, 734.86it/s]
Epoch 0:  27%|██▋       | 521/1935 [00:00<00:01, 734.67it/s]
Epoch 0:  27%|██▋       | 522/1935 [00:00<00:01, 734.86it/s]
Epoch 0:  27%|██▋       | 522/1935 [00:00<00:01, 734.70it/s]
Epoch 0:  27%|██▋       | 523/1935 [00:00<00:01, 734.86it/s]
Epoch 0:  27%|██▋       | 523/1935 [00:00<00:01, 734.69it/s]
Epoch 0:  27%|██▋       | 524/1935 [00:00<00:01, 734.88it/s]
Epoch 0:  27%|██▋       | 524/1935 [00:00<00:01, 734.70it/s]
Epoch 0:  27%|██▋       | 525/1935 [00:00<00:01, 734.88it/s]
Epoch 0:  27%|██▋       | 525/1935 [00:00<00:01, 734.73it/s]
Epoch 0:  27%|██▋       | 526/1935 [00:00<00:01, 734.90it/s]
Epoch 0:  27%|██▋       | 526/1935 [00:00<00:01, 734.75it/s]
Epoch 0:  27%|██▋       | 527/1935 [00:00<00:01, 734.95it/s]
Epoch 0:  27%|██▋       | 527/1935 [00:00<00:01, 734.78it/s]
Epoch 0:  27%|██▋       | 528/1935 [00:00<00:01, 734.93it/s]
Epoch 0:  27%|██▋       | 528/1935 [00:00<00:01, 734.78it/s]
Epoch 0:  27%|██▋       | 529/1935 [00:00<00:01, 734.95it/s]
Epoch 0:  27%|██▋       | 529/1935 [00:00<00:01, 734.77it/s]
Epoch 0:  27%|██▋       | 530/1935 [00:00<00:01, 734.96it/s]
Epoch 0:  27%|██▋       | 530/1935 [00:00<00:01, 734.80it/s]
Epoch 0:  27%|██▋       | 531/1935 [00:00<00:01, 734.98it/s]
Epoch 0:  27%|██▋       | 531/1935 [00:00<00:01, 734.81it/s]
Epoch 0:  27%|██▋       | 532/1935 [00:00<00:01, 734.98it/s]
Epoch 0:  27%|██▋       | 532/1935 [00:00<00:01, 734.82it/s]
Epoch 0:  28%|██▊       | 533/1935 [00:00<00:01, 735.00it/s]
Epoch 0:  28%|██▊       | 533/1935 [00:00<00:01, 734.84it/s]
Epoch 0:  28%|██▊       | 534/1935 [00:00<00:01, 735.01it/s]
Epoch 0:  28%|██▊       | 534/1935 [00:00<00:01, 734.87it/s]
Epoch 0:  28%|██▊       | 535/1935 [00:00<00:01, 735.05it/s]
Epoch 0:  28%|██▊       | 535/1935 [00:00<00:01, 734.91it/s]
Epoch 0:  28%|██▊       | 536/1935 [00:00<00:01, 735.07it/s]
Epoch 0:  28%|██▊       | 536/1935 [00:00<00:01, 734.93it/s]
Epoch 0:  28%|██▊       | 537/1935 [00:00<00:01, 735.11it/s]
Epoch 0:  28%|██▊       | 537/1935 [00:00<00:01, 734.93it/s]
Epoch 0:  28%|██▊       | 538/1935 [00:00<00:01, 735.10it/s]
Epoch 0:  28%|██▊       | 538/1935 [00:00<00:01, 734.95it/s]
Epoch 0:  28%|██▊       | 539/1935 [00:00<00:01, 735.11it/s]
Epoch 0:  28%|██▊       | 539/1935 [00:00<00:01, 734.94it/s]
Epoch 0:  28%|██▊       | 540/1935 [00:00<00:01, 735.12it/s]
Epoch 0:  28%|██▊       | 540/1935 [00:00<00:01, 734.95it/s]
Epoch 0:  28%|██▊       | 541/1935 [00:00<00:01, 735.14it/s]
Epoch 0:  28%|██▊       | 541/1935 [00:00<00:01, 734.99it/s]
Epoch 0:  28%|██▊       | 542/1935 [00:00<00:01, 735.15it/s]
Epoch 0:  28%|██▊       | 542/1935 [00:00<00:01, 735.01it/s]
Epoch 0:  28%|██▊       | 543/1935 [00:00<00:01, 735.20it/s]
Epoch 0:  28%|██▊       | 543/1935 [00:00<00:01, 735.06it/s]
Epoch 0:  28%|██▊       | 544/1935 [00:00<00:01, 735.23it/s]
Epoch 0:  28%|██▊       | 544/1935 [00:00<00:01, 735.08it/s]
Epoch 0:  28%|██▊       | 545/1935 [00:00<00:01, 735.23it/s]
Epoch 0:  28%|██▊       | 545/1935 [00:00<00:01, 735.06it/s]
Epoch 0:  28%|██▊       | 546/1935 [00:00<00:01, 735.23it/s]
Epoch 0:  28%|██▊       | 546/1935 [00:00<00:01, 735.07it/s]
Epoch 0:  28%|██▊       | 547/1935 [00:00<00:01, 735.23it/s]
Epoch 0:  28%|██▊       | 547/1935 [00:00<00:01, 735.06it/s]
Epoch 0:  28%|██▊       | 548/1935 [00:00<00:01, 735.23it/s]
Epoch 0:  28%|██▊       | 548/1935 [00:00<00:01, 735.08it/s]
Epoch 0:  28%|██▊       | 549/1935 [00:00<00:01, 735.28it/s]
Epoch 0:  28%|██▊       | 549/1935 [00:00<00:01, 735.14it/s]
Epoch 0:  28%|██▊       | 550/1935 [00:00<00:01, 735.32it/s]
Epoch 0:  28%|██▊       | 550/1935 [00:00<00:01, 735.17it/s]
Epoch 0:  28%|██▊       | 551/1935 [00:00<00:01, 735.33it/s]
Epoch 0:  28%|██▊       | 551/1935 [00:00<00:01, 735.19it/s]
Epoch 0:  29%|██▊       | 552/1935 [00:00<00:01, 735.37it/s]
Epoch 0:  29%|██▊       | 552/1935 [00:00<00:01, 735.22it/s]
Epoch 0:  29%|██▊       | 553/1935 [00:00<00:01, 735.38it/s]
Epoch 0:  29%|██▊       | 553/1935 [00:00<00:01, 735.21it/s]
Epoch 0:  29%|██▊       | 554/1935 [00:00<00:01, 735.38it/s]
Epoch 0:  29%|██▊       | 554/1935 [00:00<00:01, 735.23it/s]
Epoch 0:  29%|██▊       | 555/1935 [00:00<00:01, 735.26it/s]
Epoch 0:  29%|██▊       | 555/1935 [00:00<00:01, 735.11it/s]
Epoch 0:  29%|██▊       | 556/1935 [00:00<00:01, 735.24it/s]
Epoch 0:  29%|██▊       | 556/1935 [00:00<00:01, 735.09it/s]
Epoch 0:  29%|██▉       | 557/1935 [00:00<00:01, 735.27it/s]
Epoch 0:  29%|██▉       | 557/1935 [00:00<00:01, 735.13it/s]
Epoch 0:  29%|██▉       | 558/1935 [00:00<00:01, 735.29it/s]
Epoch 0:  29%|██▉       | 558/1935 [00:00<00:01, 735.15it/s]
Epoch 0:  29%|██▉       | 559/1935 [00:00<00:01, 735.32it/s]
Epoch 0:  29%|██▉       | 559/1935 [00:00<00:01, 735.18it/s]
Epoch 0:  29%|██▉       | 560/1935 [00:00<00:01, 735.35it/s]
Epoch 0:  29%|██▉       | 560/1935 [00:00<00:01, 735.21it/s]
Epoch 0:  29%|██▉       | 561/1935 [00:00<00:01, 735.39it/s]
Epoch 0:  29%|██▉       | 561/1935 [00:00<00:01, 735.22it/s]
Epoch 0:  29%|██▉       | 562/1935 [00:00<00:01, 735.37it/s]
Epoch 0:  29%|██▉       | 562/1935 [00:00<00:01, 735.21it/s]
Epoch 0:  29%|██▉       | 563/1935 [00:00<00:01, 735.39it/s]
Epoch 0:  29%|██▉       | 563/1935 [00:00<00:01, 735.23it/s]
Epoch 0:  29%|██▉       | 564/1935 [00:00<00:01, 735.41it/s]
Epoch 0:  29%|██▉       | 564/1935 [00:00<00:01, 735.25it/s]
Epoch 0:  29%|██▉       | 565/1935 [00:00<00:01, 735.45it/s]
Epoch 0:  29%|██▉       | 565/1935 [00:00<00:01, 735.31it/s]
Epoch 0:  29%|██▉       | 566/1935 [00:00<00:01, 735.47it/s]
Epoch 0:  29%|██▉       | 566/1935 [00:00<00:01, 735.33it/s]
Epoch 0:  29%|██▉       | 567/1935 [00:00<00:01, 735.50it/s]
Epoch 0:  29%|██▉       | 567/1935 [00:00<00:01, 735.36it/s]
Epoch 0:  29%|██▉       | 568/1935 [00:00<00:01, 735.52it/s]
Epoch 0:  29%|██▉       | 568/1935 [00:00<00:01, 735.37it/s]
Epoch 0:  29%|██▉       | 569/1935 [00:00<00:01, 735.53it/s]
Epoch 0:  29%|██▉       | 569/1935 [00:00<00:01, 735.36it/s]
Epoch 0:  29%|██▉       | 570/1935 [00:00<00:01, 735.49it/s]
Epoch 0:  29%|██▉       | 570/1935 [00:00<00:01, 735.33it/s]
Epoch 0:  30%|██▉       | 571/1935 [00:00<00:01, 735.50it/s]
Epoch 0:  30%|██▉       | 571/1935 [00:00<00:01, 735.34it/s]
Epoch 0:  30%|██▉       | 572/1935 [00:00<00:01, 735.50it/s]
Epoch 0:  30%|██▉       | 572/1935 [00:00<00:01, 735.35it/s]
Epoch 0:  30%|██▉       | 573/1935 [00:00<00:01, 735.51it/s]
Epoch 0:  30%|██▉       | 573/1935 [00:00<00:01, 735.36it/s]
Epoch 0:  30%|██▉       | 574/1935 [00:00<00:01, 735.49it/s]
Epoch 0:  30%|██▉       | 574/1935 [00:00<00:01, 735.36it/s]
Epoch 0:  30%|██▉       | 575/1935 [00:00<00:01, 735.54it/s]
Epoch 0:  30%|██▉       | 575/1935 [00:00<00:01, 735.40it/s]
Epoch 0:  30%|██▉       | 576/1935 [00:00<00:01, 735.56it/s]
Epoch 0:  30%|██▉       | 576/1935 [00:00<00:01, 735.41it/s]
Epoch 0:  30%|██▉       | 577/1935 [00:00<00:01, 735.57it/s]
Epoch 0:  30%|██▉       | 577/1935 [00:00<00:01, 735.40it/s]
Epoch 0:  30%|██▉       | 578/1935 [00:00<00:01, 735.57it/s]
Epoch 0:  30%|██▉       | 578/1935 [00:00<00:01, 735.42it/s]
Epoch 0:  30%|██▉       | 579/1935 [00:00<00:01, 735.56it/s]
Epoch 0:  30%|██▉       | 579/1935 [00:00<00:01, 735.41it/s]
Epoch 0:  30%|██▉       | 580/1935 [00:00<00:01, 735.57it/s]
Epoch 0:  30%|██▉       | 580/1935 [00:00<00:01, 735.42it/s]
Epoch 0:  30%|███       | 581/1935 [00:00<00:01, 735.60it/s]
Epoch 0:  30%|███       | 581/1935 [00:00<00:01, 735.46it/s]
Epoch 0:  30%|███       | 582/1935 [00:00<00:01, 735.58it/s]
Epoch 0:  30%|███       | 582/1935 [00:00<00:01, 735.44it/s]
Epoch 0:  30%|███       | 583/1935 [00:00<00:01, 735.60it/s]
Epoch 0:  30%|███       | 583/1935 [00:00<00:01, 735.46it/s]
Epoch 0:  30%|███       | 584/1935 [00:00<00:01, 735.63it/s]
Epoch 0:  30%|███       | 584/1935 [00:00<00:01, 735.48it/s]
Epoch 0:  30%|███       | 585/1935 [00:00<00:01, 735.60it/s]
Epoch 0:  30%|███       | 585/1935 [00:00<00:01, 735.44it/s]
Epoch 0:  30%|███       | 586/1935 [00:00<00:01, 735.59it/s]
Epoch 0:  30%|███       | 586/1935 [00:00<00:01, 735.43it/s]
Epoch 0:  30%|███       | 587/1935 [00:00<00:01, 735.60it/s]
Epoch 0:  30%|███       | 587/1935 [00:00<00:01, 735.43it/s]
Epoch 0:  30%|███       | 588/1935 [00:00<00:01, 735.58it/s]
Epoch 0:  30%|███       | 588/1935 [00:00<00:01, 735.43it/s]
Epoch 0:  30%|███       | 589/1935 [00:00<00:01, 735.62it/s]
Epoch 0:  30%|███       | 589/1935 [00:00<00:01, 735.48it/s]
Epoch 0:  30%|███       | 590/1935 [00:00<00:01, 735.65it/s]
Epoch 0:  30%|███       | 590/1935 [00:00<00:01, 735.50it/s]
Epoch 0:  31%|███       | 591/1935 [00:00<00:01, 735.68it/s]
Epoch 0:  31%|███       | 591/1935 [00:00<00:01, 735.54it/s]
Epoch 0:  31%|███       | 592/1935 [00:00<00:01, 735.71it/s]
Epoch 0:  31%|███       | 592/1935 [00:00<00:01, 735.58it/s]
Epoch 0:  31%|███       | 593/1935 [00:00<00:01, 735.76it/s]
Epoch 0:  31%|███       | 593/1935 [00:00<00:01, 735.58it/s]
Epoch 0:  31%|███       | 594/1935 [00:00<00:01, 735.75it/s]
Epoch 0:  31%|███       | 594/1935 [00:00<00:01, 735.61it/s]
Epoch 0:  31%|███       | 595/1935 [00:00<00:01, 735.77it/s]
Epoch 0:  31%|███       | 595/1935 [00:00<00:01, 735.63it/s]
Epoch 0:  31%|███       | 596/1935 [00:00<00:01, 735.79it/s]
Epoch 0:  31%|███       | 596/1935 [00:00<00:01, 735.64it/s]
Epoch 0:  31%|███       | 597/1935 [00:00<00:01, 735.82it/s]
Epoch 0:  31%|███       | 597/1935 [00:00<00:01, 735.69it/s]
Epoch 0:  31%|███       | 598/1935 [00:00<00:01, 735.85it/s]
Epoch 0:  31%|███       | 598/1935 [00:00<00:01, 735.72it/s]
Epoch 0:  31%|███       | 599/1935 [00:00<00:01, 735.88it/s]
Epoch 0:  31%|███       | 599/1935 [00:00<00:01, 735.73it/s]
Epoch 0:  31%|███       | 600/1935 [00:00<00:01, 735.87it/s]
Epoch 0:  31%|███       | 600/1935 [00:00<00:01, 735.74it/s]
Epoch 0:  31%|███       | 601/1935 [00:00<00:01, 735.88it/s]
Epoch 0:  31%|███       | 601/1935 [00:00<00:01, 735.72it/s]
Epoch 0:  31%|███       | 602/1935 [00:00<00:01, 735.89it/s]
Epoch 0:  31%|███       | 602/1935 [00:00<00:01, 735.71it/s]
Epoch 0:  31%|███       | 603/1935 [00:00<00:01, 735.88it/s]
Epoch 0:  31%|███       | 603/1935 [00:00<00:01, 735.73it/s]
Epoch 0:  31%|███       | 604/1935 [00:00<00:01, 735.90it/s]
Epoch 0:  31%|███       | 604/1935 [00:00<00:01, 735.76it/s]
Epoch 0:  31%|███▏      | 605/1935 [00:00<00:01, 735.94it/s]
Epoch 0:  31%|███▏      | 605/1935 [00:00<00:01, 735.78it/s]
Epoch 0:  31%|███▏      | 606/1935 [00:00<00:01, 735.94it/s]
Epoch 0:  31%|███▏      | 606/1935 [00:00<00:01, 735.81it/s]
Epoch 0:  31%|███▏      | 607/1935 [00:00<00:01, 735.98it/s]
Epoch 0:  31%|███▏      | 607/1935 [00:00<00:01, 735.85it/s]
Epoch 0:  31%|███▏      | 608/1935 [00:00<00:01, 736.02it/s]
Epoch 0:  31%|███▏      | 608/1935 [00:00<00:01, 735.86it/s]
Epoch 0:  31%|███▏      | 609/1935 [00:00<00:01, 736.03it/s]
Epoch 0:  31%|███▏      | 609/1935 [00:00<00:01, 735.87it/s]
Epoch 0:  32%|███▏      | 610/1935 [00:00<00:01, 736.03it/s]
Epoch 0:  32%|███▏      | 610/1935 [00:00<00:01, 735.89it/s]
Epoch 0:  32%|███▏      | 611/1935 [00:00<00:01, 736.06it/s]
Epoch 0:  32%|███▏      | 611/1935 [00:00<00:01, 735.89it/s]
Epoch 0:  32%|███▏      | 612/1935 [00:00<00:01, 736.06it/s]
Epoch 0:  32%|███▏      | 612/1935 [00:00<00:01, 735.91it/s]
Epoch 0:  32%|███▏      | 613/1935 [00:00<00:01, 736.09it/s]
Epoch 0:  32%|███▏      | 613/1935 [00:00<00:01, 735.96it/s]
Epoch 0:  32%|███▏      | 614/1935 [00:00<00:01, 736.12it/s]
Epoch 0:  32%|███▏      | 614/1935 [00:00<00:01, 735.96it/s]
Epoch 0:  32%|███▏      | 615/1935 [00:00<00:01, 736.12it/s]
Epoch 0:  32%|███▏      | 615/1935 [00:00<00:01, 735.99it/s]
Epoch 0:  32%|███▏      | 616/1935 [00:00<00:01, 736.14it/s]
Epoch 0:  32%|███▏      | 616/1935 [00:00<00:01, 736.01it/s]
Epoch 0:  32%|███▏      | 617/1935 [00:00<00:01, 736.00it/s]
Epoch 0:  32%|███▏      | 617/1935 [00:00<00:01, 735.84it/s]
Epoch 0:  32%|███▏      | 618/1935 [00:00<00:01, 735.99it/s]
Epoch 0:  32%|███▏      | 618/1935 [00:00<00:01, 735.85it/s]
Epoch 0:  32%|███▏      | 619/1935 [00:00<00:01, 736.01it/s]
Epoch 0:  32%|███▏      | 619/1935 [00:00<00:01, 735.86it/s]
Epoch 0:  32%|███▏      | 620/1935 [00:00<00:01, 736.01it/s]
Epoch 0:  32%|███▏      | 620/1935 [00:00<00:01, 735.87it/s]
Epoch 0:  32%|███▏      | 621/1935 [00:00<00:01, 736.05it/s]
Epoch 0:  32%|███▏      | 621/1935 [00:00<00:01, 735.92it/s]
Epoch 0:  32%|███▏      | 622/1935 [00:00<00:01, 736.08it/s]
Epoch 0:  32%|███▏      | 622/1935 [00:00<00:01, 735.94it/s]
Epoch 0:  32%|███▏      | 623/1935 [00:00<00:01, 736.10it/s]
Epoch 0:  32%|███▏      | 623/1935 [00:00<00:01, 735.98it/s]
Epoch 0:  32%|███▏      | 624/1935 [00:00<00:01, 736.12it/s]
Epoch 0:  32%|███▏      | 624/1935 [00:00<00:01, 735.99it/s]
Epoch 0:  32%|███▏      | 625/1935 [00:00<00:01, 736.12it/s]
Epoch 0:  32%|███▏      | 625/1935 [00:00<00:01, 735.96it/s]
Epoch 0:  32%|███▏      | 626/1935 [00:00<00:01, 736.11it/s]
Epoch 0:  32%|███▏      | 626/1935 [00:00<00:01, 735.97it/s]
Epoch 0:  32%|███▏      | 627/1935 [00:00<00:01, 736.11it/s]
Epoch 0:  32%|███▏      | 627/1935 [00:00<00:01, 735.97it/s]
Epoch 0:  32%|███▏      | 628/1935 [00:00<00:01, 736.12it/s]
Epoch 0:  32%|███▏      | 628/1935 [00:00<00:01, 735.98it/s]
Epoch 0:  33%|███▎      | 629/1935 [00:00<00:01, 736.15it/s]
Epoch 0:  33%|███▎      | 629/1935 [00:00<00:01, 736.02it/s]
Epoch 0:  33%|███▎      | 630/1935 [00:00<00:01, 736.18it/s]
Epoch 0:  33%|███▎      | 630/1935 [00:00<00:01, 736.05it/s]
Epoch 0:  33%|███▎      | 631/1935 [00:00<00:01, 736.22it/s]
Epoch 0:  33%|███▎      | 631/1935 [00:00<00:01, 736.09it/s]
Epoch 0:  33%|███▎      | 632/1935 [00:00<00:01, 736.25it/s]
Epoch 0:  33%|███▎      | 632/1935 [00:00<00:01, 736.13it/s]
Epoch 0:  33%|███▎      | 633/1935 [00:00<00:01, 736.29it/s]
Epoch 0:  33%|███▎      | 633/1935 [00:00<00:01, 736.15it/s]
Epoch 0:  33%|███▎      | 634/1935 [00:00<00:01, 736.30it/s]
Epoch 0:  33%|███▎      | 634/1935 [00:00<00:01, 736.16it/s]
Epoch 0:  33%|███▎      | 635/1935 [00:00<00:01, 736.32it/s]
Epoch 0:  33%|███▎      | 635/1935 [00:00<00:01, 736.18it/s]
Epoch 0:  33%|███▎      | 636/1935 [00:00<00:01, 736.32it/s]
Epoch 0:  33%|███▎      | 636/1935 [00:00<00:01, 736.18it/s]
Epoch 0:  33%|███▎      | 637/1935 [00:00<00:01, 736.34it/s]
Epoch 0:  33%|███▎      | 637/1935 [00:00<00:01, 736.20it/s]
Epoch 0:  33%|███▎      | 638/1935 [00:00<00:01, 736.32it/s]
Epoch 0:  33%|███▎      | 638/1935 [00:00<00:01, 736.20it/s]
Epoch 0:  33%|███▎      | 639/1935 [00:00<00:01, 736.34it/s]
Epoch 0:  33%|███▎      | 639/1935 [00:00<00:01, 736.22it/s]
Epoch 0:  33%|███▎      | 640/1935 [00:00<00:01, 736.35it/s]
Epoch 0:  33%|███▎      | 640/1935 [00:00<00:01, 736.22it/s]
Epoch 0:  33%|███▎      | 641/1935 [00:00<00:01, 736.35it/s]
Epoch 0:  33%|███▎      | 641/1935 [00:00<00:01, 736.21it/s]
Epoch 0:  33%|███▎      | 642/1935 [00:00<00:01, 736.35it/s]
Epoch 0:  33%|███▎      | 642/1935 [00:00<00:01, 736.21it/s]
Epoch 0:  33%|███▎      | 643/1935 [00:00<00:01, 736.35it/s]
Epoch 0:  33%|███▎      | 643/1935 [00:00<00:01, 736.22it/s]
Epoch 0:  33%|███▎      | 644/1935 [00:00<00:01, 736.34it/s]
Epoch 0:  33%|███▎      | 644/1935 [00:00<00:01, 736.21it/s]
Epoch 0:  33%|███▎      | 645/1935 [00:00<00:01, 736.38it/s]
Epoch 0:  33%|███▎      | 645/1935 [00:00<00:01, 736.25it/s]
Epoch 0:  33%|███▎      | 646/1935 [00:00<00:01, 736.39it/s]
Epoch 0:  33%|███▎      | 646/1935 [00:00<00:01, 736.26it/s]
Epoch 0:  33%|███▎      | 647/1935 [00:00<00:01, 736.42it/s]
Epoch 0:  33%|███▎      | 647/1935 [00:00<00:01, 736.30it/s]
Epoch 0:  33%|███▎      | 648/1935 [00:00<00:01, 736.45it/s]
Epoch 0:  33%|███▎      | 648/1935 [00:00<00:01, 736.33it/s]
Epoch 0:  34%|███▎      | 649/1935 [00:00<00:01, 736.48it/s]
Epoch 0:  34%|███▎      | 649/1935 [00:00<00:01, 736.33it/s]
Epoch 0:  34%|███▎      | 650/1935 [00:00<00:01, 736.47it/s]
Epoch 0:  34%|███▎      | 650/1935 [00:00<00:01, 736.34it/s]
Epoch 0:  34%|███▎      | 651/1935 [00:00<00:01, 736.49it/s]
Epoch 0:  34%|███▎      | 651/1935 [00:00<00:01, 736.35it/s]
Epoch 0:  34%|███▎      | 652/1935 [00:00<00:01, 736.50it/s]
Epoch 0:  34%|███▎      | 652/1935 [00:00<00:01, 736.37it/s]
Epoch 0:  34%|███▎      | 653/1935 [00:00<00:01, 736.54it/s]
Epoch 0:  34%|███▎      | 653/1935 [00:00<00:01, 736.40it/s]
Epoch 0:  34%|███▍      | 654/1935 [00:00<00:01, 736.54it/s]
Epoch 0:  34%|███▍      | 654/1935 [00:00<00:01, 736.41it/s]
Epoch 0:  34%|███▍      | 655/1935 [00:00<00:01, 736.55it/s]
Epoch 0:  34%|███▍      | 655/1935 [00:00<00:01, 736.43it/s]
Epoch 0:  34%|███▍      | 656/1935 [00:00<00:01, 736.58it/s]
Epoch 0:  34%|███▍      | 656/1935 [00:00<00:01, 736.46it/s]
Epoch 0:  34%|███▍      | 657/1935 [00:00<00:01, 736.61it/s]
Epoch 0:  34%|███▍      | 657/1935 [00:00<00:01, 736.47it/s]
Epoch 0:  34%|███▍      | 658/1935 [00:00<00:01, 736.61it/s]
Epoch 0:  34%|███▍      | 658/1935 [00:00<00:01, 736.48it/s]
Epoch 0:  34%|███▍      | 659/1935 [00:00<00:01, 736.64it/s]
Epoch 0:  34%|███▍      | 659/1935 [00:00<00:01, 736.50it/s]
Epoch 0:  34%|███▍      | 660/1935 [00:00<00:01, 736.65it/s]
Epoch 0:  34%|███▍      | 660/1935 [00:00<00:01, 736.51it/s]
Epoch 0:  34%|███▍      | 661/1935 [00:00<00:01, 736.68it/s]
Epoch 0:  34%|███▍      | 661/1935 [00:00<00:01, 736.56it/s]
Epoch 0:  34%|███▍      | 662/1935 [00:00<00:01, 736.70it/s]
Epoch 0:  34%|███▍      | 662/1935 [00:00<00:01, 736.58it/s]
Epoch 0:  34%|███▍      | 663/1935 [00:00<00:01, 736.74it/s]
Epoch 0:  34%|███▍      | 663/1935 [00:00<00:01, 736.62it/s]
Epoch 0:  34%|███▍      | 664/1935 [00:00<00:01, 736.77it/s]
Epoch 0:  34%|███▍      | 664/1935 [00:00<00:01, 736.64it/s]
Epoch 0:  34%|███▍      | 665/1935 [00:00<00:01, 736.76it/s]
Epoch 0:  34%|███▍      | 665/1935 [00:00<00:01, 736.62it/s]
Epoch 0:  34%|███▍      | 666/1935 [00:00<00:01, 736.77it/s]
Epoch 0:  34%|███▍      | 666/1935 [00:00<00:01, 736.63it/s]
Epoch 0:  34%|███▍      | 667/1935 [00:00<00:01, 736.78it/s]
Epoch 0:  34%|███▍      | 667/1935 [00:00<00:01, 736.65it/s]
Epoch 0:  35%|███▍      | 668/1935 [00:00<00:01, 736.79it/s]
Epoch 0:  35%|███▍      | 668/1935 [00:00<00:01, 736.66it/s]
Epoch 0:  35%|███▍      | 669/1935 [00:00<00:01, 736.83it/s]
Epoch 0:  35%|███▍      | 669/1935 [00:00<00:01, 736.71it/s]
Epoch 0:  35%|███▍      | 670/1935 [00:00<00:01, 736.84it/s]
Epoch 0:  35%|███▍      | 670/1935 [00:00<00:01, 736.73it/s]
Epoch 0:  35%|███▍      | 671/1935 [00:00<00:01, 736.86it/s]
Epoch 0:  35%|███▍      | 671/1935 [00:00<00:01, 736.75it/s]
Epoch 0:  35%|███▍      | 672/1935 [00:00<00:01, 736.89it/s]
Epoch 0:  35%|███▍      | 672/1935 [00:00<00:01, 736.78it/s]
Epoch 0:  35%|███▍      | 673/1935 [00:00<00:01, 736.92it/s]
Epoch 0:  35%|███▍      | 673/1935 [00:00<00:01, 736.78it/s]
Epoch 0:  35%|███▍      | 674/1935 [00:00<00:01, 736.92it/s]
Epoch 0:  35%|███▍      | 674/1935 [00:00<00:01, 736.79it/s]
Epoch 0:  35%|███▍      | 675/1935 [00:00<00:01, 736.94it/s]
Epoch 0:  35%|███▍      | 675/1935 [00:00<00:01, 736.80it/s]
Epoch 0:  35%|███▍      | 676/1935 [00:00<00:01, 736.95it/s]
Epoch 0:  35%|███▍      | 676/1935 [00:00<00:01, 736.82it/s]
Epoch 0:  35%|███▍      | 677/1935 [00:00<00:01, 736.97it/s]
Epoch 0:  35%|███▍      | 677/1935 [00:00<00:01, 736.86it/s]
Epoch 0:  35%|███▌      | 678/1935 [00:00<00:01, 737.00it/s]
Epoch 0:  35%|███▌      | 678/1935 [00:00<00:01, 736.88it/s]
Epoch 0:  35%|███▌      | 679/1935 [00:00<00:01, 736.91it/s]
Epoch 0:  35%|███▌      | 679/1935 [00:00<00:01, 736.79it/s]
Epoch 0:  35%|███▌      | 680/1935 [00:00<00:01, 736.93it/s]
Epoch 0:  35%|███▌      | 680/1935 [00:00<00:01, 736.81it/s]
Epoch 0:  35%|███▌      | 681/1935 [00:00<00:01, 736.96it/s]
Epoch 0:  35%|███▌      | 681/1935 [00:00<00:01, 736.81it/s]
Epoch 0:  35%|███▌      | 682/1935 [00:00<00:01, 736.96it/s]
Epoch 0:  35%|███▌      | 682/1935 [00:00<00:01, 736.83it/s]
Epoch 0:  35%|███▌      | 683/1935 [00:00<00:01, 736.98it/s]
Epoch 0:  35%|███▌      | 683/1935 [00:00<00:01, 736.84it/s]
Epoch 0:  35%|███▌      | 684/1935 [00:00<00:01, 736.99it/s]
Epoch 0:  35%|███▌      | 684/1935 [00:00<00:01, 736.86it/s]
Epoch 0:  35%|███▌      | 685/1935 [00:00<00:01, 737.02it/s]
Epoch 0:  35%|███▌      | 685/1935 [00:00<00:01, 736.90it/s]
Epoch 0:  35%|███▌      | 686/1935 [00:00<00:01, 737.04it/s]
Epoch 0:  35%|███▌      | 686/1935 [00:00<00:01, 736.93it/s]
Epoch 0:  36%|███▌      | 687/1935 [00:00<00:01, 737.08it/s]
Epoch 0:  36%|███▌      | 687/1935 [00:00<00:01, 736.96it/s]
Epoch 0:  36%|███▌      | 688/1935 [00:00<00:01, 737.09it/s]
Epoch 0:  36%|███▌      | 688/1935 [00:00<00:01, 736.97it/s]
Epoch 0:  36%|███▌      | 689/1935 [00:00<00:01, 737.09it/s]
Epoch 0:  36%|███▌      | 689/1935 [00:00<00:01, 736.96it/s]
Epoch 0:  36%|███▌      | 690/1935 [00:00<00:01, 737.10it/s]
Epoch 0:  36%|███▌      | 690/1935 [00:00<00:01, 736.97it/s]
Epoch 0:  36%|███▌      | 691/1935 [00:00<00:01, 737.10it/s]
Epoch 0:  36%|███▌      | 691/1935 [00:00<00:01, 736.98it/s]
Epoch 0:  36%|███▌      | 692/1935 [00:00<00:01, 737.12it/s]
Epoch 0:  36%|███▌      | 692/1935 [00:00<00:01, 736.99it/s]
Epoch 0:  36%|███▌      | 693/1935 [00:00<00:01, 737.16it/s]
Epoch 0:  36%|███▌      | 693/1935 [00:00<00:01, 737.03it/s]
Epoch 0:  36%|███▌      | 694/1935 [00:00<00:01, 737.15it/s]
Epoch 0:  36%|███▌      | 694/1935 [00:00<00:01, 737.04it/s]
Epoch 0:  36%|███▌      | 695/1935 [00:00<00:01, 737.19it/s]
Epoch 0:  36%|███▌      | 695/1935 [00:00<00:01, 737.07it/s]
Epoch 0:  36%|███▌      | 696/1935 [00:00<00:01, 737.19it/s]
Epoch 0:  36%|███▌      | 696/1935 [00:00<00:01, 737.07it/s]
Epoch 0:  36%|███▌      | 697/1935 [00:00<00:01, 737.20it/s]
Epoch 0:  36%|███▌      | 697/1935 [00:00<00:01, 737.06it/s]
Epoch 0:  36%|███▌      | 698/1935 [00:00<00:01, 737.20it/s]
Epoch 0:  36%|███▌      | 698/1935 [00:00<00:01, 737.07it/s]
Epoch 0:  36%|███▌      | 699/1935 [00:00<00:01, 737.21it/s]
Epoch 0:  36%|███▌      | 699/1935 [00:00<00:01, 737.09it/s]
Epoch 0:  36%|███▌      | 700/1935 [00:00<00:01, 737.22it/s]
Epoch 0:  36%|███▌      | 700/1935 [00:00<00:01, 737.10it/s]
Epoch 0:  36%|███▌      | 701/1935 [00:00<00:01, 737.24it/s]
Epoch 0:  36%|███▌      | 701/1935 [00:00<00:01, 737.12it/s]
Epoch 0:  36%|███▋      | 702/1935 [00:00<00:01, 737.23it/s]
Epoch 0:  36%|███▋      | 702/1935 [00:00<00:01, 737.12it/s]
Epoch 0:  36%|███▋      | 703/1935 [00:00<00:01, 737.26it/s]
Epoch 0:  36%|███▋      | 703/1935 [00:00<00:01, 737.15it/s]
Epoch 0:  36%|███▋      | 704/1935 [00:00<00:01, 737.29it/s]
Epoch 0:  36%|███▋      | 704/1935 [00:00<00:01, 737.18it/s]
Epoch 0:  36%|███▋      | 705/1935 [00:00<00:01, 737.30it/s]
Epoch 0:  36%|███▋      | 705/1935 [00:00<00:01, 737.17it/s]
Epoch 0:  36%|███▋      | 706/1935 [00:00<00:01, 737.29it/s]
Epoch 0:  36%|███▋      | 706/1935 [00:00<00:01, 737.17it/s]
Epoch 0:  37%|███▋      | 707/1935 [00:00<00:01, 737.30it/s]
Epoch 0:  37%|███▋      | 707/1935 [00:00<00:01, 737.17it/s]
Epoch 0:  37%|███▋      | 708/1935 [00:00<00:01, 737.30it/s]
Epoch 0:  37%|███▋      | 708/1935 [00:00<00:01, 737.18it/s]
Epoch 0:  37%|███▋      | 709/1935 [00:00<00:01, 737.31it/s]
Epoch 0:  37%|███▋      | 709/1935 [00:00<00:01, 737.19it/s]
Epoch 0:  37%|███▋      | 710/1935 [00:00<00:01, 737.32it/s]
Epoch 0:  37%|███▋      | 710/1935 [00:00<00:01, 737.21it/s]
Epoch 0:  37%|███▋      | 711/1935 [00:00<00:01, 737.33it/s]
Epoch 0:  37%|███▋      | 711/1935 [00:00<00:01, 737.22it/s]
Epoch 0:  37%|███▋      | 712/1935 [00:00<00:01, 737.35it/s]
Epoch 0:  37%|███▋      | 712/1935 [00:00<00:01, 737.24it/s]
Epoch 0:  37%|███▋      | 713/1935 [00:00<00:01, 737.35it/s]
Epoch 0:  37%|███▋      | 713/1935 [00:00<00:01, 737.22it/s]
Epoch 0:  37%|███▋      | 714/1935 [00:00<00:01, 737.33it/s]
Epoch 0:  37%|███▋      | 714/1935 [00:00<00:01, 737.20it/s]
Epoch 0:  37%|███▋      | 715/1935 [00:00<00:01, 737.32it/s]
Epoch 0:  37%|███▋      | 715/1935 [00:00<00:01, 737.19it/s]
Epoch 0:  37%|███▋      | 716/1935 [00:00<00:01, 737.32it/s]
Epoch 0:  37%|███▋      | 716/1935 [00:00<00:01, 737.20it/s]
Epoch 0:  37%|███▋      | 717/1935 [00:00<00:01, 737.34it/s]
Epoch 0:  37%|███▋      | 717/1935 [00:00<00:01, 737.22it/s]
Epoch 0:  37%|███▋      | 718/1935 [00:00<00:01, 737.33it/s]
Epoch 0:  37%|███▋      | 718/1935 [00:00<00:01, 737.22it/s]
Epoch 0:  37%|███▋      | 719/1935 [00:00<00:01, 737.35it/s]
Epoch 0:  37%|███▋      | 719/1935 [00:00<00:01, 737.24it/s]
Epoch 0:  37%|███▋      | 720/1935 [00:00<00:01, 737.37it/s]
Epoch 0:  37%|███▋      | 720/1935 [00:00<00:01, 737.26it/s]
Epoch 0:  37%|███▋      | 721/1935 [00:00<00:01, 737.39it/s]
Epoch 0:  37%|███▋      | 721/1935 [00:00<00:01, 737.26it/s]
Epoch 0:  37%|███▋      | 722/1935 [00:00<00:01, 737.39it/s]
Epoch 0:  37%|███▋      | 722/1935 [00:00<00:01, 737.27it/s]
Epoch 0:  37%|███▋      | 723/1935 [00:00<00:01, 737.41it/s]
Epoch 0:  37%|███▋      | 723/1935 [00:00<00:01, 737.29it/s]
Epoch 0:  37%|███▋      | 724/1935 [00:00<00:01, 737.41it/s]
Epoch 0:  37%|███▋      | 724/1935 [00:00<00:01, 737.29it/s]
Epoch 0:  37%|███▋      | 725/1935 [00:00<00:01, 737.43it/s]
Epoch 0:  37%|███▋      | 725/1935 [00:00<00:01, 737.31it/s]
Epoch 0:  38%|███▊      | 726/1935 [00:00<00:01, 737.43it/s]
Epoch 0:  38%|███▊      | 726/1935 [00:00<00:01, 737.32it/s]
Epoch 0:  38%|███▊      | 727/1935 [00:00<00:01, 737.46it/s]
Epoch 0:  38%|███▊      | 727/1935 [00:00<00:01, 737.35it/s]
Epoch 0:  38%|███▊      | 728/1935 [00:00<00:01, 737.48it/s]
Epoch 0:  38%|███▊      | 728/1935 [00:00<00:01, 737.37it/s]
Epoch 0:  38%|███▊      | 729/1935 [00:00<00:01, 737.50it/s]
Epoch 0:  38%|███▊      | 729/1935 [00:00<00:01, 737.37it/s]
Epoch 0:  38%|███▊      | 730/1935 [00:00<00:01, 737.51it/s]
Epoch 0:  38%|███▊      | 730/1935 [00:00<00:01, 737.39it/s]
Epoch 0:  38%|███▊      | 731/1935 [00:00<00:01, 737.52it/s]
Epoch 0:  38%|███▊      | 731/1935 [00:00<00:01, 737.40it/s]
Epoch 0:  38%|███▊      | 732/1935 [00:00<00:01, 737.54it/s]
Epoch 0:  38%|███▊      | 732/1935 [00:00<00:01, 737.41it/s]
Epoch 0:  38%|███▊      | 733/1935 [00:00<00:01, 737.57it/s]
Epoch 0:  38%|███▊      | 733/1935 [00:00<00:01, 737.46it/s]
Epoch 0:  38%|███▊      | 734/1935 [00:00<00:01, 737.58it/s]
Epoch 0:  38%|███▊      | 734/1935 [00:00<00:01, 737.47it/s]
Epoch 0:  38%|███▊      | 735/1935 [00:00<00:01, 737.61it/s]
Epoch 0:  38%|███▊      | 735/1935 [00:00<00:01, 737.50it/s]
Epoch 0:  38%|███▊      | 736/1935 [00:00<00:01, 737.63it/s]
Epoch 0:  38%|███▊      | 736/1935 [00:00<00:01, 737.53it/s]
Epoch 0:  38%|███▊      | 737/1935 [00:00<00:01, 737.64it/s]
Epoch 0:  38%|███▊      | 737/1935 [00:00<00:01, 737.51it/s]
Epoch 0:  38%|███▊      | 738/1935 [00:01<00:01, 737.64it/s]
Epoch 0:  38%|███▊      | 738/1935 [00:01<00:01, 737.53it/s]
Epoch 0:  38%|███▊      | 739/1935 [00:01<00:01, 737.66it/s]
Epoch 0:  38%|███▊      | 739/1935 [00:01<00:01, 737.54it/s]
Epoch 0:  38%|███▊      | 740/1935 [00:01<00:01, 737.67it/s]
Epoch 0:  38%|███▊      | 740/1935 [00:01<00:01, 737.55it/s]
Epoch 0:  38%|███▊      | 741/1935 [00:01<00:01, 737.58it/s]
Epoch 0:  38%|███▊      | 741/1935 [00:01<00:01, 737.47it/s]
Epoch 0:  38%|███▊      | 742/1935 [00:01<00:01, 737.58it/s]
Epoch 0:  38%|███▊      | 742/1935 [00:01<00:01, 737.47it/s]
Epoch 0:  38%|███▊      | 743/1935 [00:01<00:01, 737.61it/s]
Epoch 0:  38%|███▊      | 743/1935 [00:01<00:01, 737.49it/s]
Epoch 0:  38%|███▊      | 744/1935 [00:01<00:01, 737.62it/s]
Epoch 0:  38%|███▊      | 744/1935 [00:01<00:01, 737.52it/s]
Epoch 0:  39%|███▊      | 745/1935 [00:01<00:01, 737.62it/s]
Epoch 0:  39%|███▊      | 745/1935 [00:01<00:01, 737.49it/s]
Epoch 0:  39%|███▊      | 746/1935 [00:01<00:01, 737.62it/s]
Epoch 0:  39%|███▊      | 746/1935 [00:01<00:01, 737.50it/s]
Epoch 0:  39%|███▊      | 747/1935 [00:01<00:01, 737.64it/s]
Epoch 0:  39%|███▊      | 747/1935 [00:01<00:01, 737.52it/s]
Epoch 0:  39%|███▊      | 748/1935 [00:01<00:01, 737.65it/s]
Epoch 0:  39%|███▊      | 748/1935 [00:01<00:01, 737.53it/s]
Epoch 0:  39%|███▊      | 749/1935 [00:01<00:01, 737.67it/s]
Epoch 0:  39%|███▊      | 749/1935 [00:01<00:01, 737.56it/s]
Epoch 0:  39%|███▉      | 750/1935 [00:01<00:01, 737.68it/s]
Epoch 0:  39%|███▉      | 750/1935 [00:01<00:01, 737.57it/s]
Epoch 0:  39%|███▉      | 751/1935 [00:01<00:01, 737.68it/s]
Epoch 0:  39%|███▉      | 751/1935 [00:01<00:01, 737.57it/s]
Epoch 0:  39%|███▉      | 752/1935 [00:01<00:01, 737.70it/s]
Epoch 0:  39%|███▉      | 752/1935 [00:01<00:01, 737.60it/s]
Epoch 0:  39%|███▉      | 753/1935 [00:01<00:01, 737.72it/s]
Epoch 0:  39%|███▉      | 753/1935 [00:01<00:01, 737.59it/s]
Epoch 0:  39%|███▉      | 754/1935 [00:01<00:01, 737.72it/s]
Epoch 0:  39%|███▉      | 754/1935 [00:01<00:01, 737.60it/s]
Epoch 0:  39%|███▉      | 755/1935 [00:01<00:01, 737.71it/s]
Epoch 0:  39%|███▉      | 755/1935 [00:01<00:01, 737.61it/s]
Epoch 0:  39%|███▉      | 756/1935 [00:01<00:01, 737.74it/s]
Epoch 0:  39%|███▉      | 756/1935 [00:01<00:01, 737.63it/s]
Epoch 0:  39%|███▉      | 757/1935 [00:01<00:01, 737.77it/s]
Epoch 0:  39%|███▉      | 757/1935 [00:01<00:01, 737.65it/s]
Epoch 0:  39%|███▉      | 758/1935 [00:01<00:01, 737.77it/s]
Epoch 0:  39%|███▉      | 758/1935 [00:01<00:01, 737.67it/s]
Epoch 0:  39%|███▉      | 759/1935 [00:01<00:01, 737.81it/s]
Epoch 0:  39%|███▉      | 759/1935 [00:01<00:01, 737.71it/s]
Epoch 0:  39%|███▉      | 760/1935 [00:01<00:01, 737.82it/s]
Epoch 0:  39%|███▉      | 760/1935 [00:01<00:01, 737.72it/s]
Epoch 0:  39%|███▉      | 761/1935 [00:01<00:01, 737.85it/s]
Epoch 0:  39%|███▉      | 761/1935 [00:01<00:01, 737.72it/s]
Epoch 0:  39%|███▉      | 762/1935 [00:01<00:01, 737.85it/s]
Epoch 0:  39%|███▉      | 762/1935 [00:01<00:01, 737.74it/s]
Epoch 0:  39%|███▉      | 763/1935 [00:01<00:01, 737.86it/s]
Epoch 0:  39%|███▉      | 763/1935 [00:01<00:01, 737.73it/s]
Epoch 0:  39%|███▉      | 764/1935 [00:01<00:01, 737.86it/s]
Epoch 0:  39%|███▉      | 764/1935 [00:01<00:01, 737.75it/s]
Epoch 0:  40%|███▉      | 765/1935 [00:01<00:01, 737.89it/s]
Epoch 0:  40%|███▉      | 765/1935 [00:01<00:01, 737.78it/s]
Epoch 0:  40%|███▉      | 766/1935 [00:01<00:01, 737.91it/s]
Epoch 0:  40%|███▉      | 766/1935 [00:01<00:01, 737.80it/s]
Epoch 0:  40%|███▉      | 767/1935 [00:01<00:01, 737.93it/s]
Epoch 0:  40%|███▉      | 767/1935 [00:01<00:01, 737.83it/s]
Epoch 0:  40%|███▉      | 768/1935 [00:01<00:01, 737.96it/s]
Epoch 0:  40%|███▉      | 768/1935 [00:01<00:01, 737.86it/s]
Epoch 0:  40%|███▉      | 769/1935 [00:01<00:01, 737.98it/s]
Epoch 0:  40%|███▉      | 769/1935 [00:01<00:01, 737.85it/s]
Epoch 0:  40%|███▉      | 770/1935 [00:01<00:01, 737.96it/s]
Epoch 0:  40%|███▉      | 770/1935 [00:01<00:01, 737.85it/s]
Epoch 0:  40%|███▉      | 771/1935 [00:01<00:01, 737.97it/s]
Epoch 0:  40%|███▉      | 771/1935 [00:01<00:01, 737.85it/s]
Epoch 0:  40%|███▉      | 772/1935 [00:01<00:01, 737.94it/s]
Epoch 0:  40%|███▉      | 772/1935 [00:01<00:01, 737.84it/s]
Epoch 0:  40%|███▉      | 773/1935 [00:01<00:01, 737.97it/s]
Epoch 0:  40%|███▉      | 773/1935 [00:01<00:01, 737.87it/s]
Epoch 0:  40%|████      | 774/1935 [00:01<00:01, 737.99it/s]
Epoch 0:  40%|████      | 774/1935 [00:01<00:01, 737.89it/s]
Epoch 0:  40%|████      | 775/1935 [00:01<00:01, 737.99it/s]
Epoch 0:  40%|████      | 775/1935 [00:01<00:01, 737.88it/s]
Epoch 0:  40%|████      | 776/1935 [00:01<00:01, 738.00it/s]
Epoch 0:  40%|████      | 776/1935 [00:01<00:01, 737.90it/s]
Epoch 0:  40%|████      | 777/1935 [00:01<00:01, 738.03it/s]
Epoch 0:  40%|████      | 777/1935 [00:01<00:01, 737.91it/s]
Epoch 0:  40%|████      | 778/1935 [00:01<00:01, 738.02it/s]
Epoch 0:  40%|████      | 778/1935 [00:01<00:01, 737.91it/s]
Epoch 0:  40%|████      | 779/1935 [00:01<00:01, 738.04it/s]
Epoch 0:  40%|████      | 779/1935 [00:01<00:01, 737.92it/s]
Epoch 0:  40%|████      | 780/1935 [00:01<00:01, 738.04it/s]
Epoch 0:  40%|████      | 780/1935 [00:01<00:01, 737.92it/s]
Epoch 0:  40%|████      | 781/1935 [00:01<00:01, 738.03it/s]
Epoch 0:  40%|████      | 781/1935 [00:01<00:01, 737.92it/s]
Epoch 0:  40%|████      | 782/1935 [00:01<00:01, 738.03it/s]
Epoch 0:  40%|████      | 782/1935 [00:01<00:01, 737.93it/s]
Epoch 0:  40%|████      | 783/1935 [00:01<00:01, 738.04it/s]
Epoch 0:  40%|████      | 783/1935 [00:01<00:01, 737.94it/s]
Epoch 0:  41%|████      | 784/1935 [00:01<00:01, 738.03it/s]
Epoch 0:  41%|████      | 784/1935 [00:01<00:01, 737.93it/s]
Epoch 0:  41%|████      | 785/1935 [00:01<00:01, 738.04it/s]
Epoch 0:  41%|████      | 785/1935 [00:01<00:01, 737.92it/s]
Epoch 0:  41%|████      | 786/1935 [00:01<00:01, 738.03it/s]
Epoch 0:  41%|████      | 786/1935 [00:01<00:01, 737.91it/s]
Epoch 0:  41%|████      | 787/1935 [00:01<00:01, 737.99it/s]
Epoch 0:  41%|████      | 787/1935 [00:01<00:01, 737.90it/s]
Epoch 0:  41%|████      | 788/1935 [00:01<00:01, 738.02it/s]
Epoch 0:  41%|████      | 788/1935 [00:01<00:01, 737.91it/s]
Epoch 0:  41%|████      | 789/1935 [00:01<00:01, 738.05it/s]
Epoch 0:  41%|████      | 789/1935 [00:01<00:01, 737.93it/s]
Epoch 0:  41%|████      | 790/1935 [00:01<00:01, 738.05it/s]
Epoch 0:  41%|████      | 790/1935 [00:01<00:01, 737.95it/s]
Epoch 0:  41%|████      | 791/1935 [00:01<00:01, 738.08it/s]
Epoch 0:  41%|████      | 791/1935 [00:01<00:01, 737.98it/s]
Epoch 0:  41%|████      | 792/1935 [00:01<00:01, 738.10it/s]
Epoch 0:  41%|████      | 792/1935 [00:01<00:01, 738.00it/s]
Epoch 0:  41%|████      | 793/1935 [00:01<00:01, 738.10it/s]
Epoch 0:  41%|████      | 793/1935 [00:01<00:01, 738.00it/s]
Epoch 0:  41%|████      | 794/1935 [00:01<00:01, 738.11it/s]
Epoch 0:  41%|████      | 794/1935 [00:01<00:01, 738.00it/s]
Epoch 0:  41%|████      | 795/1935 [00:01<00:01, 738.11it/s]
Epoch 0:  41%|████      | 795/1935 [00:01<00:01, 737.99it/s]
Epoch 0:  41%|████      | 796/1935 [00:01<00:01, 738.10it/s]
Epoch 0:  41%|████      | 796/1935 [00:01<00:01, 737.99it/s]
Epoch 0:  41%|████      | 797/1935 [00:01<00:01, 738.13it/s]
Epoch 0:  41%|████      | 797/1935 [00:01<00:01, 738.03it/s]
Epoch 0:  41%|████      | 798/1935 [00:01<00:01, 738.15it/s]
Epoch 0:  41%|████      | 798/1935 [00:01<00:01, 738.04it/s]
Epoch 0:  41%|████▏     | 799/1935 [00:01<00:01, 738.15it/s]
Epoch 0:  41%|████▏     | 799/1935 [00:01<00:01, 738.06it/s]
Epoch 0:  41%|████▏     | 800/1935 [00:01<00:01, 738.18it/s]
Epoch 0:  41%|████▏     | 800/1935 [00:01<00:01, 738.08it/s]
Epoch 0:  41%|████▏     | 801/1935 [00:01<00:01, 738.18it/s]
Epoch 0:  41%|████▏     | 801/1935 [00:01<00:01, 738.06it/s]
Epoch 0:  41%|████▏     | 802/1935 [00:01<00:01, 738.18it/s]
Epoch 0:  41%|████▏     | 802/1935 [00:01<00:01, 738.07it/s]
Epoch 0:  41%|████▏     | 803/1935 [00:01<00:01, 738.10it/s]
Epoch 0:  41%|████▏     | 803/1935 [00:01<00:01, 737.99it/s]
Epoch 0:  42%|████▏     | 804/1935 [00:01<00:01, 738.09it/s]
Epoch 0:  42%|████▏     | 804/1935 [00:01<00:01, 737.97it/s]
Epoch 0:  42%|████▏     | 805/1935 [00:01<00:01, 738.10it/s]
Epoch 0:  42%|████▏     | 805/1935 [00:01<00:01, 738.00it/s]
Epoch 0:  42%|████▏     | 806/1935 [00:01<00:01, 738.12it/s]
Epoch 0:  42%|████▏     | 806/1935 [00:01<00:01, 738.01it/s]
Epoch 0:  42%|████▏     | 807/1935 [00:01<00:01, 738.13it/s]
Epoch 0:  42%|████▏     | 807/1935 [00:01<00:01, 738.03it/s]
Epoch 0:  42%|████▏     | 808/1935 [00:01<00:01, 738.15it/s]
Epoch 0:  42%|████▏     | 808/1935 [00:01<00:01, 738.05it/s]
Epoch 0:  42%|████▏     | 809/1935 [00:01<00:01, 738.18it/s]
Epoch 0:  42%|████▏     | 809/1935 [00:01<00:01, 738.05it/s]
Epoch 0:  42%|████▏     | 810/1935 [00:01<00:01, 738.16it/s]
Epoch 0:  42%|████▏     | 810/1935 [00:01<00:01, 738.05it/s]
Epoch 0:  42%|████▏     | 811/1935 [00:01<00:01, 738.16it/s]
Epoch 0:  42%|████▏     | 811/1935 [00:01<00:01, 738.05it/s]
Epoch 0:  42%|████▏     | 812/1935 [00:01<00:01, 738.16it/s]
Epoch 0:  42%|████▏     | 812/1935 [00:01<00:01, 738.04it/s]
Epoch 0:  42%|████▏     | 813/1935 [00:01<00:01, 738.15it/s]
Epoch 0:  42%|████▏     | 813/1935 [00:01<00:01, 738.05it/s]
Epoch 0:  42%|████▏     | 814/1935 [00:01<00:01, 738.18it/s]
Epoch 0:  42%|████▏     | 814/1935 [00:01<00:01, 738.08it/s]
Epoch 0:  42%|████▏     | 815/1935 [00:01<00:01, 738.21it/s]
Epoch 0:  42%|████▏     | 815/1935 [00:01<00:01, 738.10it/s]
Epoch 0:  42%|████▏     | 816/1935 [00:01<00:01, 738.21it/s]
Epoch 0:  42%|████▏     | 816/1935 [00:01<00:01, 738.11it/s]
Epoch 0:  42%|████▏     | 817/1935 [00:01<00:01, 738.21it/s]
Epoch 0:  42%|████▏     | 817/1935 [00:01<00:01, 738.10it/s]
Epoch 0:  42%|████▏     | 818/1935 [00:01<00:01, 738.21it/s]
Epoch 0:  42%|████▏     | 818/1935 [00:01<00:01, 738.09it/s]
Epoch 0:  42%|████▏     | 819/1935 [00:01<00:01, 738.22it/s]
Epoch 0:  42%|████▏     | 819/1935 [00:01<00:01, 738.11it/s]
Epoch 0:  42%|████▏     | 820/1935 [00:01<00:01, 738.22it/s]
Epoch 0:  42%|████▏     | 820/1935 [00:01<00:01, 738.11it/s]
Epoch 0:  42%|████▏     | 821/1935 [00:01<00:01, 738.23it/s]
Epoch 0:  42%|████▏     | 821/1935 [00:01<00:01, 738.13it/s]
Epoch 0:  42%|████▏     | 822/1935 [00:01<00:01, 738.25it/s]
Epoch 0:  42%|████▏     | 822/1935 [00:01<00:01, 738.15it/s]
Epoch 0:  43%|████▎     | 823/1935 [00:01<00:01, 738.28it/s]
Epoch 0:  43%|████▎     | 823/1935 [00:01<00:01, 738.18it/s]
Epoch 0:  43%|████▎     | 824/1935 [00:01<00:01, 738.30it/s]
Epoch 0:  43%|████▎     | 824/1935 [00:01<00:01, 738.18it/s]
Epoch 0:  43%|████▎     | 825/1935 [00:01<00:01, 738.29it/s]
Epoch 0:  43%|████▎     | 825/1935 [00:01<00:01, 738.18it/s]
Epoch 0:  43%|████▎     | 826/1935 [00:01<00:01, 738.30it/s]
Epoch 0:  43%|████▎     | 826/1935 [00:01<00:01, 738.19it/s]
Epoch 0:  43%|████▎     | 827/1935 [00:01<00:01, 738.30it/s]
Epoch 0:  43%|████▎     | 827/1935 [00:01<00:01, 738.19it/s]
Epoch 0:  43%|████▎     | 828/1935 [00:01<00:01, 738.30it/s]
Epoch 0:  43%|████▎     | 828/1935 [00:01<00:01, 738.20it/s]
Epoch 0:  43%|████▎     | 829/1935 [00:01<00:01, 738.33it/s]
Epoch 0:  43%|████▎     | 829/1935 [00:01<00:01, 738.23it/s]
Epoch 0:  43%|████▎     | 830/1935 [00:01<00:01, 738.35it/s]
Epoch 0:  43%|████▎     | 830/1935 [00:01<00:01, 738.25it/s]
Epoch 0:  43%|████▎     | 831/1935 [00:01<00:01, 738.37it/s]
Epoch 0:  43%|████▎     | 831/1935 [00:01<00:01, 738.27it/s]
Epoch 0:  43%|████▎     | 832/1935 [00:01<00:01, 738.38it/s]
Epoch 0:  43%|████▎     | 832/1935 [00:01<00:01, 738.28it/s]
Epoch 0:  43%|████▎     | 833/1935 [00:01<00:01, 738.37it/s]
Epoch 0:  43%|████▎     | 833/1935 [00:01<00:01, 738.26it/s]
Epoch 0:  43%|████▎     | 834/1935 [00:01<00:01, 738.36it/s]
Epoch 0:  43%|████▎     | 834/1935 [00:01<00:01, 738.26it/s]
Epoch 0:  43%|████▎     | 835/1935 [00:01<00:01, 738.36it/s]
Epoch 0:  43%|████▎     | 835/1935 [00:01<00:01, 738.25it/s]
Epoch 0:  43%|████▎     | 836/1935 [00:01<00:01, 738.34it/s]
Epoch 0:  43%|████▎     | 836/1935 [00:01<00:01, 738.23it/s]
Epoch 0:  43%|████▎     | 837/1935 [00:01<00:01, 738.35it/s]
Epoch 0:  43%|████▎     | 837/1935 [00:01<00:01, 738.26it/s]
Epoch 0:  43%|████▎     | 838/1935 [00:01<00:01, 738.38it/s]
Epoch 0:  43%|████▎     | 838/1935 [00:01<00:01, 738.28it/s]
Epoch 0:  43%|████▎     | 839/1935 [00:01<00:01, 738.38it/s]
Epoch 0:  43%|████▎     | 839/1935 [00:01<00:01, 738.28it/s]
Epoch 0:  43%|████▎     | 840/1935 [00:01<00:01, 738.40it/s]
Epoch 0:  43%|████▎     | 840/1935 [00:01<00:01, 738.30it/s]
Epoch 0:  43%|████▎     | 841/1935 [00:01<00:01, 738.41it/s]
Epoch 0:  43%|████▎     | 841/1935 [00:01<00:01, 738.29it/s]
Epoch 0:  44%|████▎     | 842/1935 [00:01<00:01, 738.40it/s]
Epoch 0:  44%|████▎     | 842/1935 [00:01<00:01, 738.30it/s]
Epoch 0:  44%|████▎     | 843/1935 [00:01<00:01, 738.41it/s]
Epoch 0:  44%|████▎     | 843/1935 [00:01<00:01, 738.31it/s]
Epoch 0:  44%|████▎     | 844/1935 [00:01<00:01, 738.42it/s]
Epoch 0:  44%|████▎     | 844/1935 [00:01<00:01, 738.30it/s]
Epoch 0:  44%|████▎     | 845/1935 [00:01<00:01, 738.40it/s]
Epoch 0:  44%|████▎     | 845/1935 [00:01<00:01, 738.31it/s]
Epoch 0:  44%|████▎     | 846/1935 [00:01<00:01, 738.43it/s]
Epoch 0:  44%|████▎     | 846/1935 [00:01<00:01, 738.33it/s]
Epoch 0:  44%|████▍     | 847/1935 [00:01<00:01, 738.45it/s]
Epoch 0:  44%|████▍     | 847/1935 [00:01<00:01, 738.34it/s]
Epoch 0:  44%|████▍     | 848/1935 [00:01<00:01, 738.44it/s]
Epoch 0:  44%|████▍     | 848/1935 [00:01<00:01, 738.35it/s]
Epoch 0:  44%|████▍     | 849/1935 [00:01<00:01, 738.46it/s]
Epoch 0:  44%|████▍     | 849/1935 [00:01<00:01, 738.35it/s]
Epoch 0:  44%|████▍     | 850/1935 [00:01<00:01, 738.45it/s]
Epoch 0:  44%|████▍     | 850/1935 [00:01<00:01, 738.33it/s]
Epoch 0:  44%|████▍     | 851/1935 [00:01<00:01, 738.44it/s]
Epoch 0:  44%|████▍     | 851/1935 [00:01<00:01, 738.33it/s]
Epoch 0:  44%|████▍     | 852/1935 [00:01<00:01, 738.44it/s]
Epoch 0:  44%|████▍     | 852/1935 [00:01<00:01, 738.34it/s]
Epoch 0:  44%|████▍     | 853/1935 [00:01<00:01, 738.47it/s]
Epoch 0:  44%|████▍     | 853/1935 [00:01<00:01, 738.37it/s]
Epoch 0:  44%|████▍     | 854/1935 [00:01<00:01, 738.48it/s]
Epoch 0:  44%|████▍     | 854/1935 [00:01<00:01, 738.38it/s]
Epoch 0:  44%|████▍     | 855/1935 [00:01<00:01, 738.51it/s]
Epoch 0:  44%|████▍     | 855/1935 [00:01<00:01, 738.41it/s]
Epoch 0:  44%|████▍     | 856/1935 [00:01<00:01, 738.52it/s]
Epoch 0:  44%|████▍     | 856/1935 [00:01<00:01, 738.42it/s]
Epoch 0:  44%|████▍     | 857/1935 [00:01<00:01, 738.53it/s]
Epoch 0:  44%|████▍     | 857/1935 [00:01<00:01, 738.42it/s]
Epoch 0:  44%|████▍     | 858/1935 [00:01<00:01, 738.53it/s]
Epoch 0:  44%|████▍     | 858/1935 [00:01<00:01, 738.42it/s]
Epoch 0:  44%|████▍     | 859/1935 [00:01<00:01, 738.53it/s]
Epoch 0:  44%|████▍     | 859/1935 [00:01<00:01, 738.42it/s]
Epoch 0:  44%|████▍     | 860/1935 [00:01<00:01, 738.51it/s]
Epoch 0:  44%|████▍     | 860/1935 [00:01<00:01, 738.41it/s]
Epoch 0:  44%|████▍     | 861/1935 [00:01<00:01, 738.53it/s]
Epoch 0:  44%|████▍     | 861/1935 [00:01<00:01, 738.44it/s]
Epoch 0:  45%|████▍     | 862/1935 [00:01<00:01, 738.55it/s]
Epoch 0:  45%|████▍     | 862/1935 [00:01<00:01, 738.45it/s]
Epoch 0:  45%|████▍     | 863/1935 [00:01<00:01, 738.57it/s]
Epoch 0:  45%|████▍     | 863/1935 [00:01<00:01, 738.48it/s]
Epoch 0:  45%|████▍     | 864/1935 [00:01<00:01, 738.59it/s]
Epoch 0:  45%|████▍     | 864/1935 [00:01<00:01, 738.49it/s]
Epoch 0:  45%|████▍     | 865/1935 [00:01<00:01, 738.49it/s]
Epoch 0:  45%|████▍     | 865/1935 [00:01<00:01, 738.38it/s]
Epoch 0:  45%|████▍     | 866/1935 [00:01<00:01, 738.48it/s]
Epoch 0:  45%|████▍     | 866/1935 [00:01<00:01, 738.38it/s]
Epoch 0:  45%|████▍     | 867/1935 [00:01<00:01, 738.49it/s]
Epoch 0:  45%|████▍     | 867/1935 [00:01<00:01, 738.38it/s]
Epoch 0:  45%|████▍     | 868/1935 [00:01<00:01, 738.48it/s]
Epoch 0:  45%|████▍     | 868/1935 [00:01<00:01, 738.37it/s]
Epoch 0:  45%|████▍     | 869/1935 [00:01<00:01, 738.49it/s]
Epoch 0:  45%|████▍     | 869/1935 [00:01<00:01, 738.40it/s]
Epoch 0:  45%|████▍     | 870/1935 [00:01<00:01, 738.51it/s]
Epoch 0:  45%|████▍     | 870/1935 [00:01<00:01, 738.41it/s]
Epoch 0:  45%|████▌     | 871/1935 [00:01<00:01, 738.52it/s]
Epoch 0:  45%|████▌     | 871/1935 [00:01<00:01, 738.42it/s]
Epoch 0:  45%|████▌     | 872/1935 [00:01<00:01, 738.53it/s]
Epoch 0:  45%|████▌     | 872/1935 [00:01<00:01, 738.44it/s]
Epoch 0:  45%|████▌     | 873/1935 [00:01<00:01, 738.54it/s]
Epoch 0:  45%|████▌     | 873/1935 [00:01<00:01, 738.42it/s]
Epoch 0:  45%|████▌     | 874/1935 [00:01<00:01, 738.52it/s]
Epoch 0:  45%|████▌     | 874/1935 [00:01<00:01, 738.42it/s]
Epoch 0:  45%|████▌     | 875/1935 [00:01<00:01, 738.54it/s]
Epoch 0:  45%|████▌     | 875/1935 [00:01<00:01, 738.44it/s]
Epoch 0:  45%|████▌     | 876/1935 [00:01<00:01, 738.53it/s]
Epoch 0:  45%|████▌     | 876/1935 [00:01<00:01, 738.43it/s]
Epoch 0:  45%|████▌     | 877/1935 [00:01<00:01, 738.55it/s]
Epoch 0:  45%|████▌     | 877/1935 [00:01<00:01, 738.46it/s]
Epoch 0:  45%|████▌     | 878/1935 [00:01<00:01, 738.56it/s]
Epoch 0:  45%|████▌     | 878/1935 [00:01<00:01, 738.47it/s]
Epoch 0:  45%|████▌     | 879/1935 [00:01<00:01, 738.58it/s]
Epoch 0:  45%|████▌     | 879/1935 [00:01<00:01, 738.49it/s]
Epoch 0:  45%|████▌     | 880/1935 [00:01<00:01, 738.59it/s]
Epoch 0:  45%|████▌     | 880/1935 [00:01<00:01, 738.50it/s]
Epoch 0:  46%|████▌     | 881/1935 [00:01<00:01, 738.61it/s]
Epoch 0:  46%|████▌     | 881/1935 [00:01<00:01, 738.50it/s]
Epoch 0:  46%|████▌     | 882/1935 [00:01<00:01, 738.60it/s]
Epoch 0:  46%|████▌     | 882/1935 [00:01<00:01, 738.50it/s]
Epoch 0:  46%|████▌     | 883/1935 [00:01<00:01, 738.60it/s]
Epoch 0:  46%|████▌     | 883/1935 [00:01<00:01, 738.49it/s]
Epoch 0:  46%|████▌     | 884/1935 [00:01<00:01, 738.60it/s]
Epoch 0:  46%|████▌     | 884/1935 [00:01<00:01, 738.51it/s]
Epoch 0:  46%|████▌     | 885/1935 [00:01<00:01, 738.62it/s]
Epoch 0:  46%|████▌     | 885/1935 [00:01<00:01, 738.53it/s]
Epoch 0:  46%|████▌     | 886/1935 [00:01<00:01, 738.61it/s]
Epoch 0:  46%|████▌     | 886/1935 [00:01<00:01, 738.52it/s]
Epoch 0:  46%|████▌     | 887/1935 [00:01<00:01, 738.64it/s]
Epoch 0:  46%|████▌     | 887/1935 [00:01<00:01, 738.55it/s]
Epoch 0:  46%|████▌     | 888/1935 [00:01<00:01, 738.65it/s]
Epoch 0:  46%|████▌     | 888/1935 [00:01<00:01, 738.56it/s]
Epoch 0:  46%|████▌     | 889/1935 [00:01<00:01, 738.66it/s]
Epoch 0:  46%|████▌     | 889/1935 [00:01<00:01, 738.55it/s]
Epoch 0:  46%|████▌     | 890/1935 [00:01<00:01, 738.65it/s]
Epoch 0:  46%|████▌     | 890/1935 [00:01<00:01, 738.55it/s]
Epoch 0:  46%|████▌     | 891/1935 [00:01<00:01, 738.64it/s]
Epoch 0:  46%|████▌     | 891/1935 [00:01<00:01, 738.54it/s]
Epoch 0:  46%|████▌     | 892/1935 [00:01<00:01, 738.62it/s]
Epoch 0:  46%|████▌     | 892/1935 [00:01<00:01, 738.52it/s]
Epoch 0:  46%|████▌     | 893/1935 [00:01<00:01, 738.63it/s]
Epoch 0:  46%|████▌     | 893/1935 [00:01<00:01, 738.54it/s]
Epoch 0:  46%|████▌     | 894/1935 [00:01<00:01, 738.62it/s]
Epoch 0:  46%|████▌     | 894/1935 [00:01<00:01, 738.54it/s]
Epoch 0:  46%|████▋     | 895/1935 [00:01<00:01, 738.64it/s]
Epoch 0:  46%|████▋     | 895/1935 [00:01<00:01, 738.56it/s]
Epoch 0:  46%|████▋     | 896/1935 [00:01<00:01, 738.65it/s]
Epoch 0:  46%|████▋     | 896/1935 [00:01<00:01, 738.56it/s]
Epoch 0:  46%|████▋     | 897/1935 [00:01<00:01, 738.66it/s]
Epoch 0:  46%|████▋     | 897/1935 [00:01<00:01, 738.56it/s]
Epoch 0:  46%|████▋     | 898/1935 [00:01<00:01, 738.67it/s]
Epoch 0:  46%|████▋     | 898/1935 [00:01<00:01, 738.57it/s]
Epoch 0:  46%|████▋     | 899/1935 [00:01<00:01, 738.68it/s]
Epoch 0:  46%|████▋     | 899/1935 [00:01<00:01, 738.57it/s]
Epoch 0:  47%|████▋     | 900/1935 [00:01<00:01, 738.65it/s]
Epoch 0:  47%|████▋     | 900/1935 [00:01<00:01, 738.57it/s]
Epoch 0:  47%|████▋     | 901/1935 [00:01<00:01, 738.67it/s]
Epoch 0:  47%|████▋     | 901/1935 [00:01<00:01, 738.58it/s]
Epoch 0:  47%|████▋     | 902/1935 [00:01<00:01, 738.68it/s]
Epoch 0:  47%|████▋     | 902/1935 [00:01<00:01, 738.59it/s]
Epoch 0:  47%|████▋     | 903/1935 [00:01<00:01, 738.71it/s]
Epoch 0:  47%|████▋     | 903/1935 [00:01<00:01, 738.62it/s]
Epoch 0:  47%|████▋     | 904/1935 [00:01<00:01, 738.71it/s]
Epoch 0:  47%|████▋     | 904/1935 [00:01<00:01, 738.63it/s]
Epoch 0:  47%|████▋     | 905/1935 [00:01<00:01, 738.73it/s]
Epoch 0:  47%|████▋     | 905/1935 [00:01<00:01, 738.62it/s]
Epoch 0:  47%|████▋     | 906/1935 [00:01<00:01, 738.72it/s]
Epoch 0:  47%|████▋     | 906/1935 [00:01<00:01, 738.62it/s]
Epoch 0:  47%|████▋     | 907/1935 [00:01<00:01, 738.72it/s]
Epoch 0:  47%|████▋     | 907/1935 [00:01<00:01, 738.62it/s]
Epoch 0:  47%|████▋     | 908/1935 [00:01<00:01, 738.71it/s]
Epoch 0:  47%|████▋     | 908/1935 [00:01<00:01, 738.61it/s]
Epoch 0:  47%|████▋     | 909/1935 [00:01<00:01, 738.72it/s]
Epoch 0:  47%|████▋     | 909/1935 [00:01<00:01, 738.63it/s]
Epoch 0:  47%|████▋     | 910/1935 [00:01<00:01, 738.73it/s]
Epoch 0:  47%|████▋     | 910/1935 [00:01<00:01, 738.65it/s]
Epoch 0:  47%|████▋     | 911/1935 [00:01<00:01, 738.76it/s]
Epoch 0:  47%|████▋     | 911/1935 [00:01<00:01, 738.67it/s]
Epoch 0:  47%|████▋     | 912/1935 [00:01<00:01, 738.77it/s]
Epoch 0:  47%|████▋     | 912/1935 [00:01<00:01, 738.69it/s]
Epoch 0:  47%|████▋     | 913/1935 [00:01<00:01, 738.79it/s]
Epoch 0:  47%|████▋     | 913/1935 [00:01<00:01, 738.68it/s]
Epoch 0:  47%|████▋     | 914/1935 [00:01<00:01, 738.79it/s]
Epoch 0:  47%|████▋     | 914/1935 [00:01<00:01, 738.69it/s]
Epoch 0:  47%|████▋     | 915/1935 [00:01<00:01, 738.79it/s]
Epoch 0:  47%|████▋     | 915/1935 [00:01<00:01, 738.69it/s]
Epoch 0:  47%|████▋     | 916/1935 [00:01<00:01, 738.79it/s]
Epoch 0:  47%|████▋     | 916/1935 [00:01<00:01, 738.70it/s]
Epoch 0:  47%|████▋     | 917/1935 [00:01<00:01, 738.81it/s]
Epoch 0:  47%|████▋     | 917/1935 [00:01<00:01, 738.73it/s]
Epoch 0:  47%|████▋     | 918/1935 [00:01<00:01, 738.81it/s]
Epoch 0:  47%|████▋     | 918/1935 [00:01<00:01, 738.72it/s]
Epoch 0:  47%|████▋     | 919/1935 [00:01<00:01, 738.83it/s]
Epoch 0:  47%|████▋     | 919/1935 [00:01<00:01, 738.74it/s]
Epoch 0:  48%|████▊     | 920/1935 [00:01<00:01, 738.84it/s]
Epoch 0:  48%|████▊     | 920/1935 [00:01<00:01, 738.76it/s]
Epoch 0:  48%|████▊     | 921/1935 [00:01<00:01, 738.87it/s]
Epoch 0:  48%|████▊     | 921/1935 [00:01<00:01, 738.76it/s]
Epoch 0:  48%|████▊     | 922/1935 [00:01<00:01, 738.87it/s]
Epoch 0:  48%|████▊     | 922/1935 [00:01<00:01, 738.77it/s]
Epoch 0:  48%|████▊     | 923/1935 [00:01<00:01, 738.87it/s]
Epoch 0:  48%|████▊     | 923/1935 [00:01<00:01, 738.77it/s]
Epoch 0:  48%|████▊     | 924/1935 [00:01<00:01, 738.87it/s]
Epoch 0:  48%|████▊     | 924/1935 [00:01<00:01, 738.78it/s]
Epoch 0:  48%|████▊     | 925/1935 [00:01<00:01, 738.89it/s]
Epoch 0:  48%|████▊     | 925/1935 [00:01<00:01, 738.81it/s]
Epoch 0:  48%|████▊     | 926/1935 [00:01<00:01, 738.91it/s]
Epoch 0:  48%|████▊     | 926/1935 [00:01<00:01, 738.82it/s]
Epoch 0:  48%|████▊     | 927/1935 [00:01<00:01, 738.84it/s]
Epoch 0:  48%|████▊     | 927/1935 [00:01<00:01, 738.76it/s]
Epoch 0:  48%|████▊     | 928/1935 [00:01<00:01, 738.85it/s]
Epoch 0:  48%|████▊     | 928/1935 [00:01<00:01, 738.76it/s]
Epoch 0:  48%|████▊     | 929/1935 [00:01<00:01, 738.86it/s]
Epoch 0:  48%|████▊     | 929/1935 [00:01<00:01, 738.76it/s]
Epoch 0:  48%|████▊     | 930/1935 [00:01<00:01, 738.85it/s]
Epoch 0:  48%|████▊     | 930/1935 [00:01<00:01, 738.76it/s]
Epoch 0:  48%|████▊     | 931/1935 [00:01<00:01, 738.85it/s]
Epoch 0:  48%|████▊     | 931/1935 [00:01<00:01, 738.75it/s]
Epoch 0:  48%|████▊     | 932/1935 [00:01<00:01, 738.85it/s]
Epoch 0:  48%|████▊     | 932/1935 [00:01<00:01, 738.75it/s]
Epoch 0:  48%|████▊     | 933/1935 [00:01<00:01, 738.85it/s]
Epoch 0:  48%|████▊     | 933/1935 [00:01<00:01, 738.76it/s]
Epoch 0:  48%|████▊     | 934/1935 [00:01<00:01, 738.85it/s]
Epoch 0:  48%|████▊     | 934/1935 [00:01<00:01, 738.77it/s]
Epoch 0:  48%|████▊     | 935/1935 [00:01<00:01, 738.87it/s]
Epoch 0:  48%|████▊     | 935/1935 [00:01<00:01, 738.79it/s]
Epoch 0:  48%|████▊     | 936/1935 [00:01<00:01, 738.89it/s]
Epoch 0:  48%|████▊     | 936/1935 [00:01<00:01, 738.80it/s]
Epoch 0:  48%|████▊     | 937/1935 [00:01<00:01, 738.90it/s]
Epoch 0:  48%|████▊     | 937/1935 [00:01<00:01, 738.80it/s]
Epoch 0:  48%|████▊     | 938/1935 [00:01<00:01, 738.89it/s]
Epoch 0:  48%|████▊     | 938/1935 [00:01<00:01, 738.79it/s]
Epoch 0:  49%|████▊     | 939/1935 [00:01<00:01, 738.89it/s]
Epoch 0:  49%|████▊     | 939/1935 [00:01<00:01, 738.79it/s]
Epoch 0:  49%|████▊     | 940/1935 [00:01<00:01, 738.89it/s]
Epoch 0:  49%|████▊     | 940/1935 [00:01<00:01, 738.80it/s]
Epoch 0:  49%|████▊     | 941/1935 [00:01<00:01, 738.90it/s]
Epoch 0:  49%|████▊     | 941/1935 [00:01<00:01, 738.82it/s]
Epoch 0:  49%|████▊     | 942/1935 [00:01<00:01, 738.92it/s]
Epoch 0:  49%|████▊     | 942/1935 [00:01<00:01, 738.84it/s]
Epoch 0:  49%|████▊     | 943/1935 [00:01<00:01, 738.94it/s]
Epoch 0:  49%|████▊     | 943/1935 [00:01<00:01, 738.86it/s]
Epoch 0:  49%|████▉     | 944/1935 [00:01<00:01, 738.95it/s]
Epoch 0:  49%|████▉     | 944/1935 [00:01<00:01, 738.87it/s]
Epoch 0:  49%|████▉     | 945/1935 [00:01<00:01, 738.97it/s]
Epoch 0:  49%|████▉     | 945/1935 [00:01<00:01, 738.86it/s]
Epoch 0:  49%|████▉     | 946/1935 [00:01<00:01, 738.96it/s]
Epoch 0:  49%|████▉     | 946/1935 [00:01<00:01, 738.86it/s]
Epoch 0:  49%|████▉     | 947/1935 [00:01<00:01, 738.94it/s]
Epoch 0:  49%|████▉     | 947/1935 [00:01<00:01, 738.85it/s]
Epoch 0:  49%|████▉     | 948/1935 [00:01<00:01, 738.95it/s]
Epoch 0:  49%|████▉     | 948/1935 [00:01<00:01, 738.86it/s]
Epoch 0:  49%|████▉     | 949/1935 [00:01<00:01, 738.96it/s]
Epoch 0:  49%|████▉     | 949/1935 [00:01<00:01, 738.88it/s]
Epoch 0:  49%|████▉     | 950/1935 [00:01<00:01, 738.97it/s]
Epoch 0:  49%|████▉     | 950/1935 [00:01<00:01, 738.89it/s]
Epoch 0:  49%|████▉     | 951/1935 [00:01<00:01, 738.98it/s]
Epoch 0:  49%|████▉     | 951/1935 [00:01<00:01, 738.90it/s]
Epoch 0:  49%|████▉     | 952/1935 [00:01<00:01, 738.99it/s]
Epoch 0:  49%|████▉     | 952/1935 [00:01<00:01, 738.90it/s]
Epoch 0:  49%|████▉     | 953/1935 [00:01<00:01, 739.00it/s]
Epoch 0:  49%|████▉     | 953/1935 [00:01<00:01, 738.90it/s]
Epoch 0:  49%|████▉     | 954/1935 [00:01<00:01, 738.99it/s]
Epoch 0:  49%|████▉     | 954/1935 [00:01<00:01, 738.89it/s]
Epoch 0:  49%|████▉     | 955/1935 [00:01<00:01, 738.99it/s]
Epoch 0:  49%|████▉     | 955/1935 [00:01<00:01, 738.89it/s]
Epoch 0:  49%|████▉     | 956/1935 [00:01<00:01, 738.98it/s]
Epoch 0:  49%|████▉     | 956/1935 [00:01<00:01, 738.89it/s]
Epoch 0:  49%|████▉     | 957/1935 [00:01<00:01, 738.99it/s]
Epoch 0:  49%|████▉     | 957/1935 [00:01<00:01, 738.90it/s]
Epoch 0:  50%|████▉     | 958/1935 [00:01<00:01, 738.99it/s]
Epoch 0:  50%|████▉     | 958/1935 [00:01<00:01, 738.90it/s]
Epoch 0:  50%|████▉     | 959/1935 [00:01<00:01, 738.99it/s]
Epoch 0:  50%|████▉     | 959/1935 [00:01<00:01, 738.91it/s]
Epoch 0:  50%|████▉     | 960/1935 [00:01<00:01, 739.00it/s]
Epoch 0:  50%|████▉     | 960/1935 [00:01<00:01, 738.91it/s]
Epoch 0:  50%|████▉     | 961/1935 [00:01<00:01, 739.00it/s]
Epoch 0:  50%|████▉     | 961/1935 [00:01<00:01, 738.90it/s]
Epoch 0:  50%|████▉     | 962/1935 [00:01<00:01, 738.98it/s]
Epoch 0:  50%|████▉     | 962/1935 [00:01<00:01, 738.89it/s]
Epoch 0:  50%|████▉     | 963/1935 [00:01<00:01, 738.98it/s]
Epoch 0:  50%|████▉     | 963/1935 [00:01<00:01, 738.89it/s]
Epoch 0:  50%|████▉     | 964/1935 [00:01<00:01, 738.98it/s]
Epoch 0:  50%|████▉     | 964/1935 [00:01<00:01, 738.89it/s]
Epoch 0:  50%|████▉     | 965/1935 [00:01<00:01, 739.01it/s]
Epoch 0:  50%|████▉     | 965/1935 [00:01<00:01, 738.92it/s]
Epoch 0:  50%|████▉     | 966/1935 [00:01<00:01, 739.02it/s]
Epoch 0:  50%|████▉     | 966/1935 [00:01<00:01, 738.93it/s]
Epoch 0:  50%|████▉     | 967/1935 [00:01<00:01, 739.04it/s]
Epoch 0:  50%|████▉     | 967/1935 [00:01<00:01, 738.95it/s]
Epoch 0:  50%|█████     | 968/1935 [00:01<00:01, 739.05it/s]
Epoch 0:  50%|█████     | 968/1935 [00:01<00:01, 738.97it/s]
Epoch 0:  50%|█████     | 969/1935 [00:01<00:01, 739.06it/s]
Epoch 0:  50%|█████     | 969/1935 [00:01<00:01, 738.96it/s]
Epoch 0:  50%|█████     | 970/1935 [00:01<00:01, 739.06it/s]
Epoch 0:  50%|█████     | 970/1935 [00:01<00:01, 738.97it/s]
Epoch 0:  50%|█████     | 971/1935 [00:01<00:01, 739.05it/s]
Epoch 0:  50%|█████     | 971/1935 [00:01<00:01, 738.96it/s]
Epoch 0:  50%|█████     | 972/1935 [00:01<00:01, 739.05it/s]
Epoch 0:  50%|█████     | 972/1935 [00:01<00:01, 738.96it/s]
Epoch 0:  50%|█████     | 973/1935 [00:01<00:01, 739.06it/s]
Epoch 0:  50%|█████     | 973/1935 [00:01<00:01, 738.98it/s]
Epoch 0:  50%|█████     | 974/1935 [00:01<00:01, 739.06it/s]
Epoch 0:  50%|█████     | 974/1935 [00:01<00:01, 738.98it/s]
Epoch 0:  50%|█████     | 975/1935 [00:01<00:01, 739.07it/s]
Epoch 0:  50%|█████     | 975/1935 [00:01<00:01, 738.99it/s]
Epoch 0:  50%|█████     | 976/1935 [00:01<00:01, 739.07it/s]
Epoch 0:  50%|█████     | 976/1935 [00:01<00:01, 738.98it/s]
Epoch 0:  50%|█████     | 977/1935 [00:01<00:01, 739.08it/s]
Epoch 0:  50%|█████     | 977/1935 [00:01<00:01, 738.98it/s]
Epoch 0:  51%|█████     | 978/1935 [00:01<00:01, 739.06it/s]
Epoch 0:  51%|█████     | 978/1935 [00:01<00:01, 738.97it/s]
Epoch 0:  51%|█████     | 979/1935 [00:01<00:01, 739.06it/s]
Epoch 0:  51%|█████     | 979/1935 [00:01<00:01, 738.97it/s]
Epoch 0:  51%|█████     | 980/1935 [00:01<00:01, 739.07it/s]
Epoch 0:  51%|█████     | 980/1935 [00:01<00:01, 738.98it/s]
Epoch 0:  51%|█████     | 981/1935 [00:01<00:01, 739.09it/s]
Epoch 0:  51%|█████     | 981/1935 [00:01<00:01, 739.00it/s]
Epoch 0:  51%|█████     | 982/1935 [00:01<00:01, 739.09it/s]
Epoch 0:  51%|█████     | 982/1935 [00:01<00:01, 739.01it/s]
Epoch 0:  51%|█████     | 983/1935 [00:01<00:01, 739.12it/s]
Epoch 0:  51%|█████     | 983/1935 [00:01<00:01, 739.03it/s]
Epoch 0:  51%|█████     | 984/1935 [00:01<00:01, 739.12it/s]
Epoch 0:  51%|█████     | 984/1935 [00:01<00:01, 739.04it/s]
Epoch 0:  51%|█████     | 985/1935 [00:01<00:01, 739.14it/s]
Epoch 0:  51%|█████     | 985/1935 [00:01<00:01, 739.04it/s]
Epoch 0:  51%|█████     | 986/1935 [00:01<00:01, 739.14it/s]
Epoch 0:  51%|█████     | 986/1935 [00:01<00:01, 739.04it/s]
Epoch 0:  51%|█████     | 987/1935 [00:01<00:01, 739.12it/s]
Epoch 0:  51%|█████     | 987/1935 [00:01<00:01, 739.04it/s]
Epoch 0:  51%|█████     | 988/1935 [00:01<00:01, 739.13it/s]
Epoch 0:  51%|█████     | 988/1935 [00:01<00:01, 739.04it/s]
Epoch 0:  51%|█████     | 989/1935 [00:01<00:01, 739.07it/s]
Epoch 0:  51%|█████     | 989/1935 [00:01<00:01, 738.98it/s]
Epoch 0:  51%|█████     | 990/1935 [00:01<00:01, 739.06it/s]
Epoch 0:  51%|█████     | 990/1935 [00:01<00:01, 738.98it/s]
Epoch 0:  51%|█████     | 991/1935 [00:01<00:01, 739.08it/s]
Epoch 0:  51%|█████     | 991/1935 [00:01<00:01, 739.00it/s]
Epoch 0:  51%|█████▏    | 992/1935 [00:01<00:01, 739.09it/s]
Epoch 0:  51%|█████▏    | 992/1935 [00:01<00:01, 739.01it/s]
Epoch 0:  51%|█████▏    | 993/1935 [00:01<00:01, 739.11it/s]
Epoch 0:  51%|█████▏    | 993/1935 [00:01<00:01, 739.02it/s]
Epoch 0:  51%|█████▏    | 994/1935 [00:01<00:01, 739.11it/s]
Epoch 0:  51%|█████▏    | 994/1935 [00:01<00:01, 739.02it/s]
Epoch 0:  51%|█████▏    | 995/1935 [00:01<00:01, 739.12it/s]
Epoch 0:  51%|█████▏    | 995/1935 [00:01<00:01, 739.03it/s]
Epoch 0:  51%|█████▏    | 996/1935 [00:01<00:01, 739.13it/s]
Epoch 0:  51%|█████▏    | 996/1935 [00:01<00:01, 739.04it/s]
Epoch 0:  52%|█████▏    | 997/1935 [00:01<00:01, 739.15it/s]
Epoch 0:  52%|█████▏    | 997/1935 [00:01<00:01, 739.07it/s]
Epoch 0:  52%|█████▏    | 998/1935 [00:01<00:01, 739.17it/s]
Epoch 0:  52%|█████▏    | 998/1935 [00:01<00:01, 739.09it/s]
Epoch 0:  52%|█████▏    | 999/1935 [00:01<00:01, 739.20it/s]
Epoch 0:  52%|█████▏    | 999/1935 [00:01<00:01, 739.12it/s]
Epoch 0:  52%|█████▏    | 1000/1935 [00:01<00:01, 739.21it/s]
Epoch 0:  52%|█████▏    | 1000/1935 [00:01<00:01, 739.13it/s]
Epoch 0:  52%|█████▏    | 1001/1935 [00:01<00:01, 739.22it/s]
Epoch 0:  52%|█████▏    | 1001/1935 [00:01<00:01, 739.12it/s]
Epoch 0:  52%|█████▏    | 1002/1935 [00:01<00:01, 739.21it/s]
Epoch 0:  52%|█████▏    | 1002/1935 [00:01<00:01, 739.12it/s]
Epoch 0:  52%|█████▏    | 1003/1935 [00:01<00:01, 739.22it/s]
Epoch 0:  52%|█████▏    | 1003/1935 [00:01<00:01, 739.13it/s]
Epoch 0:  52%|█████▏    | 1004/1935 [00:01<00:01, 739.22it/s]
Epoch 0:  52%|█████▏    | 1004/1935 [00:01<00:01, 739.13it/s]
Epoch 0:  52%|█████▏    | 1005/1935 [00:01<00:01, 739.23it/s]
Epoch 0:  52%|█████▏    | 1005/1935 [00:01<00:01, 739.15it/s]
Epoch 0:  52%|█████▏    | 1006/1935 [00:01<00:01, 739.25it/s]
Epoch 0:  52%|█████▏    | 1006/1935 [00:01<00:01, 739.17it/s]
Epoch 0:  52%|█████▏    | 1007/1935 [00:01<00:01, 739.27it/s]
Epoch 0:  52%|█████▏    | 1007/1935 [00:01<00:01, 739.19it/s]
Epoch 0:  52%|█████▏    | 1008/1935 [00:01<00:01, 739.29it/s]
Epoch 0:  52%|█████▏    | 1008/1935 [00:01<00:01, 739.21it/s]
Epoch 0:  52%|█████▏    | 1009/1935 [00:01<00:01, 739.30it/s]
Epoch 0:  52%|█████▏    | 1009/1935 [00:01<00:01, 739.21it/s]
Epoch 0:  52%|█████▏    | 1010/1935 [00:01<00:01, 739.30it/s]
Epoch 0:  52%|█████▏    | 1010/1935 [00:01<00:01, 739.21it/s]
Epoch 0:  52%|█████▏    | 1011/1935 [00:01<00:01, 739.31it/s]
Epoch 0:  52%|█████▏    | 1011/1935 [00:01<00:01, 739.22it/s]
Epoch 0:  52%|█████▏    | 1012/1935 [00:01<00:01, 739.30it/s]
Epoch 0:  52%|█████▏    | 1012/1935 [00:01<00:01, 739.22it/s]
Epoch 0:  52%|█████▏    | 1013/1935 [00:01<00:01, 739.32it/s]
Epoch 0:  52%|█████▏    | 1013/1935 [00:01<00:01, 739.24it/s]
Epoch 0:  52%|█████▏    | 1014/1935 [00:01<00:01, 739.33it/s]
Epoch 0:  52%|█████▏    | 1014/1935 [00:01<00:01, 739.25it/s]
Epoch 0:  52%|█████▏    | 1015/1935 [00:01<00:01, 739.35it/s]
Epoch 0:  52%|█████▏    | 1015/1935 [00:01<00:01, 739.27it/s]
Epoch 0:  53%|█████▎    | 1016/1935 [00:01<00:01, 739.36it/s]
Epoch 0:  53%|█████▎    | 1016/1935 [00:01<00:01, 739.28it/s]
Epoch 0:  53%|█████▎    | 1017/1935 [00:01<00:01, 739.36it/s]
Epoch 0:  53%|█████▎    | 1017/1935 [00:01<00:01, 739.27it/s]
Epoch 0:  53%|█████▎    | 1018/1935 [00:01<00:01, 739.36it/s]
Epoch 0:  53%|█████▎    | 1018/1935 [00:01<00:01, 739.28it/s]
Epoch 0:  53%|█████▎    | 1019/1935 [00:01<00:01, 739.37it/s]
Epoch 0:  53%|█████▎    | 1019/1935 [00:01<00:01, 739.28it/s]
Epoch 0:  53%|█████▎    | 1020/1935 [00:01<00:01, 739.37it/s]
Epoch 0:  53%|█████▎    | 1020/1935 [00:01<00:01, 739.28it/s]
Epoch 0:  53%|█████▎    | 1021/1935 [00:01<00:01, 739.39it/s]
Epoch 0:  53%|█████▎    | 1021/1935 [00:01<00:01, 739.32it/s]
Epoch 0:  53%|█████▎    | 1022/1935 [00:01<00:01, 739.41it/s]
Epoch 0:  53%|█████▎    | 1022/1935 [00:01<00:01, 739.33it/s]
Epoch 0:  53%|█████▎    | 1023/1935 [00:01<00:01, 739.42it/s]
Epoch 0:  53%|█████▎    | 1023/1935 [00:01<00:01, 739.35it/s]
Epoch 0:  53%|█████▎    | 1024/1935 [00:01<00:01, 739.44it/s]
Epoch 0:  53%|█████▎    | 1024/1935 [00:01<00:01, 739.36it/s]
Epoch 0:  53%|█████▎    | 1025/1935 [00:01<00:01, 739.45it/s]
Epoch 0:  53%|█████▎    | 1025/1935 [00:01<00:01, 739.36it/s]
Epoch 0:  53%|█████▎    | 1026/1935 [00:01<00:01, 739.44it/s]
Epoch 0:  53%|█████▎    | 1026/1935 [00:01<00:01, 739.36it/s]
Epoch 0:  53%|█████▎    | 1027/1935 [00:01<00:01, 739.45it/s]
Epoch 0:  53%|█████▎    | 1027/1935 [00:01<00:01, 739.36it/s]
Epoch 0:  53%|█████▎    | 1028/1935 [00:01<00:01, 739.45it/s]
Epoch 0:  53%|█████▎    | 1028/1935 [00:01<00:01, 739.36it/s]
Epoch 0:  53%|█████▎    | 1029/1935 [00:01<00:01, 739.46it/s]
Epoch 0:  53%|█████▎    | 1029/1935 [00:01<00:01, 739.38it/s]
Epoch 0:  53%|█████▎    | 1030/1935 [00:01<00:01, 739.47it/s]
Epoch 0:  53%|█████▎    | 1030/1935 [00:01<00:01, 739.39it/s]
Epoch 0:  53%|█████▎    | 1031/1935 [00:01<00:01, 739.49it/s]
Epoch 0:  53%|█████▎    | 1031/1935 [00:01<00:01, 739.42it/s]
Epoch 0:  53%|█████▎    | 1032/1935 [00:01<00:01, 739.50it/s]
Epoch 0:  53%|█████▎    | 1032/1935 [00:01<00:01, 739.42it/s]
Epoch 0:  53%|█████▎    | 1033/1935 [00:01<00:01, 739.52it/s]
Epoch 0:  53%|█████▎    | 1033/1935 [00:01<00:01, 739.43it/s]
Epoch 0:  53%|█████▎    | 1034/1935 [00:01<00:01, 739.52it/s]
Epoch 0:  53%|█████▎    | 1034/1935 [00:01<00:01, 739.43it/s]
Epoch 0:  53%|█████▎    | 1035/1935 [00:01<00:01, 739.51it/s]
Epoch 0:  53%|█████▎    | 1035/1935 [00:01<00:01, 739.42it/s]
Epoch 0:  54%|█████▎    | 1036/1935 [00:01<00:01, 739.52it/s]
Epoch 0:  54%|█████▎    | 1036/1935 [00:01<00:01, 739.44it/s]
Epoch 0:  54%|█████▎    | 1037/1935 [00:01<00:01, 739.54it/s]
Epoch 0:  54%|█████▎    | 1037/1935 [00:01<00:01, 739.46it/s]
Epoch 0:  54%|█████▎    | 1038/1935 [00:01<00:01, 739.55it/s]
Epoch 0:  54%|█████▎    | 1038/1935 [00:01<00:01, 739.47it/s]
Epoch 0:  54%|█████▎    | 1039/1935 [00:01<00:01, 739.56it/s]
Epoch 0:  54%|█████▎    | 1039/1935 [00:01<00:01, 739.49it/s]
Epoch 0:  54%|█████▎    | 1040/1935 [00:01<00:01, 739.57it/s]
Epoch 0:  54%|█████▎    | 1040/1935 [00:01<00:01, 739.50it/s]
Epoch 0:  54%|█████▍    | 1041/1935 [00:01<00:01, 739.59it/s]
Epoch 0:  54%|█████▍    | 1041/1935 [00:01<00:01, 739.50it/s]
Epoch 0:  54%|█████▍    | 1042/1935 [00:01<00:01, 739.59it/s]
Epoch 0:  54%|█████▍    | 1042/1935 [00:01<00:01, 739.50it/s]
Epoch 0:  54%|█████▍    | 1043/1935 [00:01<00:01, 739.58it/s]
Epoch 0:  54%|█████▍    | 1043/1935 [00:01<00:01, 739.50it/s]
Epoch 0:  54%|█████▍    | 1044/1935 [00:01<00:01, 739.58it/s]
Epoch 0:  54%|█████▍    | 1044/1935 [00:01<00:01, 739.49it/s]
Epoch 0:  54%|█████▍    | 1045/1935 [00:01<00:01, 739.59it/s]
Epoch 0:  54%|█████▍    | 1045/1935 [00:01<00:01, 739.52it/s]
Epoch 0:  54%|█████▍    | 1046/1935 [00:01<00:01, 739.60it/s]
Epoch 0:  54%|█████▍    | 1046/1935 [00:01<00:01, 739.52it/s]
Epoch 0:  54%|█████▍    | 1047/1935 [00:01<00:01, 739.60it/s]
Epoch 0:  54%|█████▍    | 1047/1935 [00:01<00:01, 739.53it/s]
Epoch 0:  54%|█████▍    | 1048/1935 [00:01<00:01, 739.61it/s]
Epoch 0:  54%|█████▍    | 1048/1935 [00:01<00:01, 739.53it/s]
Epoch 0:  54%|█████▍    | 1049/1935 [00:01<00:01, 739.62it/s]
Epoch 0:  54%|█████▍    | 1049/1935 [00:01<00:01, 739.53it/s]
Epoch 0:  54%|█████▍    | 1050/1935 [00:01<00:01, 739.58it/s]
Epoch 0:  54%|█████▍    | 1050/1935 [00:01<00:01, 739.50it/s]
Epoch 0:  54%|█████▍    | 1051/1935 [00:01<00:01, 739.50it/s]
Epoch 0:  54%|█████▍    | 1051/1935 [00:01<00:01, 739.41it/s]
Epoch 0:  54%|█████▍    | 1052/1935 [00:01<00:01, 739.50it/s]
Epoch 0:  54%|█████▍    | 1052/1935 [00:01<00:01, 739.41it/s]
Epoch 0:  54%|█████▍    | 1053/1935 [00:01<00:01, 739.51it/s]
Epoch 0:  54%|█████▍    | 1053/1935 [00:01<00:01, 739.42it/s]
Epoch 0:  54%|█████▍    | 1054/1935 [00:01<00:01, 739.51it/s]
Epoch 0:  54%|█████▍    | 1054/1935 [00:01<00:01, 739.42it/s]
Epoch 0:  55%|█████▍    | 1055/1935 [00:01<00:01, 739.51it/s]
Epoch 0:  55%|█████▍    | 1055/1935 [00:01<00:01, 739.43it/s]
Epoch 0:  55%|█████▍    | 1056/1935 [00:01<00:01, 739.52it/s]
Epoch 0:  55%|█████▍    | 1056/1935 [00:01<00:01, 739.44it/s]
Epoch 0:  55%|█████▍    | 1057/1935 [00:01<00:01, 739.52it/s]
Epoch 0:  55%|█████▍    | 1057/1935 [00:01<00:01, 739.43it/s]
Epoch 0:  55%|█████▍    | 1058/1935 [00:01<00:01, 739.51it/s]
Epoch 0:  55%|█████▍    | 1058/1935 [00:01<00:01, 739.43it/s]
Epoch 0:  55%|█████▍    | 1059/1935 [00:01<00:01, 739.52it/s]
Epoch 0:  55%|█████▍    | 1059/1935 [00:01<00:01, 739.43it/s]
Epoch 0:  55%|█████▍    | 1060/1935 [00:01<00:01, 739.54it/s]
Epoch 0:  55%|█████▍    | 1060/1935 [00:01<00:01, 739.46it/s]
Epoch 0:  55%|█████▍    | 1061/1935 [00:01<00:01, 739.56it/s]
Epoch 0:  55%|█████▍    | 1061/1935 [00:01<00:01, 739.48it/s]
Epoch 0:  55%|█████▍    | 1062/1935 [00:01<00:01, 739.56it/s]
Epoch 0:  55%|█████▍    | 1062/1935 [00:01<00:01, 739.47it/s]
Epoch 0:  55%|█████▍    | 1063/1935 [00:01<00:01, 739.55it/s]
Epoch 0:  55%|█████▍    | 1063/1935 [00:01<00:01, 739.47it/s]
Epoch 0:  55%|█████▍    | 1064/1935 [00:01<00:01, 739.56it/s]
Epoch 0:  55%|█████▍    | 1064/1935 [00:01<00:01, 739.48it/s]
Epoch 0:  55%|█████▌    | 1065/1935 [00:01<00:01, 739.55it/s]
Epoch 0:  55%|█████▌    | 1065/1935 [00:01<00:01, 739.45it/s]
Epoch 0:  55%|█████▌    | 1066/1935 [00:01<00:01, 739.53it/s]
Epoch 0:  55%|█████▌    | 1066/1935 [00:01<00:01, 739.45it/s]
Epoch 0:  55%|█████▌    | 1067/1935 [00:01<00:01, 739.53it/s]
Epoch 0:  55%|█████▌    | 1067/1935 [00:01<00:01, 739.45it/s]
Epoch 0:  55%|█████▌    | 1068/1935 [00:01<00:01, 739.53it/s]
Epoch 0:  55%|█████▌    | 1068/1935 [00:01<00:01, 739.45it/s]
Epoch 0:  55%|█████▌    | 1069/1935 [00:01<00:01, 739.55it/s]
Epoch 0:  55%|█████▌    | 1069/1935 [00:01<00:01, 739.47it/s]
Epoch 0:  55%|█████▌    | 1070/1935 [00:01<00:01, 739.56it/s]
Epoch 0:  55%|█████▌    | 1070/1935 [00:01<00:01, 739.47it/s]
Epoch 0:  55%|█████▌    | 1071/1935 [00:01<00:01, 739.54it/s]
Epoch 0:  55%|█████▌    | 1071/1935 [00:01<00:01, 739.46it/s]
Epoch 0:  55%|█████▌    | 1072/1935 [00:01<00:01, 739.54it/s]
Epoch 0:  55%|█████▌    | 1072/1935 [00:01<00:01, 739.46it/s]
Epoch 0:  55%|█████▌    | 1073/1935 [00:01<00:01, 739.55it/s]
Epoch 0:  55%|█████▌    | 1073/1935 [00:01<00:01, 739.46it/s]
Epoch 0:  56%|█████▌    | 1074/1935 [00:01<00:01, 739.53it/s]
Epoch 0:  56%|█████▌    | 1074/1935 [00:01<00:01, 739.44it/s]
Epoch 0:  56%|█████▌    | 1075/1935 [00:01<00:01, 739.53it/s]
Epoch 0:  56%|█████▌    | 1075/1935 [00:01<00:01, 739.44it/s]
Epoch 0:  56%|█████▌    | 1076/1935 [00:01<00:01, 739.54it/s]
Epoch 0:  56%|█████▌    | 1076/1935 [00:01<00:01, 739.45it/s]
Epoch 0:  56%|█████▌    | 1077/1935 [00:01<00:01, 739.54it/s]
Epoch 0:  56%|█████▌    | 1077/1935 [00:01<00:01, 739.46it/s]
Epoch 0:  56%|█████▌    | 1078/1935 [00:01<00:01, 739.53it/s]
Epoch 0:  56%|█████▌    | 1078/1935 [00:01<00:01, 739.45it/s]
Epoch 0:  56%|█████▌    | 1079/1935 [00:01<00:01, 739.54it/s]
Epoch 0:  56%|█████▌    | 1079/1935 [00:01<00:01, 739.46it/s]
Epoch 0:  56%|█████▌    | 1080/1935 [00:01<00:01, 739.55it/s]
Epoch 0:  56%|█████▌    | 1080/1935 [00:01<00:01, 739.47it/s]
Epoch 0:  56%|█████▌    | 1081/1935 [00:01<00:01, 739.56it/s]
Epoch 0:  56%|█████▌    | 1081/1935 [00:01<00:01, 739.47it/s]
Epoch 0:  56%|█████▌    | 1082/1935 [00:01<00:01, 739.55it/s]
Epoch 0:  56%|█████▌    | 1082/1935 [00:01<00:01, 739.46it/s]
Epoch 0:  56%|█████▌    | 1083/1935 [00:01<00:01, 739.54it/s]
Epoch 0:  56%|█████▌    | 1083/1935 [00:01<00:01, 739.45it/s]
Epoch 0:  56%|█████▌    | 1084/1935 [00:01<00:01, 739.55it/s]
Epoch 0:  56%|█████▌    | 1084/1935 [00:01<00:01, 739.47it/s]
Epoch 0:  56%|█████▌    | 1085/1935 [00:01<00:01, 739.56it/s]
Epoch 0:  56%|█████▌    | 1085/1935 [00:01<00:01, 739.48it/s]
Epoch 0:  56%|█████▌    | 1086/1935 [00:01<00:01, 739.56it/s]
Epoch 0:  56%|█████▌    | 1086/1935 [00:01<00:01, 739.48it/s]
Epoch 0:  56%|█████▌    | 1087/1935 [00:01<00:01, 739.57it/s]
Epoch 0:  56%|█████▌    | 1087/1935 [00:01<00:01, 739.49it/s]
Epoch 0:  56%|█████▌    | 1088/1935 [00:01<00:01, 739.59it/s]
Epoch 0:  56%|█████▌    | 1088/1935 [00:01<00:01, 739.49it/s]
Epoch 0:  56%|█████▋    | 1089/1935 [00:01<00:01, 739.57it/s]
Epoch 0:  56%|█████▋    | 1089/1935 [00:01<00:01, 739.48it/s]
Epoch 0:  56%|█████▋    | 1090/1935 [00:01<00:01, 739.56it/s]
Epoch 0:  56%|█████▋    | 1090/1935 [00:01<00:01, 739.48it/s]
Epoch 0:  56%|█████▋    | 1091/1935 [00:01<00:01, 739.55it/s]
Epoch 0:  56%|█████▋    | 1091/1935 [00:01<00:01, 739.47it/s]
Epoch 0:  56%|█████▋    | 1092/1935 [00:01<00:01, 739.57it/s]
Epoch 0:  56%|█████▋    | 1092/1935 [00:01<00:01, 739.49it/s]
Epoch 0:  56%|█████▋    | 1093/1935 [00:01<00:01, 739.58it/s]
Epoch 0:  56%|█████▋    | 1093/1935 [00:01<00:01, 739.51it/s]
Epoch 0:  57%|█████▋    | 1094/1935 [00:01<00:01, 739.58it/s]
Epoch 0:  57%|█████▋    | 1094/1935 [00:01<00:01, 739.50it/s]
Epoch 0:  57%|█████▋    | 1095/1935 [00:01<00:01, 739.58it/s]
Epoch 0:  57%|█████▋    | 1095/1935 [00:01<00:01, 739.51it/s]
Epoch 0:  57%|█████▋    | 1096/1935 [00:01<00:01, 739.60it/s]
Epoch 0:  57%|█████▋    | 1096/1935 [00:01<00:01, 739.52it/s]
Epoch 0:  57%|█████▋    | 1097/1935 [00:01<00:01, 739.58it/s]
Epoch 0:  57%|█████▋    | 1097/1935 [00:01<00:01, 739.50it/s]
Epoch 0:  57%|█████▋    | 1098/1935 [00:01<00:01, 739.57it/s]
Epoch 0:  57%|█████▋    | 1098/1935 [00:01<00:01, 739.49it/s]
Epoch 0:  57%|█████▋    | 1099/1935 [00:01<00:01, 739.58it/s]
Epoch 0:  57%|█████▋    | 1099/1935 [00:01<00:01, 739.49it/s]
Epoch 0:  57%|█████▋    | 1100/1935 [00:01<00:01, 739.59it/s]
Epoch 0:  57%|█████▋    | 1100/1935 [00:01<00:01, 739.51it/s]
Epoch 0:  57%|█████▋    | 1101/1935 [00:01<00:01, 739.60it/s]
Epoch 0:  57%|█████▋    | 1101/1935 [00:01<00:01, 739.52it/s]
Epoch 0:  57%|█████▋    | 1102/1935 [00:01<00:01, 739.60it/s]
Epoch 0:  57%|█████▋    | 1102/1935 [00:01<00:01, 739.52it/s]
Epoch 0:  57%|█████▋    | 1103/1935 [00:01<00:01, 739.59it/s]
Epoch 0:  57%|█████▋    | 1103/1935 [00:01<00:01, 739.52it/s]
Epoch 0:  57%|█████▋    | 1104/1935 [00:01<00:01, 739.61it/s]
Epoch 0:  57%|█████▋    | 1104/1935 [00:01<00:01, 739.53it/s]
Epoch 0:  57%|█████▋    | 1105/1935 [00:01<00:01, 739.62it/s]
Epoch 0:  57%|█████▋    | 1105/1935 [00:01<00:01, 739.53it/s]
Epoch 0:  57%|█████▋    | 1106/1935 [00:01<00:01, 739.60it/s]
Epoch 0:  57%|█████▋    | 1106/1935 [00:01<00:01, 739.52it/s]
Epoch 0:  57%|█████▋    | 1107/1935 [00:01<00:01, 739.60it/s]
Epoch 0:  57%|█████▋    | 1107/1935 [00:01<00:01, 739.52it/s]
Epoch 0:  57%|█████▋    | 1108/1935 [00:01<00:01, 739.62it/s]
Epoch 0:  57%|█████▋    | 1108/1935 [00:01<00:01, 739.54it/s]
Epoch 0:  57%|█████▋    | 1109/1935 [00:01<00:01, 739.60it/s]
Epoch 0:  57%|█████▋    | 1109/1935 [00:01<00:01, 739.53it/s]
Epoch 0:  57%|█████▋    | 1110/1935 [00:01<00:01, 739.61it/s]
Epoch 0:  57%|█████▋    | 1110/1935 [00:01<00:01, 739.54it/s]
Epoch 0:  57%|█████▋    | 1111/1935 [00:01<00:01, 739.62it/s]
Epoch 0:  57%|█████▋    | 1111/1935 [00:01<00:01, 739.54it/s]
Epoch 0:  57%|█████▋    | 1112/1935 [00:01<00:01, 739.63it/s]
Epoch 0:  57%|█████▋    | 1112/1935 [00:01<00:01, 739.55it/s]
Epoch 0:  58%|█████▊    | 1113/1935 [00:01<00:01, 739.54it/s]
Epoch 0:  58%|█████▊    | 1113/1935 [00:01<00:01, 739.45it/s]
Epoch 0:  58%|█████▊    | 1114/1935 [00:01<00:01, 739.53it/s]
Epoch 0:  58%|█████▊    | 1114/1935 [00:01<00:01, 739.45it/s]
Epoch 0:  58%|█████▊    | 1115/1935 [00:01<00:01, 739.52it/s]
Epoch 0:  58%|█████▊    | 1115/1935 [00:01<00:01, 739.44it/s]
Epoch 0:  58%|█████▊    | 1116/1935 [00:01<00:01, 739.53it/s]
Epoch 0:  58%|█████▊    | 1116/1935 [00:01<00:01, 739.45it/s]
Epoch 0:  58%|█████▊    | 1117/1935 [00:01<00:01, 739.54it/s]
Epoch 0:  58%|█████▊    | 1117/1935 [00:01<00:01, 739.47it/s]
Epoch 0:  58%|█████▊    | 1118/1935 [00:01<00:01, 739.54it/s]
Epoch 0:  58%|█████▊    | 1118/1935 [00:01<00:01, 739.47it/s]
Epoch 0:  58%|█████▊    | 1119/1935 [00:01<00:01, 739.53it/s]
Epoch 0:  58%|█████▊    | 1119/1935 [00:01<00:01, 739.46it/s]
Epoch 0:  58%|█████▊    | 1120/1935 [00:01<00:01, 739.54it/s]
Epoch 0:  58%|█████▊    | 1120/1935 [00:01<00:01, 739.46it/s]
Epoch 0:  58%|█████▊    | 1121/1935 [00:01<00:01, 739.54it/s]
Epoch 0:  58%|█████▊    | 1121/1935 [00:01<00:01, 739.45it/s]
Epoch 0:  58%|█████▊    | 1122/1935 [00:01<00:01, 739.53it/s]
Epoch 0:  58%|█████▊    | 1122/1935 [00:01<00:01, 739.45it/s]
Epoch 0:  58%|█████▊    | 1123/1935 [00:01<00:01, 739.54it/s]
Epoch 0:  58%|█████▊    | 1123/1935 [00:01<00:01, 739.46it/s]
Epoch 0:  58%|█████▊    | 1124/1935 [00:01<00:01, 739.56it/s]
Epoch 0:  58%|█████▊    | 1124/1935 [00:01<00:01, 739.48it/s]
Epoch 0:  58%|█████▊    | 1125/1935 [00:01<00:01, 739.55it/s]
Epoch 0:  58%|█████▊    | 1125/1935 [00:01<00:01, 739.48it/s]
Epoch 0:  58%|█████▊    | 1126/1935 [00:01<00:01, 739.56it/s]
Epoch 0:  58%|█████▊    | 1126/1935 [00:01<00:01, 739.48it/s]
Epoch 0:  58%|█████▊    | 1127/1935 [00:01<00:01, 739.56it/s]
Epoch 0:  58%|█████▊    | 1127/1935 [00:01<00:01, 739.49it/s]
Epoch 0:  58%|█████▊    | 1128/1935 [00:01<00:01, 739.57it/s]
Epoch 0:  58%|█████▊    | 1128/1935 [00:01<00:01, 739.50it/s]
Epoch 0:  58%|█████▊    | 1129/1935 [00:01<00:01, 739.57it/s]
Epoch 0:  58%|█████▊    | 1129/1935 [00:01<00:01, 739.49it/s]
Epoch 0:  58%|█████▊    | 1130/1935 [00:01<00:01, 739.57it/s]
Epoch 0:  58%|█████▊    | 1130/1935 [00:01<00:01, 739.49it/s]
Epoch 0:  58%|█████▊    | 1131/1935 [00:01<00:01, 739.57it/s]
Epoch 0:  58%|█████▊    | 1131/1935 [00:01<00:01, 739.49it/s]
Epoch 0:  59%|█████▊    | 1132/1935 [00:01<00:01, 739.59it/s]
Epoch 0:  59%|█████▊    | 1132/1935 [00:01<00:01, 739.51it/s]
Epoch 0:  59%|█████▊    | 1133/1935 [00:01<00:01, 739.61it/s]
Epoch 0:  59%|█████▊    | 1133/1935 [00:01<00:01, 739.54it/s]
Epoch 0:  59%|█████▊    | 1134/1935 [00:01<00:01, 739.60it/s]
Epoch 0:  59%|█████▊    | 1134/1935 [00:01<00:01, 739.53it/s]
Epoch 0:  59%|█████▊    | 1135/1935 [00:01<00:01, 739.60it/s]
Epoch 0:  59%|█████▊    | 1135/1935 [00:01<00:01, 739.53it/s]
Epoch 0:  59%|█████▊    | 1136/1935 [00:01<00:01, 739.62it/s]
Epoch 0:  59%|█████▊    | 1136/1935 [00:01<00:01, 739.54it/s]
Epoch 0:  59%|█████▉    | 1137/1935 [00:01<00:01, 739.61it/s]
Epoch 0:  59%|█████▉    | 1137/1935 [00:01<00:01, 739.52it/s]
Epoch 0:  59%|█████▉    | 1138/1935 [00:01<00:01, 739.60it/s]
Epoch 0:  59%|█████▉    | 1138/1935 [00:01<00:01, 739.52it/s]
Epoch 0:  59%|█████▉    | 1139/1935 [00:01<00:01, 739.61it/s]
Epoch 0:  59%|█████▉    | 1139/1935 [00:01<00:01, 739.53it/s]
Epoch 0:  59%|█████▉    | 1140/1935 [00:01<00:01, 739.62it/s]
Epoch 0:  59%|█████▉    | 1140/1935 [00:01<00:01, 739.54it/s]
Epoch 0:  59%|█████▉    | 1141/1935 [00:01<00:01, 739.61it/s]
Epoch 0:  59%|█████▉    | 1141/1935 [00:01<00:01, 739.54it/s]
Epoch 0:  59%|█████▉    | 1142/1935 [00:01<00:01, 739.61it/s]
Epoch 0:  59%|█████▉    | 1142/1935 [00:01<00:01, 739.53it/s]
Epoch 0:  59%|█████▉    | 1143/1935 [00:01<00:01, 739.60it/s]
Epoch 0:  59%|█████▉    | 1143/1935 [00:01<00:01, 739.52it/s]
Epoch 0:  59%|█████▉    | 1144/1935 [00:01<00:01, 739.60it/s]
Epoch 0:  59%|█████▉    | 1144/1935 [00:01<00:01, 739.52it/s]
Epoch 0:  59%|█████▉    | 1145/1935 [00:01<00:01, 739.60it/s]
Epoch 0:  59%|█████▉    | 1145/1935 [00:01<00:01, 739.51it/s]
Epoch 0:  59%|█████▉    | 1146/1935 [00:01<00:01, 739.59it/s]
Epoch 0:  59%|█████▉    | 1146/1935 [00:01<00:01, 739.52it/s]
Epoch 0:  59%|█████▉    | 1147/1935 [00:01<00:01, 739.59it/s]
Epoch 0:  59%|█████▉    | 1147/1935 [00:01<00:01, 739.51it/s]
Epoch 0:  59%|█████▉    | 1148/1935 [00:01<00:01, 739.60it/s]
Epoch 0:  59%|█████▉    | 1148/1935 [00:01<00:01, 739.53it/s]
Epoch 0:  59%|█████▉    | 1149/1935 [00:01<00:01, 739.61it/s]
Epoch 0:  59%|█████▉    | 1149/1935 [00:01<00:01, 739.54it/s]
Epoch 0:  59%|█████▉    | 1150/1935 [00:01<00:01, 739.62it/s]
Epoch 0:  59%|█████▉    | 1150/1935 [00:01<00:01, 739.55it/s]
Epoch 0:  59%|█████▉    | 1151/1935 [00:01<00:01, 739.62it/s]
Epoch 0:  59%|█████▉    | 1151/1935 [00:01<00:01, 739.55it/s]
Epoch 0:  60%|█████▉    | 1152/1935 [00:01<00:01, 739.63it/s]
Epoch 0:  60%|█████▉    | 1152/1935 [00:01<00:01, 739.56it/s]
Epoch 0:  60%|█████▉    | 1153/1935 [00:01<00:01, 739.64it/s]
Epoch 0:  60%|█████▉    | 1153/1935 [00:01<00:01, 739.56it/s]
Epoch 0:  60%|█████▉    | 1154/1935 [00:01<00:01, 739.63it/s]
Epoch 0:  60%|█████▉    | 1154/1935 [00:01<00:01, 739.56it/s]
Epoch 0:  60%|█████▉    | 1155/1935 [00:01<00:01, 739.65it/s]
Epoch 0:  60%|█████▉    | 1155/1935 [00:01<00:01, 739.58it/s]
Epoch 0:  60%|█████▉    | 1156/1935 [00:01<00:01, 739.68it/s]
Epoch 0:  60%|█████▉    | 1156/1935 [00:01<00:01, 739.60it/s]
Epoch 0:  60%|█████▉    | 1157/1935 [00:01<00:01, 739.67it/s]
Epoch 0:  60%|█████▉    | 1157/1935 [00:01<00:01, 739.60it/s]
Epoch 0:  60%|█████▉    | 1158/1935 [00:01<00:01, 739.67it/s]
Epoch 0:  60%|█████▉    | 1158/1935 [00:01<00:01, 739.60it/s]
Epoch 0:  60%|█████▉    | 1159/1935 [00:01<00:01, 739.67it/s]
Epoch 0:  60%|█████▉    | 1159/1935 [00:01<00:01, 739.61it/s]
Epoch 0:  60%|█████▉    | 1160/1935 [00:01<00:01, 739.69it/s]
Epoch 0:  60%|█████▉    | 1160/1935 [00:01<00:01, 739.62it/s]
Epoch 0:  60%|██████    | 1161/1935 [00:01<00:01, 739.69it/s]
Epoch 0:  60%|██████    | 1161/1935 [00:01<00:01, 739.61it/s]
Epoch 0:  60%|██████    | 1162/1935 [00:01<00:01, 739.68it/s]
Epoch 0:  60%|██████    | 1162/1935 [00:01<00:01, 739.61it/s]
Epoch 0:  60%|██████    | 1163/1935 [00:01<00:01, 739.70it/s]
Epoch 0:  60%|██████    | 1163/1935 [00:01<00:01, 739.62it/s]
Epoch 0:  60%|██████    | 1164/1935 [00:01<00:01, 739.69it/s]
Epoch 0:  60%|██████    | 1164/1935 [00:01<00:01, 739.61it/s]
Epoch 0:  60%|██████    | 1165/1935 [00:01<00:01, 739.67it/s]
Epoch 0:  60%|██████    | 1165/1935 [00:01<00:01, 739.59it/s]
Epoch 0:  60%|██████    | 1166/1935 [00:01<00:01, 739.68it/s]
Epoch 0:  60%|██████    | 1166/1935 [00:01<00:01, 739.59it/s]
Epoch 0:  60%|██████    | 1167/1935 [00:01<00:01, 739.66it/s]
Epoch 0:  60%|██████    | 1167/1935 [00:01<00:01, 739.58it/s]
Epoch 0:  60%|██████    | 1168/1935 [00:01<00:01, 739.65it/s]
Epoch 0:  60%|██████    | 1168/1935 [00:01<00:01, 739.58it/s]
Epoch 0:  60%|██████    | 1169/1935 [00:01<00:01, 739.65it/s]
Epoch 0:  60%|██████    | 1169/1935 [00:01<00:01, 739.57it/s]
Epoch 0:  60%|██████    | 1170/1935 [00:01<00:01, 739.63it/s]
Epoch 0:  60%|██████    | 1170/1935 [00:01<00:01, 739.55it/s]
Epoch 0:  61%|██████    | 1171/1935 [00:01<00:01, 739.63it/s]
Epoch 0:  61%|██████    | 1171/1935 [00:01<00:01, 739.55it/s]
Epoch 0:  61%|██████    | 1172/1935 [00:01<00:01, 739.64it/s]
Epoch 0:  61%|██████    | 1172/1935 [00:01<00:01, 739.56it/s]
Epoch 0:  61%|██████    | 1173/1935 [00:01<00:01, 739.64it/s]
Epoch 0:  61%|██████    | 1173/1935 [00:01<00:01, 739.56it/s]
Epoch 0:  61%|██████    | 1174/1935 [00:01<00:01, 739.63it/s]
Epoch 0:  61%|██████    | 1174/1935 [00:01<00:01, 739.55it/s]
Epoch 0:  61%|██████    | 1175/1935 [00:01<00:01, 739.56it/s]
Epoch 0:  61%|██████    | 1175/1935 [00:01<00:01, 739.48it/s]
Epoch 0:  61%|██████    | 1176/1935 [00:01<00:01, 739.58it/s]
Epoch 0:  61%|██████    | 1176/1935 [00:01<00:01, 739.49it/s]
Epoch 0:  61%|██████    | 1177/1935 [00:01<00:01, 739.57it/s]
Epoch 0:  61%|██████    | 1177/1935 [00:01<00:01, 739.49it/s]
Epoch 0:  61%|██████    | 1178/1935 [00:01<00:01, 739.56it/s]
Epoch 0:  61%|██████    | 1178/1935 [00:01<00:01, 739.48it/s]
Epoch 0:  61%|██████    | 1179/1935 [00:01<00:01, 739.56it/s]
Epoch 0:  61%|██████    | 1179/1935 [00:01<00:01, 739.48it/s]
Epoch 0:  61%|██████    | 1180/1935 [00:01<00:01, 739.57it/s]
Epoch 0:  61%|██████    | 1180/1935 [00:01<00:01, 739.49it/s]
Epoch 0:  61%|██████    | 1181/1935 [00:01<00:01, 739.57it/s]
Epoch 0:  61%|██████    | 1181/1935 [00:01<00:01, 739.49it/s]
Epoch 0:  61%|██████    | 1182/1935 [00:01<00:01, 739.57it/s]
Epoch 0:  61%|██████    | 1182/1935 [00:01<00:01, 739.49it/s]
Epoch 0:  61%|██████    | 1183/1935 [00:01<00:01, 739.57it/s]
Epoch 0:  61%|██████    | 1183/1935 [00:01<00:01, 739.49it/s]
Epoch 0:  61%|██████    | 1184/1935 [00:01<00:01, 739.58it/s]
Epoch 0:  61%|██████    | 1184/1935 [00:01<00:01, 739.51it/s]
Epoch 0:  61%|██████    | 1185/1935 [00:01<00:01, 739.59it/s]
Epoch 0:  61%|██████    | 1185/1935 [00:01<00:01, 739.51it/s]
Epoch 0:  61%|██████▏   | 1186/1935 [00:01<00:01, 739.57it/s]
Epoch 0:  61%|██████▏   | 1186/1935 [00:01<00:01, 739.49it/s]
Epoch 0:  61%|██████▏   | 1187/1935 [00:01<00:01, 739.58it/s]
Epoch 0:  61%|██████▏   | 1187/1935 [00:01<00:01, 739.50it/s]
Epoch 0:  61%|██████▏   | 1188/1935 [00:01<00:01, 739.58it/s]
Epoch 0:  61%|██████▏   | 1188/1935 [00:01<00:01, 739.50it/s]
Epoch 0:  61%|██████▏   | 1189/1935 [00:01<00:01, 739.57it/s]
Epoch 0:  61%|██████▏   | 1189/1935 [00:01<00:01, 739.50it/s]
Epoch 0:  61%|██████▏   | 1190/1935 [00:01<00:01, 739.58it/s]
Epoch 0:  61%|██████▏   | 1190/1935 [00:01<00:01, 739.50it/s]
Epoch 0:  62%|██████▏   | 1191/1935 [00:01<00:01, 739.56it/s]
Epoch 0:  62%|██████▏   | 1191/1935 [00:01<00:01, 739.49it/s]
Epoch 0:  62%|██████▏   | 1192/1935 [00:01<00:01, 739.58it/s]
Epoch 0:  62%|██████▏   | 1192/1935 [00:01<00:01, 739.50it/s]
Epoch 0:  62%|██████▏   | 1193/1935 [00:01<00:01, 739.58it/s]
Epoch 0:  62%|██████▏   | 1193/1935 [00:01<00:01, 739.50it/s]
Epoch 0:  62%|██████▏   | 1194/1935 [00:01<00:01, 739.56it/s]
Epoch 0:  62%|██████▏   | 1194/1935 [00:01<00:01, 739.48it/s]
Epoch 0:  62%|██████▏   | 1195/1935 [00:01<00:01, 739.57it/s]
Epoch 0:  62%|██████▏   | 1195/1935 [00:01<00:01, 739.49it/s]
Epoch 0:  62%|██████▏   | 1196/1935 [00:01<00:00, 739.58it/s]
Epoch 0:  62%|██████▏   | 1196/1935 [00:01<00:00, 739.50it/s]
Epoch 0:  62%|██████▏   | 1197/1935 [00:01<00:00, 739.57it/s]
Epoch 0:  62%|██████▏   | 1197/1935 [00:01<00:00, 739.49it/s]
Epoch 0:  62%|██████▏   | 1198/1935 [00:01<00:00, 739.58it/s]
Epoch 0:  62%|██████▏   | 1198/1935 [00:01<00:00, 739.49it/s]
Epoch 0:  62%|██████▏   | 1199/1935 [00:01<00:00, 739.56it/s]
Epoch 0:  62%|██████▏   | 1199/1935 [00:01<00:00, 739.48it/s]
Epoch 0:  62%|██████▏   | 1200/1935 [00:01<00:00, 739.57it/s]
Epoch 0:  62%|██████▏   | 1200/1935 [00:01<00:00, 739.49it/s]
Epoch 0:  62%|██████▏   | 1201/1935 [00:01<00:00, 739.57it/s]
Epoch 0:  62%|██████▏   | 1201/1935 [00:01<00:00, 739.49it/s]
Epoch 0:  62%|██████▏   | 1202/1935 [00:01<00:00, 739.56it/s]
Epoch 0:  62%|██████▏   | 1202/1935 [00:01<00:00, 739.48it/s]
Epoch 0:  62%|██████▏   | 1203/1935 [00:01<00:00, 739.56it/s]
Epoch 0:  62%|██████▏   | 1203/1935 [00:01<00:00, 739.48it/s]
Epoch 0:  62%|██████▏   | 1204/1935 [00:01<00:00, 739.57it/s]
Epoch 0:  62%|██████▏   | 1204/1935 [00:01<00:00, 739.48it/s]
Epoch 0:  62%|██████▏   | 1205/1935 [00:01<00:00, 739.55it/s]
Epoch 0:  62%|██████▏   | 1205/1935 [00:01<00:00, 739.47it/s]
Epoch 0:  62%|██████▏   | 1206/1935 [00:01<00:00, 739.54it/s]
Epoch 0:  62%|██████▏   | 1206/1935 [00:01<00:00, 739.46it/s]
Epoch 0:  62%|██████▏   | 1207/1935 [00:01<00:00, 739.53it/s]
Epoch 0:  62%|██████▏   | 1207/1935 [00:01<00:00, 739.45it/s]
Epoch 0:  62%|██████▏   | 1208/1935 [00:01<00:00, 739.54it/s]
Epoch 0:  62%|██████▏   | 1208/1935 [00:01<00:00, 739.47it/s]
Epoch 0:  62%|██████▏   | 1209/1935 [00:01<00:00, 739.55it/s]
Epoch 0:  62%|██████▏   | 1209/1935 [00:01<00:00, 739.47it/s]
Epoch 0:  63%|██████▎   | 1210/1935 [00:01<00:00, 739.54it/s]
Epoch 0:  63%|██████▎   | 1210/1935 [00:01<00:00, 739.46it/s]
Epoch 0:  63%|██████▎   | 1211/1935 [00:01<00:00, 739.55it/s]
Epoch 0:  63%|██████▎   | 1211/1935 [00:01<00:00, 739.46it/s]
Epoch 0:  63%|██████▎   | 1212/1935 [00:01<00:00, 739.54it/s]
Epoch 0:  63%|██████▎   | 1212/1935 [00:01<00:00, 739.46it/s]
Epoch 0:  63%|██████▎   | 1213/1935 [00:01<00:00, 739.52it/s]
Epoch 0:  63%|██████▎   | 1213/1935 [00:01<00:00, 739.45it/s]
Epoch 0:  63%|██████▎   | 1214/1935 [00:01<00:00, 739.53it/s]
Epoch 0:  63%|██████▎   | 1214/1935 [00:01<00:00, 739.46it/s]
Epoch 0:  63%|██████▎   | 1215/1935 [00:01<00:00, 739.53it/s]
Epoch 0:  63%|██████▎   | 1215/1935 [00:01<00:00, 739.44it/s]
Epoch 0:  63%|██████▎   | 1216/1935 [00:01<00:00, 739.52it/s]
Epoch 0:  63%|██████▎   | 1216/1935 [00:01<00:00, 739.45it/s]
Epoch 0:  63%|██████▎   | 1217/1935 [00:01<00:00, 739.53it/s]
Epoch 0:  63%|██████▎   | 1217/1935 [00:01<00:00, 739.45it/s]
Epoch 0:  63%|██████▎   | 1218/1935 [00:01<00:00, 739.52it/s]
Epoch 0:  63%|██████▎   | 1218/1935 [00:01<00:00, 739.43it/s]
Epoch 0:  63%|██████▎   | 1219/1935 [00:01<00:00, 739.52it/s]
Epoch 0:  63%|██████▎   | 1219/1935 [00:01<00:00, 739.44it/s]
Epoch 0:  63%|██████▎   | 1220/1935 [00:01<00:00, 739.52it/s]
Epoch 0:  63%|██████▎   | 1220/1935 [00:01<00:00, 739.45it/s]
Epoch 0:  63%|██████▎   | 1221/1935 [00:01<00:00, 739.51it/s]
Epoch 0:  63%|██████▎   | 1221/1935 [00:01<00:00, 739.43it/s]
Epoch 0:  63%|██████▎   | 1222/1935 [00:01<00:00, 739.51it/s]
Epoch 0:  63%|██████▎   | 1222/1935 [00:01<00:00, 739.43it/s]
Epoch 0:  63%|██████▎   | 1223/1935 [00:01<00:00, 739.50it/s]
Epoch 0:  63%|██████▎   | 1223/1935 [00:01<00:00, 739.43it/s]
Epoch 0:  63%|██████▎   | 1224/1935 [00:01<00:00, 739.50it/s]
Epoch 0:  63%|██████▎   | 1224/1935 [00:01<00:00, 739.42it/s]
Epoch 0:  63%|██████▎   | 1225/1935 [00:01<00:00, 739.50it/s]
Epoch 0:  63%|██████▎   | 1225/1935 [00:01<00:00, 739.43it/s]
Epoch 0:  63%|██████▎   | 1226/1935 [00:01<00:00, 739.50it/s]
Epoch 0:  63%|██████▎   | 1226/1935 [00:01<00:00, 739.42it/s]
Epoch 0:  63%|██████▎   | 1227/1935 [00:01<00:00, 739.49it/s]
Epoch 0:  63%|██████▎   | 1227/1935 [00:01<00:00, 739.41it/s]
Epoch 0:  63%|██████▎   | 1228/1935 [00:01<00:00, 739.50it/s]
Epoch 0:  63%|██████▎   | 1228/1935 [00:01<00:00, 739.42it/s]
Epoch 0:  64%|██████▎   | 1229/1935 [00:01<00:00, 739.49it/s]
Epoch 0:  64%|██████▎   | 1229/1935 [00:01<00:00, 739.41it/s]
Epoch 0:  64%|██████▎   | 1230/1935 [00:01<00:00, 739.49it/s]
Epoch 0:  64%|██████▎   | 1230/1935 [00:01<00:00, 739.41it/s]
Epoch 0:  64%|██████▎   | 1231/1935 [00:01<00:00, 739.48it/s]
Epoch 0:  64%|██████▎   | 1231/1935 [00:01<00:00, 739.41it/s]
Epoch 0:  64%|██████▎   | 1232/1935 [00:01<00:00, 739.49it/s]
Epoch 0:  64%|██████▎   | 1232/1935 [00:01<00:00, 739.42it/s]
Epoch 0:  64%|██████▎   | 1233/1935 [00:01<00:00, 739.48it/s]
Epoch 0:  64%|██████▎   | 1233/1935 [00:01<00:00, 739.40it/s]
Epoch 0:  64%|██████▍   | 1234/1935 [00:01<00:00, 739.47it/s]
Epoch 0:  64%|██████▍   | 1234/1935 [00:01<00:00, 739.39it/s]
Epoch 0:  64%|██████▍   | 1235/1935 [00:01<00:00, 739.48it/s]
Epoch 0:  64%|██████▍   | 1235/1935 [00:01<00:00, 739.40it/s]
Epoch 0:  64%|██████▍   | 1236/1935 [00:01<00:00, 739.47it/s]
Epoch 0:  64%|██████▍   | 1236/1935 [00:01<00:00, 739.39it/s]
Epoch 0:  64%|██████▍   | 1237/1935 [00:01<00:00, 739.40it/s]
Epoch 0:  64%|██████▍   | 1237/1935 [00:01<00:00, 739.32it/s]
Epoch 0:  64%|██████▍   | 1238/1935 [00:01<00:00, 739.39it/s]
Epoch 0:  64%|██████▍   | 1238/1935 [00:01<00:00, 739.32it/s]
Epoch 0:  64%|██████▍   | 1239/1935 [00:01<00:00, 739.39it/s]
Epoch 0:  64%|██████▍   | 1239/1935 [00:01<00:00, 739.32it/s]
Epoch 0:  64%|██████▍   | 1240/1935 [00:01<00:00, 739.41it/s]
Epoch 0:  64%|██████▍   | 1240/1935 [00:01<00:00, 739.33it/s]
Epoch 0:  64%|██████▍   | 1241/1935 [00:01<00:00, 739.41it/s]
Epoch 0:  64%|██████▍   | 1241/1935 [00:01<00:00, 739.33it/s]
Epoch 0:  64%|██████▍   | 1242/1935 [00:01<00:00, 739.38it/s]
Epoch 0:  64%|██████▍   | 1242/1935 [00:01<00:00, 739.30it/s]
Epoch 0:  64%|██████▍   | 1243/1935 [00:01<00:00, 739.39it/s]
Epoch 0:  64%|██████▍   | 1243/1935 [00:01<00:00, 739.31it/s]
Epoch 0:  64%|██████▍   | 1244/1935 [00:01<00:00, 739.39it/s]
Epoch 0:  64%|██████▍   | 1244/1935 [00:01<00:00, 739.32it/s]
Epoch 0:  64%|██████▍   | 1245/1935 [00:01<00:00, 739.38it/s]
Epoch 0:  64%|██████▍   | 1245/1935 [00:01<00:00, 739.31it/s]
Epoch 0:  64%|██████▍   | 1246/1935 [00:01<00:00, 739.38it/s]
Epoch 0:  64%|██████▍   | 1246/1935 [00:01<00:00, 739.30it/s]
Epoch 0:  64%|██████▍   | 1247/1935 [00:01<00:00, 739.37it/s]
Epoch 0:  64%|██████▍   | 1247/1935 [00:01<00:00, 739.30it/s]
Epoch 0:  64%|██████▍   | 1248/1935 [00:01<00:00, 739.39it/s]
Epoch 0:  64%|██████▍   | 1248/1935 [00:01<00:00, 739.32it/s]
Epoch 0:  65%|██████▍   | 1249/1935 [00:01<00:00, 739.38it/s]
Epoch 0:  65%|██████▍   | 1249/1935 [00:01<00:00, 739.31it/s]
Epoch 0:  65%|██████▍   | 1250/1935 [00:01<00:00, 739.37it/s]
Epoch 0:  65%|██████▍   | 1250/1935 [00:01<00:00, 739.30it/s]
Epoch 0:  65%|██████▍   | 1251/1935 [00:01<00:00, 739.38it/s]
Epoch 0:  65%|██████▍   | 1251/1935 [00:01<00:00, 739.30it/s]
Epoch 0:  65%|██████▍   | 1252/1935 [00:01<00:00, 739.39it/s]
Epoch 0:  65%|██████▍   | 1252/1935 [00:01<00:00, 739.31it/s]
Epoch 0:  65%|██████▍   | 1253/1935 [00:01<00:00, 739.38it/s]
Epoch 0:  65%|██████▍   | 1253/1935 [00:01<00:00, 739.31it/s]
Epoch 0:  65%|██████▍   | 1254/1935 [00:01<00:00, 739.40it/s]
Epoch 0:  65%|██████▍   | 1254/1935 [00:01<00:00, 739.31it/s]
Epoch 0:  65%|██████▍   | 1255/1935 [00:01<00:00, 739.36it/s]
Epoch 0:  65%|██████▍   | 1255/1935 [00:01<00:00, 739.30it/s]
Epoch 0:  65%|██████▍   | 1256/1935 [00:01<00:00, 739.39it/s]
Epoch 0:  65%|██████▍   | 1256/1935 [00:01<00:00, 739.32it/s]
Epoch 0:  65%|██████▍   | 1257/1935 [00:01<00:00, 739.40it/s]
Epoch 0:  65%|██████▍   | 1257/1935 [00:01<00:00, 739.32it/s]
Epoch 0:  65%|██████▌   | 1258/1935 [00:01<00:00, 739.39it/s]
Epoch 0:  65%|██████▌   | 1258/1935 [00:01<00:00, 739.31it/s]
Epoch 0:  65%|██████▌   | 1259/1935 [00:01<00:00, 739.40it/s]
Epoch 0:  65%|██████▌   | 1259/1935 [00:01<00:00, 739.32it/s]
Epoch 0:  65%|██████▌   | 1260/1935 [00:01<00:00, 739.41it/s]
Epoch 0:  65%|██████▌   | 1260/1935 [00:01<00:00, 739.32it/s]
Epoch 0:  65%|██████▌   | 1261/1935 [00:01<00:00, 739.39it/s]
Epoch 0:  65%|██████▌   | 1261/1935 [00:01<00:00, 739.32it/s]
Epoch 0:  65%|██████▌   | 1262/1935 [00:01<00:00, 739.40it/s]
Epoch 0:  65%|██████▌   | 1262/1935 [00:01<00:00, 739.32it/s]
Epoch 0:  65%|██████▌   | 1263/1935 [00:01<00:00, 739.39it/s]
Epoch 0:  65%|██████▌   | 1263/1935 [00:01<00:00, 739.32it/s]
Epoch 0:  65%|██████▌   | 1264/1935 [00:01<00:00, 739.40it/s]
Epoch 0:  65%|██████▌   | 1264/1935 [00:01<00:00, 739.34it/s]
Epoch 0:  65%|██████▌   | 1265/1935 [00:01<00:00, 739.41it/s]
Epoch 0:  65%|██████▌   | 1265/1935 [00:01<00:00, 739.33it/s]
Epoch 0:  65%|██████▌   | 1266/1935 [00:01<00:00, 739.39it/s]
Epoch 0:  65%|██████▌   | 1266/1935 [00:01<00:00, 739.32it/s]
Epoch 0:  65%|██████▌   | 1267/1935 [00:01<00:00, 739.40it/s]
Epoch 0:  65%|██████▌   | 1267/1935 [00:01<00:00, 739.33it/s]
Epoch 0:  66%|██████▌   | 1268/1935 [00:01<00:00, 739.42it/s]
Epoch 0:  66%|██████▌   | 1268/1935 [00:01<00:00, 739.34it/s]
Epoch 0:  66%|██████▌   | 1269/1935 [00:01<00:00, 739.40it/s]
Epoch 0:  66%|██████▌   | 1269/1935 [00:01<00:00, 739.33it/s]
Epoch 0:  66%|██████▌   | 1270/1935 [00:01<00:00, 739.41it/s]
Epoch 0:  66%|██████▌   | 1270/1935 [00:01<00:00, 739.34it/s]
Epoch 0:  66%|██████▌   | 1271/1935 [00:01<00:00, 739.41it/s]
Epoch 0:  66%|██████▌   | 1271/1935 [00:01<00:00, 739.34it/s]
Epoch 0:  66%|██████▌   | 1272/1935 [00:01<00:00, 739.41it/s]
Epoch 0:  66%|██████▌   | 1272/1935 [00:01<00:00, 739.35it/s]
Epoch 0:  66%|██████▌   | 1273/1935 [00:01<00:00, 739.42it/s]
Epoch 0:  66%|██████▌   | 1273/1935 [00:01<00:00, 739.34it/s]
Epoch 0:  66%|██████▌   | 1274/1935 [00:01<00:00, 739.41it/s]
Epoch 0:  66%|██████▌   | 1274/1935 [00:01<00:00, 739.33it/s]
Epoch 0:  66%|██████▌   | 1275/1935 [00:01<00:00, 739.38it/s]
Epoch 0:  66%|██████▌   | 1275/1935 [00:01<00:00, 739.32it/s]
Epoch 0:  66%|██████▌   | 1276/1935 [00:01<00:00, 739.40it/s]
Epoch 0:  66%|██████▌   | 1276/1935 [00:01<00:00, 739.33it/s]
Epoch 0:  66%|██████▌   | 1277/1935 [00:01<00:00, 739.39it/s]
Epoch 0:  66%|██████▌   | 1277/1935 [00:01<00:00, 739.31it/s]
Epoch 0:  66%|██████▌   | 1278/1935 [00:01<00:00, 739.39it/s]
Epoch 0:  66%|██████▌   | 1278/1935 [00:01<00:00, 739.31it/s]
Epoch 0:  66%|██████▌   | 1279/1935 [00:01<00:00, 739.38it/s]
Epoch 0:  66%|██████▌   | 1279/1935 [00:01<00:00, 739.31it/s]
Epoch 0:  66%|██████▌   | 1280/1935 [00:01<00:00, 739.36it/s]
Epoch 0:  66%|██████▌   | 1280/1935 [00:01<00:00, 739.29it/s]
Epoch 0:  66%|██████▌   | 1281/1935 [00:01<00:00, 739.36it/s]
Epoch 0:  66%|██████▌   | 1281/1935 [00:01<00:00, 739.29it/s]
Epoch 0:  66%|██████▋   | 1282/1935 [00:01<00:00, 739.35it/s]
Epoch 0:  66%|██████▋   | 1282/1935 [00:01<00:00, 739.28it/s]
Epoch 0:  66%|██████▋   | 1283/1935 [00:01<00:00, 739.36it/s]
Epoch 0:  66%|██████▋   | 1283/1935 [00:01<00:00, 739.29it/s]
Epoch 0:  66%|██████▋   | 1284/1935 [00:01<00:00, 739.37it/s]
Epoch 0:  66%|██████▋   | 1284/1935 [00:01<00:00, 739.29it/s]
Epoch 0:  66%|██████▋   | 1285/1935 [00:01<00:00, 739.35it/s]
Epoch 0:  66%|██████▋   | 1285/1935 [00:01<00:00, 739.28it/s]
Epoch 0:  66%|██████▋   | 1286/1935 [00:01<00:00, 739.36it/s]
Epoch 0:  66%|██████▋   | 1286/1935 [00:01<00:00, 739.29it/s]
Epoch 0:  67%|██████▋   | 1287/1935 [00:01<00:00, 739.36it/s]
Epoch 0:  67%|██████▋   | 1287/1935 [00:01<00:00, 739.29it/s]
Epoch 0:  67%|██████▋   | 1288/1935 [00:01<00:00, 739.36it/s]
Epoch 0:  67%|██████▋   | 1288/1935 [00:01<00:00, 739.29it/s]
Epoch 0:  67%|██████▋   | 1289/1935 [00:01<00:00, 739.36it/s]
Epoch 0:  67%|██████▋   | 1289/1935 [00:01<00:00, 739.29it/s]
Epoch 0:  67%|██████▋   | 1290/1935 [00:01<00:00, 739.36it/s]
Epoch 0:  67%|██████▋   | 1290/1935 [00:01<00:00, 739.28it/s]
Epoch 0:  67%|██████▋   | 1291/1935 [00:01<00:00, 739.36it/s]
Epoch 0:  67%|██████▋   | 1291/1935 [00:01<00:00, 739.28it/s]
Epoch 0:  67%|██████▋   | 1292/1935 [00:01<00:00, 739.37it/s]
Epoch 0:  67%|██████▋   | 1292/1935 [00:01<00:00, 739.29it/s]
Epoch 0:  67%|██████▋   | 1293/1935 [00:01<00:00, 739.36it/s]
Epoch 0:  67%|██████▋   | 1293/1935 [00:01<00:00, 739.29it/s]
Epoch 0:  67%|██████▋   | 1294/1935 [00:01<00:00, 739.35it/s]
Epoch 0:  67%|██████▋   | 1294/1935 [00:01<00:00, 739.28it/s]
Epoch 0:  67%|██████▋   | 1295/1935 [00:01<00:00, 739.34it/s]
Epoch 0:  67%|██████▋   | 1295/1935 [00:01<00:00, 739.27it/s]
Epoch 0:  67%|██████▋   | 1296/1935 [00:01<00:00, 739.35it/s]
Epoch 0:  67%|██████▋   | 1296/1935 [00:01<00:00, 739.29it/s]
Epoch 0:  67%|██████▋   | 1297/1935 [00:01<00:00, 739.35it/s]
Epoch 0:  67%|██████▋   | 1297/1935 [00:01<00:00, 739.28it/s]
Epoch 0:  67%|██████▋   | 1298/1935 [00:01<00:00, 739.34it/s]
Epoch 0:  67%|██████▋   | 1298/1935 [00:01<00:00, 739.26it/s]
Epoch 0:  67%|██████▋   | 1299/1935 [00:01<00:00, 739.27it/s]
Epoch 0:  67%|██████▋   | 1299/1935 [00:01<00:00, 739.19it/s]
Epoch 0:  67%|██████▋   | 1300/1935 [00:01<00:00, 739.27it/s]
Epoch 0:  67%|██████▋   | 1300/1935 [00:01<00:00, 739.20it/s]
Epoch 0:  67%|██████▋   | 1301/1935 [00:01<00:00, 739.26it/s]
Epoch 0:  67%|██████▋   | 1301/1935 [00:01<00:00, 739.19it/s]
Epoch 0:  67%|██████▋   | 1302/1935 [00:01<00:00, 739.27it/s]
Epoch 0:  67%|██████▋   | 1302/1935 [00:01<00:00, 739.20it/s]
Epoch 0:  67%|██████▋   | 1303/1935 [00:01<00:00, 739.27it/s]
Epoch 0:  67%|██████▋   | 1303/1935 [00:01<00:00, 739.20it/s]
Epoch 0:  67%|██████▋   | 1304/1935 [00:01<00:00, 739.27it/s]
Epoch 0:  67%|██████▋   | 1304/1935 [00:01<00:00, 739.21it/s]
Epoch 0:  67%|██████▋   | 1305/1935 [00:01<00:00, 739.28it/s]
Epoch 0:  67%|██████▋   | 1305/1935 [00:01<00:00, 739.21it/s]
Epoch 0:  67%|██████▋   | 1306/1935 [00:01<00:00, 739.28it/s]
Epoch 0:  67%|██████▋   | 1306/1935 [00:01<00:00, 739.20it/s]
Epoch 0:  68%|██████▊   | 1307/1935 [00:01<00:00, 739.28it/s]
Epoch 0:  68%|██████▊   | 1307/1935 [00:01<00:00, 739.21it/s]
Epoch 0:  68%|██████▊   | 1308/1935 [00:01<00:00, 739.28it/s]
Epoch 0:  68%|██████▊   | 1308/1935 [00:01<00:00, 739.21it/s]
Epoch 0:  68%|██████▊   | 1309/1935 [00:01<00:00, 739.28it/s]
Epoch 0:  68%|██████▊   | 1309/1935 [00:01<00:00, 739.21it/s]
Epoch 0:  68%|██████▊   | 1310/1935 [00:01<00:00, 739.28it/s]
Epoch 0:  68%|██████▊   | 1310/1935 [00:01<00:00, 739.21it/s]
Epoch 0:  68%|██████▊   | 1311/1935 [00:01<00:00, 739.27it/s]
Epoch 0:  68%|██████▊   | 1311/1935 [00:01<00:00, 739.20it/s]
Epoch 0:  68%|██████▊   | 1312/1935 [00:01<00:00, 739.28it/s]
Epoch 0:  68%|██████▊   | 1312/1935 [00:01<00:00, 739.22it/s]
Epoch 0:  68%|██████▊   | 1313/1935 [00:01<00:00, 739.28it/s]
Epoch 0:  68%|██████▊   | 1313/1935 [00:01<00:00, 739.21it/s]
Epoch 0:  68%|██████▊   | 1314/1935 [00:01<00:00, 739.27it/s]
Epoch 0:  68%|██████▊   | 1314/1935 [00:01<00:00, 739.20it/s]
Epoch 0:  68%|██████▊   | 1315/1935 [00:01<00:00, 739.28it/s]
Epoch 0:  68%|██████▊   | 1315/1935 [00:01<00:00, 739.21it/s]
Epoch 0:  68%|██████▊   | 1316/1935 [00:01<00:00, 739.27it/s]
Epoch 0:  68%|██████▊   | 1316/1935 [00:01<00:00, 739.20it/s]
Epoch 0:  68%|██████▊   | 1317/1935 [00:01<00:00, 739.27it/s]
Epoch 0:  68%|██████▊   | 1317/1935 [00:01<00:00, 739.20it/s]
Epoch 0:  68%|██████▊   | 1318/1935 [00:01<00:00, 739.28it/s]
Epoch 0:  68%|██████▊   | 1318/1935 [00:01<00:00, 739.21it/s]
Epoch 0:  68%|██████▊   | 1319/1935 [00:01<00:00, 739.27it/s]
Epoch 0:  68%|██████▊   | 1319/1935 [00:01<00:00, 739.20it/s]
Epoch 0:  68%|██████▊   | 1320/1935 [00:01<00:00, 739.28it/s]
Epoch 0:  68%|██████▊   | 1320/1935 [00:01<00:00, 739.22it/s]
Epoch 0:  68%|██████▊   | 1321/1935 [00:01<00:00, 739.30it/s]
Epoch 0:  68%|██████▊   | 1321/1935 [00:01<00:00, 739.23it/s]
Epoch 0:  68%|██████▊   | 1322/1935 [00:01<00:00, 739.28it/s]
Epoch 0:  68%|██████▊   | 1322/1935 [00:01<00:00, 739.21it/s]
Epoch 0:  68%|██████▊   | 1323/1935 [00:01<00:00, 739.28it/s]
Epoch 0:  68%|██████▊   | 1323/1935 [00:01<00:00, 739.21it/s]
Epoch 0:  68%|██████▊   | 1324/1935 [00:01<00:00, 739.29it/s]
Epoch 0:  68%|██████▊   | 1324/1935 [00:01<00:00, 739.22it/s]
Epoch 0:  68%|██████▊   | 1325/1935 [00:01<00:00, 739.28it/s]
Epoch 0:  68%|██████▊   | 1325/1935 [00:01<00:00, 739.22it/s]
Epoch 0:  69%|██████▊   | 1326/1935 [00:01<00:00, 739.30it/s]
Epoch 0:  69%|██████▊   | 1326/1935 [00:01<00:00, 739.22it/s]
Epoch 0:  69%|██████▊   | 1327/1935 [00:01<00:00, 739.29it/s]
Epoch 0:  69%|██████▊   | 1327/1935 [00:01<00:00, 739.21it/s]
Epoch 0:  69%|██████▊   | 1328/1935 [00:01<00:00, 739.28it/s]
Epoch 0:  69%|██████▊   | 1328/1935 [00:01<00:00, 739.21it/s]
Epoch 0:  69%|██████▊   | 1329/1935 [00:01<00:00, 739.28it/s]
Epoch 0:  69%|██████▊   | 1329/1935 [00:01<00:00, 739.21it/s]
Epoch 0:  69%|██████▊   | 1330/1935 [00:01<00:00, 739.27it/s]
Epoch 0:  69%|██████▊   | 1330/1935 [00:01<00:00, 739.20it/s]
Epoch 0:  69%|██████▉   | 1331/1935 [00:01<00:00, 739.28it/s]
Epoch 0:  69%|██████▉   | 1331/1935 [00:01<00:00, 739.21it/s]
Epoch 0:  69%|██████▉   | 1332/1935 [00:01<00:00, 739.29it/s]
Epoch 0:  69%|██████▉   | 1332/1935 [00:01<00:00, 739.22it/s]
Epoch 0:  69%|██████▉   | 1333/1935 [00:01<00:00, 739.29it/s]
Epoch 0:  69%|██████▉   | 1333/1935 [00:01<00:00, 739.21it/s]
Epoch 0:  69%|██████▉   | 1334/1935 [00:01<00:00, 739.28it/s]
Epoch 0:  69%|██████▉   | 1334/1935 [00:01<00:00, 739.21it/s]
Epoch 0:  69%|██████▉   | 1335/1935 [00:01<00:00, 739.28it/s]
Epoch 0:  69%|██████▉   | 1335/1935 [00:01<00:00, 739.21it/s]
Epoch 0:  69%|██████▉   | 1336/1935 [00:01<00:00, 739.29it/s]
Epoch 0:  69%|██████▉   | 1336/1935 [00:01<00:00, 739.22it/s]
Epoch 0:  69%|██████▉   | 1337/1935 [00:01<00:00, 739.29it/s]
Epoch 0:  69%|██████▉   | 1337/1935 [00:01<00:00, 739.22it/s]
Epoch 0:  69%|██████▉   | 1338/1935 [00:01<00:00, 739.28it/s]
Epoch 0:  69%|██████▉   | 1338/1935 [00:01<00:00, 739.21it/s]
Epoch 0:  69%|██████▉   | 1339/1935 [00:01<00:00, 739.29it/s]
Epoch 0:  69%|██████▉   | 1339/1935 [00:01<00:00, 739.21it/s]
Epoch 0:  69%|██████▉   | 1340/1935 [00:01<00:00, 739.29it/s]
Epoch 0:  69%|██████▉   | 1340/1935 [00:01<00:00, 739.22it/s]
Epoch 0:  69%|██████▉   | 1341/1935 [00:01<00:00, 739.28it/s]
Epoch 0:  69%|██████▉   | 1341/1935 [00:01<00:00, 739.21it/s]
Epoch 0:  69%|██████▉   | 1342/1935 [00:01<00:00, 739.29it/s]
Epoch 0:  69%|██████▉   | 1342/1935 [00:01<00:00, 739.22it/s]
Epoch 0:  69%|██████▉   | 1343/1935 [00:01<00:00, 739.28it/s]
Epoch 0:  69%|██████▉   | 1343/1935 [00:01<00:00, 739.21it/s]
Epoch 0:  69%|██████▉   | 1344/1935 [00:01<00:00, 739.29it/s]
Epoch 0:  69%|██████▉   | 1344/1935 [00:01<00:00, 739.22it/s]
Epoch 0:  70%|██████▉   | 1345/1935 [00:01<00:00, 739.29it/s]
Epoch 0:  70%|██████▉   | 1345/1935 [00:01<00:00, 739.22it/s]
Epoch 0:  70%|██████▉   | 1346/1935 [00:01<00:00, 739.28it/s]
Epoch 0:  70%|██████▉   | 1346/1935 [00:01<00:00, 739.21it/s]
Epoch 0:  70%|██████▉   | 1347/1935 [00:01<00:00, 739.29it/s]
Epoch 0:  70%|██████▉   | 1347/1935 [00:01<00:00, 739.21it/s]
Epoch 0:  70%|██████▉   | 1348/1935 [00:01<00:00, 739.29it/s]
Epoch 0:  70%|██████▉   | 1348/1935 [00:01<00:00, 739.22it/s]
Epoch 0:  70%|██████▉   | 1349/1935 [00:01<00:00, 739.28it/s]
Epoch 0:  70%|██████▉   | 1349/1935 [00:01<00:00, 739.21it/s]
Epoch 0:  70%|██████▉   | 1350/1935 [00:01<00:00, 739.28it/s]
Epoch 0:  70%|██████▉   | 1350/1935 [00:01<00:00, 739.21it/s]
Epoch 0:  70%|██████▉   | 1351/1935 [00:01<00:00, 739.27it/s]
Epoch 0:  70%|██████▉   | 1351/1935 [00:01<00:00, 739.20it/s]
Epoch 0:  70%|██████▉   | 1352/1935 [00:01<00:00, 739.28it/s]
Epoch 0:  70%|██████▉   | 1352/1935 [00:01<00:00, 739.22it/s]
Epoch 0:  70%|██████▉   | 1353/1935 [00:01<00:00, 739.29it/s]
Epoch 0:  70%|██████▉   | 1353/1935 [00:01<00:00, 739.22it/s]
Epoch 0:  70%|██████▉   | 1354/1935 [00:01<00:00, 739.26it/s]
Epoch 0:  70%|██████▉   | 1354/1935 [00:01<00:00, 739.20it/s]
Epoch 0:  70%|███████   | 1355/1935 [00:01<00:00, 739.28it/s]
Epoch 0:  70%|███████   | 1355/1935 [00:01<00:00, 739.21it/s]
Epoch 0:  70%|███████   | 1356/1935 [00:01<00:00, 739.29it/s]
Epoch 0:  70%|███████   | 1356/1935 [00:01<00:00, 739.22it/s]
Epoch 0:  70%|███████   | 1357/1935 [00:01<00:00, 739.28it/s]
Epoch 0:  70%|███████   | 1357/1935 [00:01<00:00, 739.22it/s]
Epoch 0:  70%|███████   | 1358/1935 [00:01<00:00, 739.29it/s]
Epoch 0:  70%|███████   | 1358/1935 [00:01<00:00, 739.22it/s]
Epoch 0:  70%|███████   | 1359/1935 [00:01<00:00, 739.28it/s]
Epoch 0:  70%|███████   | 1359/1935 [00:01<00:00, 739.21it/s]
Epoch 0:  70%|███████   | 1360/1935 [00:01<00:00, 739.28it/s]
Epoch 0:  70%|███████   | 1360/1935 [00:01<00:00, 739.22it/s]
Epoch 0:  70%|███████   | 1361/1935 [00:01<00:00, 739.22it/s]
Epoch 0:  70%|███████   | 1361/1935 [00:01<00:00, 739.15it/s]
Epoch 0:  70%|███████   | 1362/1935 [00:01<00:00, 739.21it/s]
Epoch 0:  70%|███████   | 1362/1935 [00:01<00:00, 739.14it/s]
Epoch 0:  70%|███████   | 1363/1935 [00:01<00:00, 739.22it/s]
Epoch 0:  70%|███████   | 1363/1935 [00:01<00:00, 739.15it/s]
Epoch 0:  70%|███████   | 1364/1935 [00:01<00:00, 739.23it/s]
Epoch 0:  70%|███████   | 1364/1935 [00:01<00:00, 739.16it/s]
Epoch 0:  71%|███████   | 1365/1935 [00:01<00:00, 739.21it/s]
Epoch 0:  71%|███████   | 1365/1935 [00:01<00:00, 739.14it/s]
Epoch 0:  71%|███████   | 1366/1935 [00:01<00:00, 739.21it/s]
Epoch 0:  71%|███████   | 1366/1935 [00:01<00:00, 739.14it/s]
Epoch 0:  71%|███████   | 1367/1935 [00:01<00:00, 739.21it/s]
Epoch 0:  71%|███████   | 1367/1935 [00:01<00:00, 739.14it/s]
Epoch 0:  71%|███████   | 1368/1935 [00:01<00:00, 739.21it/s]
Epoch 0:  71%|███████   | 1368/1935 [00:01<00:00, 739.15it/s]
Epoch 0:  71%|███████   | 1369/1935 [00:01<00:00, 739.21it/s]
Epoch 0:  71%|███████   | 1369/1935 [00:01<00:00, 739.14it/s]
Epoch 0:  71%|███████   | 1370/1935 [00:01<00:00, 739.19it/s]
Epoch 0:  71%|███████   | 1370/1935 [00:01<00:00, 739.12it/s]
Epoch 0:  71%|███████   | 1371/1935 [00:01<00:00, 739.19it/s]
Epoch 0:  71%|███████   | 1371/1935 [00:01<00:00, 739.12it/s]
Epoch 0:  71%|███████   | 1372/1935 [00:01<00:00, 739.19it/s]
Epoch 0:  71%|███████   | 1372/1935 [00:01<00:00, 739.12it/s]
Epoch 0:  71%|███████   | 1373/1935 [00:01<00:00, 739.18it/s]
Epoch 0:  71%|███████   | 1373/1935 [00:01<00:00, 739.11it/s]
Epoch 0:  71%|███████   | 1374/1935 [00:01<00:00, 739.19it/s]
Epoch 0:  71%|███████   | 1374/1935 [00:01<00:00, 739.12it/s]
Epoch 0:  71%|███████   | 1375/1935 [00:01<00:00, 739.18it/s]
Epoch 0:  71%|███████   | 1375/1935 [00:01<00:00, 739.11it/s]
Epoch 0:  71%|███████   | 1376/1935 [00:01<00:00, 739.18it/s]
Epoch 0:  71%|███████   | 1376/1935 [00:01<00:00, 739.12it/s]
Epoch 0:  71%|███████   | 1377/1935 [00:01<00:00, 739.20it/s]
Epoch 0:  71%|███████   | 1377/1935 [00:01<00:00, 739.13it/s]
Epoch 0:  71%|███████   | 1378/1935 [00:01<00:00, 739.19it/s]
Epoch 0:  71%|███████   | 1378/1935 [00:01<00:00, 739.12it/s]
Epoch 0:  71%|███████▏  | 1379/1935 [00:01<00:00, 739.20it/s]
Epoch 0:  71%|███████▏  | 1379/1935 [00:01<00:00, 739.13it/s]
Epoch 0:  71%|███████▏  | 1380/1935 [00:01<00:00, 739.21it/s]
Epoch 0:  71%|███████▏  | 1380/1935 [00:01<00:00, 739.14it/s]
Epoch 0:  71%|███████▏  | 1381/1935 [00:01<00:00, 739.21it/s]
Epoch 0:  71%|███████▏  | 1381/1935 [00:01<00:00, 739.14it/s]
Epoch 0:  71%|███████▏  | 1382/1935 [00:01<00:00, 739.21it/s]
Epoch 0:  71%|███████▏  | 1382/1935 [00:01<00:00, 739.14it/s]
Epoch 0:  71%|███████▏  | 1383/1935 [00:01<00:00, 739.21it/s]
Epoch 0:  71%|███████▏  | 1383/1935 [00:01<00:00, 739.15it/s]
Epoch 0:  72%|███████▏  | 1384/1935 [00:01<00:00, 739.22it/s]
Epoch 0:  72%|███████▏  | 1384/1935 [00:01<00:00, 739.16it/s]
Epoch 0:  72%|███████▏  | 1385/1935 [00:01<00:00, 739.23it/s]
Epoch 0:  72%|███████▏  | 1385/1935 [00:01<00:00, 739.17it/s]
Epoch 0:  72%|███████▏  | 1386/1935 [00:01<00:00, 739.22it/s]
Epoch 0:  72%|███████▏  | 1386/1935 [00:01<00:00, 739.15it/s]
Epoch 0:  72%|███████▏  | 1387/1935 [00:01<00:00, 739.22it/s]
Epoch 0:  72%|███████▏  | 1387/1935 [00:01<00:00, 739.16it/s]
Epoch 0:  72%|███████▏  | 1388/1935 [00:01<00:00, 739.22it/s]
Epoch 0:  72%|███████▏  | 1388/1935 [00:01<00:00, 739.15it/s]
Epoch 0:  72%|███████▏  | 1389/1935 [00:01<00:00, 739.21it/s]
Epoch 0:  72%|███████▏  | 1389/1935 [00:01<00:00, 739.14it/s]
Epoch 0:  72%|███████▏  | 1390/1935 [00:01<00:00, 739.20it/s]
Epoch 0:  72%|███████▏  | 1390/1935 [00:01<00:00, 739.14it/s]
Epoch 0:  72%|███████▏  | 1391/1935 [00:01<00:00, 739.21it/s]
Epoch 0:  72%|███████▏  | 1391/1935 [00:01<00:00, 739.15it/s]
Epoch 0:  72%|███████▏  | 1392/1935 [00:01<00:00, 739.21it/s]
Epoch 0:  72%|███████▏  | 1392/1935 [00:01<00:00, 739.15it/s]
Epoch 0:  72%|███████▏  | 1393/1935 [00:01<00:00, 739.22it/s]
Epoch 0:  72%|███████▏  | 1393/1935 [00:01<00:00, 739.15it/s]
Epoch 0:  72%|███████▏  | 1394/1935 [00:01<00:00, 739.21it/s]
Epoch 0:  72%|███████▏  | 1394/1935 [00:01<00:00, 739.14it/s]
Epoch 0:  72%|███████▏  | 1395/1935 [00:01<00:00, 739.20it/s]
Epoch 0:  72%|███████▏  | 1395/1935 [00:01<00:00, 739.13it/s]
Epoch 0:  72%|███████▏  | 1396/1935 [00:01<00:00, 739.20it/s]
Epoch 0:  72%|███████▏  | 1396/1935 [00:01<00:00, 739.13it/s]
Epoch 0:  72%|███████▏  | 1397/1935 [00:01<00:00, 739.19it/s]
Epoch 0:  72%|███████▏  | 1397/1935 [00:01<00:00, 739.13it/s]
Epoch 0:  72%|███████▏  | 1398/1935 [00:01<00:00, 739.19it/s]
Epoch 0:  72%|███████▏  | 1398/1935 [00:01<00:00, 739.12it/s]
Epoch 0:  72%|███████▏  | 1399/1935 [00:01<00:00, 739.19it/s]
Epoch 0:  72%|███████▏  | 1399/1935 [00:01<00:00, 739.12it/s]
Epoch 0:  72%|███████▏  | 1400/1935 [00:01<00:00, 739.19it/s]
Epoch 0:  72%|███████▏  | 1400/1935 [00:01<00:00, 739.13it/s]
Epoch 0:  72%|███████▏  | 1401/1935 [00:01<00:00, 739.19it/s]
Epoch 0:  72%|███████▏  | 1401/1935 [00:01<00:00, 739.12it/s]
Epoch 0:  72%|███████▏  | 1402/1935 [00:01<00:00, 739.17it/s]
Epoch 0:  72%|███████▏  | 1402/1935 [00:01<00:00, 739.10it/s]
Epoch 0:  73%|███████▎  | 1403/1935 [00:01<00:00, 739.18it/s]
Epoch 0:  73%|███████▎  | 1403/1935 [00:01<00:00, 739.10it/s]
Epoch 0:  73%|███████▎  | 1404/1935 [00:01<00:00, 739.18it/s]
Epoch 0:  73%|███████▎  | 1404/1935 [00:01<00:00, 739.11it/s]
Epoch 0:  73%|███████▎  | 1405/1935 [00:01<00:00, 739.17it/s]
Epoch 0:  73%|███████▎  | 1405/1935 [00:01<00:00, 739.10it/s]
Epoch 0:  73%|███████▎  | 1406/1935 [00:01<00:00, 739.18it/s]
Epoch 0:  73%|███████▎  | 1406/1935 [00:01<00:00, 739.11it/s]
Epoch 0:  73%|███████▎  | 1407/1935 [00:01<00:00, 739.17it/s]
Epoch 0:  73%|███████▎  | 1407/1935 [00:01<00:00, 739.10it/s]
Epoch 0:  73%|███████▎  | 1408/1935 [00:01<00:00, 739.17it/s]
Epoch 0:  73%|███████▎  | 1408/1935 [00:01<00:00, 739.11it/s]
Epoch 0:  73%|███████▎  | 1409/1935 [00:01<00:00, 739.17it/s]
Epoch 0:  73%|███████▎  | 1409/1935 [00:01<00:00, 739.11it/s]
Epoch 0:  73%|███████▎  | 1410/1935 [00:01<00:00, 739.16it/s]
Epoch 0:  73%|███████▎  | 1410/1935 [00:01<00:00, 739.10it/s]
Epoch 0:  73%|███████▎  | 1411/1935 [00:01<00:00, 739.17it/s]
Epoch 0:  73%|███████▎  | 1411/1935 [00:01<00:00, 739.10it/s]
Epoch 0:  73%|███████▎  | 1412/1935 [00:01<00:00, 739.18it/s]
Epoch 0:  73%|███████▎  | 1412/1935 [00:01<00:00, 739.11it/s]
Epoch 0:  73%|███████▎  | 1413/1935 [00:01<00:00, 739.16it/s]
Epoch 0:  73%|███████▎  | 1413/1935 [00:01<00:00, 739.10it/s]
Epoch 0:  73%|███████▎  | 1414/1935 [00:01<00:00, 739.17it/s]
Epoch 0:  73%|███████▎  | 1414/1935 [00:01<00:00, 739.10it/s]
Epoch 0:  73%|███████▎  | 1415/1935 [00:01<00:00, 739.16it/s]
Epoch 0:  73%|███████▎  | 1415/1935 [00:01<00:00, 739.10it/s]
Epoch 0:  73%|███████▎  | 1416/1935 [00:01<00:00, 739.17it/s]
Epoch 0:  73%|███████▎  | 1416/1935 [00:01<00:00, 739.12it/s]
Epoch 0:  73%|███████▎  | 1417/1935 [00:01<00:00, 739.18it/s]
Epoch 0:  73%|███████▎  | 1417/1935 [00:01<00:00, 739.11it/s]
Epoch 0:  73%|███████▎  | 1418/1935 [00:01<00:00, 739.17it/s]
Epoch 0:  73%|███████▎  | 1418/1935 [00:01<00:00, 739.10it/s]
Epoch 0:  73%|███████▎  | 1419/1935 [00:01<00:00, 739.18it/s]
Epoch 0:  73%|███████▎  | 1419/1935 [00:01<00:00, 739.11it/s]
Epoch 0:  73%|███████▎  | 1420/1935 [00:01<00:00, 739.18it/s]
Epoch 0:  73%|███████▎  | 1420/1935 [00:01<00:00, 739.11it/s]
Epoch 0:  73%|███████▎  | 1421/1935 [00:01<00:00, 739.17it/s]
Epoch 0:  73%|███████▎  | 1421/1935 [00:01<00:00, 739.11it/s]
Epoch 0:  73%|███████▎  | 1422/1935 [00:01<00:00, 739.17it/s]
Epoch 0:  73%|███████▎  | 1422/1935 [00:01<00:00, 739.10it/s]
Epoch 0:  74%|███████▎  | 1423/1935 [00:01<00:00, 739.11it/s]
Epoch 0:  74%|███████▎  | 1423/1935 [00:01<00:00, 739.04it/s]
Epoch 0:  74%|███████▎  | 1424/1935 [00:01<00:00, 739.12it/s]
Epoch 0:  74%|███████▎  | 1424/1935 [00:01<00:00, 739.06it/s]
Epoch 0:  74%|███████▎  | 1425/1935 [00:01<00:00, 739.12it/s]
Epoch 0:  74%|███████▎  | 1425/1935 [00:01<00:00, 739.06it/s]
Epoch 0:  74%|███████▎  | 1426/1935 [00:01<00:00, 739.12it/s]
Epoch 0:  74%|███████▎  | 1426/1935 [00:01<00:00, 739.05it/s]
Epoch 0:  74%|███████▎  | 1427/1935 [00:01<00:00, 739.12it/s]
Epoch 0:  74%|███████▎  | 1427/1935 [00:01<00:00, 739.05it/s]
Epoch 0:  74%|███████▍  | 1428/1935 [00:01<00:00, 739.12it/s]
Epoch 0:  74%|███████▍  | 1428/1935 [00:01<00:00, 739.05it/s]
Epoch 0:  74%|███████▍  | 1429/1935 [00:01<00:00, 739.10it/s]
Epoch 0:  74%|███████▍  | 1429/1935 [00:01<00:00, 739.03it/s]
Epoch 0:  74%|███████▍  | 1430/1935 [00:01<00:00, 739.11it/s]
Epoch 0:  74%|███████▍  | 1430/1935 [00:01<00:00, 739.04it/s]
Epoch 0:  74%|███████▍  | 1431/1935 [00:01<00:00, 739.10it/s]
Epoch 0:  74%|███████▍  | 1431/1935 [00:01<00:00, 739.03it/s]
Epoch 0:  74%|███████▍  | 1432/1935 [00:01<00:00, 739.10it/s]
Epoch 0:  74%|███████▍  | 1432/1935 [00:01<00:00, 739.04it/s]
Epoch 0:  74%|███████▍  | 1433/1935 [00:01<00:00, 739.11it/s]
Epoch 0:  74%|███████▍  | 1433/1935 [00:01<00:00, 739.05it/s]
Epoch 0:  74%|███████▍  | 1434/1935 [00:01<00:00, 739.10it/s]
Epoch 0:  74%|███████▍  | 1434/1935 [00:01<00:00, 739.03it/s]
Epoch 0:  74%|███████▍  | 1435/1935 [00:01<00:00, 739.11it/s]
Epoch 0:  74%|███████▍  | 1435/1935 [00:01<00:00, 739.04it/s]
Epoch 0:  74%|███████▍  | 1436/1935 [00:01<00:00, 739.12it/s]
Epoch 0:  74%|███████▍  | 1436/1935 [00:01<00:00, 739.05it/s]
Epoch 0:  74%|███████▍  | 1437/1935 [00:01<00:00, 739.11it/s]
Epoch 0:  74%|███████▍  | 1437/1935 [00:01<00:00, 739.04it/s]
Epoch 0:  74%|███████▍  | 1438/1935 [00:01<00:00, 739.11it/s]
Epoch 0:  74%|███████▍  | 1438/1935 [00:01<00:00, 739.04it/s]
Epoch 0:  74%|███████▍  | 1439/1935 [00:01<00:00, 739.09it/s]
Epoch 0:  74%|███████▍  | 1439/1935 [00:01<00:00, 739.02it/s]
Epoch 0:  74%|███████▍  | 1440/1935 [00:01<00:00, 739.09it/s]
Epoch 0:  74%|███████▍  | 1440/1935 [00:01<00:00, 739.04it/s]
Epoch 0:  74%|███████▍  | 1441/1935 [00:01<00:00, 739.10it/s]
Epoch 0:  74%|███████▍  | 1441/1935 [00:01<00:00, 739.04it/s]
Epoch 0:  75%|███████▍  | 1442/1935 [00:01<00:00, 739.10it/s]
Epoch 0:  75%|███████▍  | 1442/1935 [00:01<00:00, 739.03it/s]
Epoch 0:  75%|███████▍  | 1443/1935 [00:01<00:00, 739.09it/s]
Epoch 0:  75%|███████▍  | 1443/1935 [00:01<00:00, 739.02it/s]
Epoch 0:  75%|███████▍  | 1444/1935 [00:01<00:00, 739.10it/s]
Epoch 0:  75%|███████▍  | 1444/1935 [00:01<00:00, 739.03it/s]
Epoch 0:  75%|███████▍  | 1445/1935 [00:01<00:00, 739.10it/s]
Epoch 0:  75%|███████▍  | 1445/1935 [00:01<00:00, 739.03it/s]
Epoch 0:  75%|███████▍  | 1446/1935 [00:01<00:00, 739.10it/s]
Epoch 0:  75%|███████▍  | 1446/1935 [00:01<00:00, 739.04it/s]
Epoch 0:  75%|███████▍  | 1447/1935 [00:01<00:00, 739.10it/s]
Epoch 0:  75%|███████▍  | 1447/1935 [00:01<00:00, 739.04it/s]
Epoch 0:  75%|███████▍  | 1448/1935 [00:01<00:00, 739.10it/s]
Epoch 0:  75%|███████▍  | 1448/1935 [00:01<00:00, 739.04it/s]
Epoch 0:  75%|███████▍  | 1449/1935 [00:01<00:00, 739.11it/s]
Epoch 0:  75%|███████▍  | 1449/1935 [00:01<00:00, 739.05it/s]
Epoch 0:  75%|███████▍  | 1450/1935 [00:01<00:00, 739.09it/s]
Epoch 0:  75%|███████▍  | 1450/1935 [00:01<00:00, 739.03it/s]
Epoch 0:  75%|███████▍  | 1451/1935 [00:01<00:00, 739.10it/s]
Epoch 0:  75%|███████▍  | 1451/1935 [00:01<00:00, 739.04it/s]
Epoch 0:  75%|███████▌  | 1452/1935 [00:01<00:00, 739.11it/s]
Epoch 0:  75%|███████▌  | 1452/1935 [00:01<00:00, 739.04it/s]
Epoch 0:  75%|███████▌  | 1453/1935 [00:01<00:00, 739.10it/s]
Epoch 0:  75%|███████▌  | 1453/1935 [00:01<00:00, 739.04it/s]
Epoch 0:  75%|███████▌  | 1454/1935 [00:01<00:00, 739.10it/s]
Epoch 0:  75%|███████▌  | 1454/1935 [00:01<00:00, 739.04it/s]
Epoch 0:  75%|███████▌  | 1455/1935 [00:01<00:00, 739.10it/s]
Epoch 0:  75%|███████▌  | 1455/1935 [00:01<00:00, 739.04it/s]
Epoch 0:  75%|███████▌  | 1456/1935 [00:01<00:00, 739.11it/s]
Epoch 0:  75%|███████▌  | 1456/1935 [00:01<00:00, 739.05it/s]
Epoch 0:  75%|███████▌  | 1457/1935 [00:01<00:00, 739.10it/s]
Epoch 0:  75%|███████▌  | 1457/1935 [00:01<00:00, 739.04it/s]
Epoch 0:  75%|███████▌  | 1458/1935 [00:01<00:00, 739.09it/s]
Epoch 0:  75%|███████▌  | 1458/1935 [00:01<00:00, 739.03it/s]
Epoch 0:  75%|███████▌  | 1459/1935 [00:01<00:00, 739.10it/s]
Epoch 0:  75%|███████▌  | 1459/1935 [00:01<00:00, 739.03it/s]
Epoch 0:  75%|███████▌  | 1460/1935 [00:01<00:00, 739.10it/s]
Epoch 0:  75%|███████▌  | 1460/1935 [00:01<00:00, 739.03it/s]
Epoch 0:  76%|███████▌  | 1461/1935 [00:01<00:00, 739.09it/s]
Epoch 0:  76%|███████▌  | 1461/1935 [00:01<00:00, 739.02it/s]
Epoch 0:  76%|███████▌  | 1462/1935 [00:01<00:00, 739.08it/s]
Epoch 0:  76%|███████▌  | 1462/1935 [00:01<00:00, 739.01it/s]
Epoch 0:  76%|███████▌  | 1463/1935 [00:01<00:00, 739.06it/s]
Epoch 0:  76%|███████▌  | 1463/1935 [00:01<00:00, 739.00it/s]
Epoch 0:  76%|███████▌  | 1464/1935 [00:01<00:00, 739.07it/s]
Epoch 0:  76%|███████▌  | 1464/1935 [00:01<00:00, 739.01it/s]
Epoch 0:  76%|███████▌  | 1465/1935 [00:01<00:00, 739.06it/s]
Epoch 0:  76%|███████▌  | 1465/1935 [00:01<00:00, 739.00it/s]
Epoch 0:  76%|███████▌  | 1466/1935 [00:01<00:00, 739.06it/s]
Epoch 0:  76%|███████▌  | 1466/1935 [00:01<00:00, 738.99it/s]
Epoch 0:  76%|███████▌  | 1467/1935 [00:01<00:00, 739.06it/s]
Epoch 0:  76%|███████▌  | 1467/1935 [00:01<00:00, 738.99it/s]
Epoch 0:  76%|███████▌  | 1468/1935 [00:01<00:00, 739.07it/s]
Epoch 0:  76%|███████▌  | 1468/1935 [00:01<00:00, 739.00it/s]
Epoch 0:  76%|███████▌  | 1469/1935 [00:01<00:00, 739.04it/s]
Epoch 0:  76%|███████▌  | 1469/1935 [00:01<00:00, 738.98it/s]
Epoch 0:  76%|███████▌  | 1470/1935 [00:01<00:00, 739.04it/s]
Epoch 0:  76%|███████▌  | 1470/1935 [00:01<00:00, 738.97it/s]
Epoch 0:  76%|███████▌  | 1471/1935 [00:01<00:00, 739.03it/s]
Epoch 0:  76%|███████▌  | 1471/1935 [00:01<00:00, 738.97it/s]
Epoch 0:  76%|███████▌  | 1472/1935 [00:01<00:00, 739.04it/s]
Epoch 0:  76%|███████▌  | 1472/1935 [00:01<00:00, 738.99it/s]
Epoch 0:  76%|███████▌  | 1473/1935 [00:01<00:00, 739.04it/s]
Epoch 0:  76%|███████▌  | 1473/1935 [00:01<00:00, 738.98it/s]
Epoch 0:  76%|███████▌  | 1474/1935 [00:01<00:00, 739.04it/s]
Epoch 0:  76%|███████▌  | 1474/1935 [00:01<00:00, 738.97it/s]
Epoch 0:  76%|███████▌  | 1475/1935 [00:01<00:00, 739.04it/s]
Epoch 0:  76%|███████▌  | 1475/1935 [00:01<00:00, 738.98it/s]
Epoch 0:  76%|███████▋  | 1476/1935 [00:01<00:00, 739.05it/s]
Epoch 0:  76%|███████▋  | 1476/1935 [00:01<00:00, 738.98it/s]
Epoch 0:  76%|███████▋  | 1477/1935 [00:01<00:00, 739.04it/s]
Epoch 0:  76%|███████▋  | 1477/1935 [00:01<00:00, 738.98it/s]
Epoch 0:  76%|███████▋  | 1478/1935 [00:01<00:00, 739.05it/s]
Epoch 0:  76%|███████▋  | 1478/1935 [00:02<00:00, 738.99it/s]
Epoch 0:  76%|███████▋  | 1479/1935 [00:02<00:00, 739.03it/s]
Epoch 0:  76%|███████▋  | 1479/1935 [00:02<00:00, 738.97it/s]
Epoch 0:  76%|███████▋  | 1480/1935 [00:02<00:00, 739.04it/s]
Epoch 0:  76%|███████▋  | 1480/1935 [00:02<00:00, 738.98it/s]
Epoch 0:  77%|███████▋  | 1481/1935 [00:02<00:00, 739.04it/s]
Epoch 0:  77%|███████▋  | 1481/1935 [00:02<00:00, 738.97it/s]
Epoch 0:  77%|███████▋  | 1482/1935 [00:02<00:00, 739.01it/s]
Epoch 0:  77%|███████▋  | 1482/1935 [00:02<00:00, 738.95it/s]
Epoch 0:  77%|███████▋  | 1483/1935 [00:02<00:00, 739.03it/s]
Epoch 0:  77%|███████▋  | 1483/1935 [00:02<00:00, 738.96it/s]
Epoch 0:  77%|███████▋  | 1484/1935 [00:02<00:00, 739.03it/s]
Epoch 0:  77%|███████▋  | 1484/1935 [00:02<00:00, 738.96it/s]
Epoch 0:  77%|███████▋  | 1485/1935 [00:02<00:00, 738.95it/s]
Epoch 0:  77%|███████▋  | 1485/1935 [00:02<00:00, 738.89it/s]
Epoch 0:  77%|███████▋  | 1486/1935 [00:02<00:00, 738.96it/s]
Epoch 0:  77%|███████▋  | 1486/1935 [00:02<00:00, 738.90it/s]
Epoch 0:  77%|███████▋  | 1487/1935 [00:02<00:00, 738.96it/s]
Epoch 0:  77%|███████▋  | 1487/1935 [00:02<00:00, 738.90it/s]
Epoch 0:  77%|███████▋  | 1488/1935 [00:02<00:00, 738.97it/s]
Epoch 0:  77%|███████▋  | 1488/1935 [00:02<00:00, 738.92it/s]
Epoch 0:  77%|███████▋  | 1489/1935 [00:02<00:00, 738.97it/s]
Epoch 0:  77%|███████▋  | 1489/1935 [00:02<00:00, 738.90it/s]
Epoch 0:  77%|███████▋  | 1490/1935 [00:02<00:00, 738.96it/s]
Epoch 0:  77%|███████▋  | 1490/1935 [00:02<00:00, 738.90it/s]
Epoch 0:  77%|███████▋  | 1491/1935 [00:02<00:00, 738.95it/s]
Epoch 0:  77%|███████▋  | 1491/1935 [00:02<00:00, 738.89it/s]
Epoch 0:  77%|███████▋  | 1492/1935 [00:02<00:00, 738.96it/s]
Epoch 0:  77%|███████▋  | 1492/1935 [00:02<00:00, 738.89it/s]
Epoch 0:  77%|███████▋  | 1493/1935 [00:02<00:00, 738.95it/s]
Epoch 0:  77%|███████▋  | 1493/1935 [00:02<00:00, 738.89it/s]
Epoch 0:  77%|███████▋  | 1494/1935 [00:02<00:00, 738.96it/s]
Epoch 0:  77%|███████▋  | 1494/1935 [00:02<00:00, 738.89it/s]
Epoch 0:  77%|███████▋  | 1495/1935 [00:02<00:00, 738.94it/s]
Epoch 0:  77%|███████▋  | 1495/1935 [00:02<00:00, 738.88it/s]
Epoch 0:  77%|███████▋  | 1496/1935 [00:02<00:00, 738.95it/s]
Epoch 0:  77%|███████▋  | 1496/1935 [00:02<00:00, 738.90it/s]
Epoch 0:  77%|███████▋  | 1497/1935 [00:02<00:00, 738.96it/s]
Epoch 0:  77%|███████▋  | 1497/1935 [00:02<00:00, 738.90it/s]
Epoch 0:  77%|███████▋  | 1498/1935 [00:02<00:00, 738.95it/s]
Epoch 0:  77%|███████▋  | 1498/1935 [00:02<00:00, 738.89it/s]
Epoch 0:  77%|███████▋  | 1499/1935 [00:02<00:00, 738.96it/s]
Epoch 0:  77%|███████▋  | 1499/1935 [00:02<00:00, 738.89it/s]
Epoch 0:  78%|███████▊  | 1500/1935 [00:02<00:00, 738.97it/s]
Epoch 0:  78%|███████▊  | 1500/1935 [00:02<00:00, 738.90it/s]
Epoch 0:  78%|███████▊  | 1501/1935 [00:02<00:00, 738.95it/s]
Epoch 0:  78%|███████▊  | 1501/1935 [00:02<00:00, 738.89it/s]
Epoch 0:  78%|███████▊  | 1502/1935 [00:02<00:00, 738.96it/s]
Epoch 0:  78%|███████▊  | 1502/1935 [00:02<00:00, 738.90it/s]
Epoch 0:  78%|███████▊  | 1503/1935 [00:02<00:00, 738.94it/s]
Epoch 0:  78%|███████▊  | 1503/1935 [00:02<00:00, 738.88it/s]
Epoch 0:  78%|███████▊  | 1504/1935 [00:02<00:00, 738.95it/s]
Epoch 0:  78%|███████▊  | 1504/1935 [00:02<00:00, 738.89it/s]
Epoch 0:  78%|███████▊  | 1505/1935 [00:02<00:00, 738.95it/s]
Epoch 0:  78%|███████▊  | 1505/1935 [00:02<00:00, 738.88it/s]
Epoch 0:  78%|███████▊  | 1506/1935 [00:02<00:00, 738.93it/s]
Epoch 0:  78%|███████▊  | 1506/1935 [00:02<00:00, 738.86it/s]
Epoch 0:  78%|███████▊  | 1507/1935 [00:02<00:00, 738.93it/s]
Epoch 0:  78%|███████▊  | 1507/1935 [00:02<00:00, 738.87it/s]
Epoch 0:  78%|███████▊  | 1508/1935 [00:02<00:00, 738.94it/s]
Epoch 0:  78%|███████▊  | 1508/1935 [00:02<00:00, 738.88it/s]
Epoch 0:  78%|███████▊  | 1509/1935 [00:02<00:00, 738.93it/s]
Epoch 0:  78%|███████▊  | 1509/1935 [00:02<00:00, 738.87it/s]
Epoch 0:  78%|███████▊  | 1510/1935 [00:02<00:00, 738.93it/s]
Epoch 0:  78%|███████▊  | 1510/1935 [00:02<00:00, 738.87it/s]
Epoch 0:  78%|███████▊  | 1511/1935 [00:02<00:00, 738.93it/s]
Epoch 0:  78%|███████▊  | 1511/1935 [00:02<00:00, 738.87it/s]
Epoch 0:  78%|███████▊  | 1512/1935 [00:02<00:00, 738.93it/s]
Epoch 0:  78%|███████▊  | 1512/1935 [00:02<00:00, 738.88it/s]
Epoch 0:  78%|███████▊  | 1513/1935 [00:02<00:00, 738.94it/s]
Epoch 0:  78%|███████▊  | 1513/1935 [00:02<00:00, 738.88it/s]
Epoch 0:  78%|███████▊  | 1514/1935 [00:02<00:00, 738.94it/s]
Epoch 0:  78%|███████▊  | 1514/1935 [00:02<00:00, 738.87it/s]
Epoch 0:  78%|███████▊  | 1515/1935 [00:02<00:00, 738.93it/s]
Epoch 0:  78%|███████▊  | 1515/1935 [00:02<00:00, 738.87it/s]
Epoch 0:  78%|███████▊  | 1516/1935 [00:02<00:00, 738.93it/s]
Epoch 0:  78%|███████▊  | 1516/1935 [00:02<00:00, 738.87it/s]
Epoch 0:  78%|███████▊  | 1517/1935 [00:02<00:00, 738.93it/s]
Epoch 0:  78%|███████▊  | 1517/1935 [00:02<00:00, 738.86it/s]
Epoch 0:  78%|███████▊  | 1518/1935 [00:02<00:00, 738.92it/s]
Epoch 0:  78%|███████▊  | 1518/1935 [00:02<00:00, 738.86it/s]
Epoch 0:  79%|███████▊  | 1519/1935 [00:02<00:00, 738.91it/s]
Epoch 0:  79%|███████▊  | 1519/1935 [00:02<00:00, 738.85it/s]
Epoch 0:  79%|███████▊  | 1520/1935 [00:02<00:00, 738.92it/s]
Epoch 0:  79%|███████▊  | 1520/1935 [00:02<00:00, 738.86it/s]
Epoch 0:  79%|███████▊  | 1521/1935 [00:02<00:00, 738.91it/s]
Epoch 0:  79%|███████▊  | 1521/1935 [00:02<00:00, 738.85it/s]
Epoch 0:  79%|███████▊  | 1522/1935 [00:02<00:00, 738.90it/s]
Epoch 0:  79%|███████▊  | 1522/1935 [00:02<00:00, 738.84it/s]
Epoch 0:  79%|███████▊  | 1523/1935 [00:02<00:00, 738.90it/s]
Epoch 0:  79%|███████▊  | 1523/1935 [00:02<00:00, 738.84it/s]
Epoch 0:  79%|███████▉  | 1524/1935 [00:02<00:00, 738.91it/s]
Epoch 0:  79%|███████▉  | 1524/1935 [00:02<00:00, 738.84it/s]
Epoch 0:  79%|███████▉  | 1525/1935 [00:02<00:00, 738.90it/s]
Epoch 0:  79%|███████▉  | 1525/1935 [00:02<00:00, 738.84it/s]
Epoch 0:  79%|███████▉  | 1526/1935 [00:02<00:00, 738.90it/s]
Epoch 0:  79%|███████▉  | 1526/1935 [00:02<00:00, 738.84it/s]
Epoch 0:  79%|███████▉  | 1527/1935 [00:02<00:00, 738.90it/s]
Epoch 0:  79%|███████▉  | 1527/1935 [00:02<00:00, 738.84it/s]
Epoch 0:  79%|███████▉  | 1528/1935 [00:02<00:00, 738.90it/s]
Epoch 0:  79%|███████▉  | 1528/1935 [00:02<00:00, 738.85it/s]
Epoch 0:  79%|███████▉  | 1529/1935 [00:02<00:00, 738.90it/s]
Epoch 0:  79%|███████▉  | 1529/1935 [00:02<00:00, 738.84it/s]
Epoch 0:  79%|███████▉  | 1530/1935 [00:02<00:00, 738.88it/s]
Epoch 0:  79%|███████▉  | 1530/1935 [00:02<00:00, 738.82it/s]
Epoch 0:  79%|███████▉  | 1531/1935 [00:02<00:00, 738.88it/s]
Epoch 0:  79%|███████▉  | 1531/1935 [00:02<00:00, 738.81it/s]
Epoch 0:  79%|███████▉  | 1532/1935 [00:02<00:00, 738.88it/s]
Epoch 0:  79%|███████▉  | 1532/1935 [00:02<00:00, 738.82it/s]
Epoch 0:  79%|███████▉  | 1533/1935 [00:02<00:00, 738.87it/s]
Epoch 0:  79%|███████▉  | 1533/1935 [00:02<00:00, 738.81it/s]
Epoch 0:  79%|███████▉  | 1534/1935 [00:02<00:00, 738.87it/s]
Epoch 0:  79%|███████▉  | 1534/1935 [00:02<00:00, 738.81it/s]
Epoch 0:  79%|███████▉  | 1535/1935 [00:02<00:00, 738.86it/s]
Epoch 0:  79%|███████▉  | 1535/1935 [00:02<00:00, 738.80it/s]
Epoch 0:  79%|███████▉  | 1536/1935 [00:02<00:00, 738.87it/s]
Epoch 0:  79%|███████▉  | 1536/1935 [00:02<00:00, 738.82it/s]
Epoch 0:  79%|███████▉  | 1537/1935 [00:02<00:00, 738.87it/s]
Epoch 0:  79%|███████▉  | 1537/1935 [00:02<00:00, 738.81it/s]
Epoch 0:  79%|███████▉  | 1538/1935 [00:02<00:00, 738.87it/s]
Epoch 0:  79%|███████▉  | 1538/1935 [00:02<00:00, 738.80it/s]
Epoch 0:  80%|███████▉  | 1539/1935 [00:02<00:00, 738.87it/s]
Epoch 0:  80%|███████▉  | 1539/1935 [00:02<00:00, 738.81it/s]
Epoch 0:  80%|███████▉  | 1540/1935 [00:02<00:00, 738.87it/s]
Epoch 0:  80%|███████▉  | 1540/1935 [00:02<00:00, 738.81it/s]
Epoch 0:  80%|███████▉  | 1541/1935 [00:02<00:00, 738.87it/s]
Epoch 0:  80%|███████▉  | 1541/1935 [00:02<00:00, 738.81it/s]
Epoch 0:  80%|███████▉  | 1542/1935 [00:02<00:00, 738.87it/s]
Epoch 0:  80%|███████▉  | 1542/1935 [00:02<00:00, 738.81it/s]
Epoch 0:  80%|███████▉  | 1543/1935 [00:02<00:00, 738.86it/s]
Epoch 0:  80%|███████▉  | 1543/1935 [00:02<00:00, 738.81it/s]
Epoch 0:  80%|███████▉  | 1544/1935 [00:02<00:00, 738.87it/s]
Epoch 0:  80%|███████▉  | 1544/1935 [00:02<00:00, 738.81it/s]
Epoch 0:  80%|███████▉  | 1545/1935 [00:02<00:00, 738.87it/s]
Epoch 0:  80%|███████▉  | 1545/1935 [00:02<00:00, 738.79it/s]
Epoch 0:  80%|███████▉  | 1546/1935 [00:02<00:00, 738.84it/s]
Epoch 0:  80%|███████▉  | 1546/1935 [00:02<00:00, 738.78it/s]
Epoch 0:  80%|███████▉  | 1547/1935 [00:02<00:00, 738.80it/s]
Epoch 0:  80%|███████▉  | 1547/1935 [00:02<00:00, 738.74it/s]
Epoch 0:  80%|████████  | 1548/1935 [00:02<00:00, 738.80it/s]
Epoch 0:  80%|████████  | 1548/1935 [00:02<00:00, 738.74it/s]
Epoch 0:  80%|████████  | 1549/1935 [00:02<00:00, 738.79it/s]
Epoch 0:  80%|████████  | 1549/1935 [00:02<00:00, 738.73it/s]
Epoch 0:  80%|████████  | 1550/1935 [00:02<00:00, 738.80it/s]
Epoch 0:  80%|████████  | 1550/1935 [00:02<00:00, 738.74it/s]
Epoch 0:  80%|████████  | 1551/1935 [00:02<00:00, 738.80it/s]
Epoch 0:  80%|████████  | 1551/1935 [00:02<00:00, 738.74it/s]
Epoch 0:  80%|████████  | 1552/1935 [00:02<00:00, 738.80it/s]
Epoch 0:  80%|████████  | 1552/1935 [00:02<00:00, 738.75it/s]
Epoch 0:  80%|████████  | 1553/1935 [00:02<00:00, 738.79it/s]
Epoch 0:  80%|████████  | 1553/1935 [00:02<00:00, 738.72it/s]
Epoch 0:  80%|████████  | 1554/1935 [00:02<00:00, 738.77it/s]
Epoch 0:  80%|████████  | 1554/1935 [00:02<00:00, 738.71it/s]
Epoch 0:  80%|████████  | 1555/1935 [00:02<00:00, 738.78it/s]
Epoch 0:  80%|████████  | 1555/1935 [00:02<00:00, 738.72it/s]
Epoch 0:  80%|████████  | 1556/1935 [00:02<00:00, 738.77it/s]
Epoch 0:  80%|████████  | 1556/1935 [00:02<00:00, 738.72it/s]
Epoch 0:  80%|████████  | 1557/1935 [00:02<00:00, 738.76it/s]
Epoch 0:  80%|████████  | 1557/1935 [00:02<00:00, 738.70it/s]
Epoch 0:  81%|████████  | 1558/1935 [00:02<00:00, 738.76it/s]
Epoch 0:  81%|████████  | 1558/1935 [00:02<00:00, 738.69it/s]
Epoch 0:  81%|████████  | 1559/1935 [00:02<00:00, 738.75it/s]
Epoch 0:  81%|████████  | 1559/1935 [00:02<00:00, 738.69it/s]
Epoch 0:  81%|████████  | 1560/1935 [00:02<00:00, 738.76it/s]
Epoch 0:  81%|████████  | 1560/1935 [00:02<00:00, 738.71it/s]
Epoch 0:  81%|████████  | 1561/1935 [00:02<00:00, 738.76it/s]
Epoch 0:  81%|████████  | 1561/1935 [00:02<00:00, 738.70it/s]
Epoch 0:  81%|████████  | 1562/1935 [00:02<00:00, 738.75it/s]
Epoch 0:  81%|████████  | 1562/1935 [00:02<00:00, 738.69it/s]
Epoch 0:  81%|████████  | 1563/1935 [00:02<00:00, 738.76it/s]
Epoch 0:  81%|████████  | 1563/1935 [00:02<00:00, 738.70it/s]
Epoch 0:  81%|████████  | 1564/1935 [00:02<00:00, 738.76it/s]
Epoch 0:  81%|████████  | 1564/1935 [00:02<00:00, 738.70it/s]
Epoch 0:  81%|████████  | 1565/1935 [00:02<00:00, 738.75it/s]
Epoch 0:  81%|████████  | 1565/1935 [00:02<00:00, 738.69it/s]
Epoch 0:  81%|████████  | 1566/1935 [00:02<00:00, 738.76it/s]
Epoch 0:  81%|████████  | 1566/1935 [00:02<00:00, 738.70it/s]
Epoch 0:  81%|████████  | 1567/1935 [00:02<00:00, 738.74it/s]
Epoch 0:  81%|████████  | 1567/1935 [00:02<00:00, 738.68it/s]
Epoch 0:  81%|████████  | 1568/1935 [00:02<00:00, 738.75it/s]
Epoch 0:  81%|████████  | 1568/1935 [00:02<00:00, 738.70it/s]
Epoch 0:  81%|████████  | 1569/1935 [00:02<00:00, 738.74it/s]
Epoch 0:  81%|████████  | 1569/1935 [00:02<00:00, 738.68it/s]
Epoch 0:  81%|████████  | 1570/1935 [00:02<00:00, 738.72it/s]
Epoch 0:  81%|████████  | 1570/1935 [00:02<00:00, 738.66it/s]
Epoch 0:  81%|████████  | 1571/1935 [00:02<00:00, 738.73it/s]
Epoch 0:  81%|████████  | 1571/1935 [00:02<00:00, 738.67it/s]
Epoch 0:  81%|████████  | 1572/1935 [00:02<00:00, 738.74it/s]
Epoch 0:  81%|████████  | 1572/1935 [00:02<00:00, 738.68it/s]
Epoch 0:  81%|████████▏ | 1573/1935 [00:02<00:00, 738.71it/s]
Epoch 0:  81%|████████▏ | 1573/1935 [00:02<00:00, 738.66it/s]
Epoch 0:  81%|████████▏ | 1574/1935 [00:02<00:00, 738.73it/s]
Epoch 0:  81%|████████▏ | 1574/1935 [00:02<00:00, 738.67it/s]
Epoch 0:  81%|████████▏ | 1575/1935 [00:02<00:00, 738.73it/s]
Epoch 0:  81%|████████▏ | 1575/1935 [00:02<00:00, 738.67it/s]
Epoch 0:  81%|████████▏ | 1576/1935 [00:02<00:00, 738.73it/s]
Epoch 0:  81%|████████▏ | 1576/1935 [00:02<00:00, 738.68it/s]
Epoch 0:  81%|████████▏ | 1577/1935 [00:02<00:00, 738.73it/s]
Epoch 0:  81%|████████▏ | 1577/1935 [00:02<00:00, 738.67it/s]
Epoch 0:  82%|████████▏ | 1578/1935 [00:02<00:00, 738.72it/s]
Epoch 0:  82%|████████▏ | 1578/1935 [00:02<00:00, 738.66it/s]
Epoch 0:  82%|████████▏ | 1579/1935 [00:02<00:00, 738.72it/s]
Epoch 0:  82%|████████▏ | 1579/1935 [00:02<00:00, 738.67it/s]
Epoch 0:  82%|████████▏ | 1580/1935 [00:02<00:00, 738.73it/s]
Epoch 0:  82%|████████▏ | 1580/1935 [00:02<00:00, 738.68it/s]
Epoch 0:  82%|████████▏ | 1581/1935 [00:02<00:00, 738.73it/s]
Epoch 0:  82%|████████▏ | 1581/1935 [00:02<00:00, 738.67it/s]
Epoch 0:  82%|████████▏ | 1582/1935 [00:02<00:00, 738.73it/s]
Epoch 0:  82%|████████▏ | 1582/1935 [00:02<00:00, 738.67it/s]
Epoch 0:  82%|████████▏ | 1583/1935 [00:02<00:00, 738.73it/s]
Epoch 0:  82%|████████▏ | 1583/1935 [00:02<00:00, 738.67it/s]
Epoch 0:  82%|████████▏ | 1584/1935 [00:02<00:00, 738.73it/s]
Epoch 0:  82%|████████▏ | 1584/1935 [00:02<00:00, 738.68it/s]
Epoch 0:  82%|████████▏ | 1585/1935 [00:02<00:00, 738.72it/s]
Epoch 0:  82%|████████▏ | 1585/1935 [00:02<00:00, 738.66it/s]
Epoch 0:  82%|████████▏ | 1586/1935 [00:02<00:00, 738.72it/s]
Epoch 0:  82%|████████▏ | 1586/1935 [00:02<00:00, 738.66it/s]
Epoch 0:  82%|████████▏ | 1587/1935 [00:02<00:00, 738.72it/s]
Epoch 0:  82%|████████▏ | 1587/1935 [00:02<00:00, 738.66it/s]
Epoch 0:  82%|████████▏ | 1588/1935 [00:02<00:00, 738.72it/s]
Epoch 0:  82%|████████▏ | 1588/1935 [00:02<00:00, 738.67it/s]
Epoch 0:  82%|████████▏ | 1589/1935 [00:02<00:00, 738.72it/s]
Epoch 0:  82%|████████▏ | 1589/1935 [00:02<00:00, 738.66it/s]
Epoch 0:  82%|████████▏ | 1590/1935 [00:02<00:00, 738.72it/s]
Epoch 0:  82%|████████▏ | 1590/1935 [00:02<00:00, 738.66it/s]
Epoch 0:  82%|████████▏ | 1591/1935 [00:02<00:00, 738.71it/s]
Epoch 0:  82%|████████▏ | 1591/1935 [00:02<00:00, 738.66it/s]
Epoch 0:  82%|████████▏ | 1592/1935 [00:02<00:00, 738.71it/s]
Epoch 0:  82%|████████▏ | 1592/1935 [00:02<00:00, 738.66it/s]
Epoch 0:  82%|████████▏ | 1593/1935 [00:02<00:00, 738.71it/s]
Epoch 0:  82%|████████▏ | 1593/1935 [00:02<00:00, 738.65it/s]
Epoch 0:  82%|████████▏ | 1594/1935 [00:02<00:00, 738.70it/s]
Epoch 0:  82%|████████▏ | 1594/1935 [00:02<00:00, 738.64it/s]
Epoch 0:  82%|████████▏ | 1595/1935 [00:02<00:00, 738.70it/s]
Epoch 0:  82%|████████▏ | 1595/1935 [00:02<00:00, 738.65it/s]
Epoch 0:  82%|████████▏ | 1596/1935 [00:02<00:00, 738.71it/s]
Epoch 0:  82%|████████▏ | 1596/1935 [00:02<00:00, 738.66it/s]
Epoch 0:  83%|████████▎ | 1597/1935 [00:02<00:00, 738.72it/s]
Epoch 0:  83%|████████▎ | 1597/1935 [00:02<00:00, 738.66it/s]
Epoch 0:  83%|████████▎ | 1598/1935 [00:02<00:00, 738.72it/s]
Epoch 0:  83%|████████▎ | 1598/1935 [00:02<00:00, 738.66it/s]
Epoch 0:  83%|████████▎ | 1599/1935 [00:02<00:00, 738.70it/s]
Epoch 0:  83%|████████▎ | 1599/1935 [00:02<00:00, 738.65it/s]
Epoch 0:  83%|████████▎ | 1600/1935 [00:02<00:00, 738.71it/s]
Epoch 0:  83%|████████▎ | 1600/1935 [00:02<00:00, 738.66it/s]
Epoch 0:  83%|████████▎ | 1601/1935 [00:02<00:00, 738.71it/s]
Epoch 0:  83%|████████▎ | 1601/1935 [00:02<00:00, 738.65it/s]
Epoch 0:  83%|████████▎ | 1602/1935 [00:02<00:00, 738.71it/s]
Epoch 0:  83%|████████▎ | 1602/1935 [00:02<00:00, 738.65it/s]
Epoch 0:  83%|████████▎ | 1603/1935 [00:02<00:00, 738.72it/s]
Epoch 0:  83%|████████▎ | 1603/1935 [00:02<00:00, 738.66it/s]
Epoch 0:  83%|████████▎ | 1604/1935 [00:02<00:00, 738.72it/s]
Epoch 0:  83%|████████▎ | 1604/1935 [00:02<00:00, 738.67it/s]
Epoch 0:  83%|████████▎ | 1605/1935 [00:02<00:00, 738.72it/s]
Epoch 0:  83%|████████▎ | 1605/1935 [00:02<00:00, 738.66it/s]
Epoch 0:  83%|████████▎ | 1606/1935 [00:02<00:00, 738.72it/s]
Epoch 0:  83%|████████▎ | 1606/1935 [00:02<00:00, 738.66it/s]
Epoch 0:  83%|████████▎ | 1607/1935 [00:02<00:00, 738.70it/s]
Epoch 0:  83%|████████▎ | 1607/1935 [00:02<00:00, 738.65it/s]
Epoch 0:  83%|████████▎ | 1608/1935 [00:02<00:00, 738.72it/s]
Epoch 0:  83%|████████▎ | 1608/1935 [00:02<00:00, 738.67it/s]
Epoch 0:  83%|████████▎ | 1609/1935 [00:02<00:00, 738.67it/s]
Epoch 0:  83%|████████▎ | 1609/1935 [00:02<00:00, 738.62it/s]
Epoch 0:  83%|████████▎ | 1610/1935 [00:02<00:00, 738.66it/s]
Epoch 0:  83%|████████▎ | 1610/1935 [00:02<00:00, 738.60it/s]
Epoch 0:  83%|████████▎ | 1611/1935 [00:02<00:00, 738.66it/s]
Epoch 0:  83%|████████▎ | 1611/1935 [00:02<00:00, 738.60it/s]
Epoch 0:  83%|████████▎ | 1612/1935 [00:02<00:00, 738.66it/s]
Epoch 0:  83%|████████▎ | 1612/1935 [00:02<00:00, 738.61it/s]
Epoch 0:  83%|████████▎ | 1613/1935 [00:02<00:00, 738.67it/s]
Epoch 0:  83%|████████▎ | 1613/1935 [00:02<00:00, 738.61it/s]
Epoch 0:  83%|████████▎ | 1614/1935 [00:02<00:00, 738.66it/s]
Epoch 0:  83%|████████▎ | 1614/1935 [00:02<00:00, 738.60it/s]
Epoch 0:  83%|████████▎ | 1615/1935 [00:02<00:00, 738.65it/s]
Epoch 0:  83%|████████▎ | 1615/1935 [00:02<00:00, 738.60it/s]
Epoch 0:  84%|████████▎ | 1616/1935 [00:02<00:00, 738.67it/s]
Epoch 0:  84%|████████▎ | 1616/1935 [00:02<00:00, 738.62it/s]
Epoch 0:  84%|████████▎ | 1617/1935 [00:02<00:00, 738.67it/s]
Epoch 0:  84%|████████▎ | 1617/1935 [00:02<00:00, 738.61it/s]
Epoch 0:  84%|████████▎ | 1618/1935 [00:02<00:00, 738.66it/s]
Epoch 0:  84%|████████▎ | 1618/1935 [00:02<00:00, 738.60it/s]
Epoch 0:  84%|████████▎ | 1619/1935 [00:02<00:00, 738.64it/s]
Epoch 0:  84%|████████▎ | 1619/1935 [00:02<00:00, 738.59it/s]
Epoch 0:  84%|████████▎ | 1620/1935 [00:02<00:00, 738.64it/s]
Epoch 0:  84%|████████▎ | 1620/1935 [00:02<00:00, 738.59it/s]
Epoch 0:  84%|████████▍ | 1621/1935 [00:02<00:00, 738.64it/s]
Epoch 0:  84%|████████▍ | 1621/1935 [00:02<00:00, 738.59it/s]
Epoch 0:  84%|████████▍ | 1622/1935 [00:02<00:00, 738.65it/s]
Epoch 0:  84%|████████▍ | 1622/1935 [00:02<00:00, 738.59it/s]
Epoch 0:  84%|████████▍ | 1623/1935 [00:02<00:00, 738.64it/s]
Epoch 0:  84%|████████▍ | 1623/1935 [00:02<00:00, 738.58it/s]
Epoch 0:  84%|████████▍ | 1624/1935 [00:02<00:00, 738.64it/s]
Epoch 0:  84%|████████▍ | 1624/1935 [00:02<00:00, 738.59it/s]
Epoch 0:  84%|████████▍ | 1625/1935 [00:02<00:00, 738.64it/s]
Epoch 0:  84%|████████▍ | 1625/1935 [00:02<00:00, 738.58it/s]
Epoch 0:  84%|████████▍ | 1626/1935 [00:02<00:00, 738.63it/s]
Epoch 0:  84%|████████▍ | 1626/1935 [00:02<00:00, 738.57it/s]
Epoch 0:  84%|████████▍ | 1627/1935 [00:02<00:00, 738.63it/s]
Epoch 0:  84%|████████▍ | 1627/1935 [00:02<00:00, 738.57it/s]
Epoch 0:  84%|████████▍ | 1628/1935 [00:02<00:00, 738.63it/s]
Epoch 0:  84%|████████▍ | 1628/1935 [00:02<00:00, 738.58it/s]
Epoch 0:  84%|████████▍ | 1629/1935 [00:02<00:00, 738.64it/s]
Epoch 0:  84%|████████▍ | 1629/1935 [00:02<00:00, 738.58it/s]
Epoch 0:  84%|████████▍ | 1630/1935 [00:02<00:00, 738.64it/s]
Epoch 0:  84%|████████▍ | 1630/1935 [00:02<00:00, 738.58it/s]
Epoch 0:  84%|████████▍ | 1631/1935 [00:02<00:00, 738.63it/s]
Epoch 0:  84%|████████▍ | 1631/1935 [00:02<00:00, 738.57it/s]
Epoch 0:  84%|████████▍ | 1632/1935 [00:02<00:00, 738.63it/s]
Epoch 0:  84%|████████▍ | 1632/1935 [00:02<00:00, 738.59it/s]
Epoch 0:  84%|████████▍ | 1633/1935 [00:02<00:00, 738.63it/s]
Epoch 0:  84%|████████▍ | 1633/1935 [00:02<00:00, 738.58it/s]
Epoch 0:  84%|████████▍ | 1634/1935 [00:02<00:00, 738.62it/s]
Epoch 0:  84%|████████▍ | 1634/1935 [00:02<00:00, 738.56it/s]
Epoch 0:  84%|████████▍ | 1635/1935 [00:02<00:00, 738.59it/s]
Epoch 0:  84%|████████▍ | 1635/1935 [00:02<00:00, 738.54it/s]
Epoch 0:  85%|████████▍ | 1636/1935 [00:02<00:00, 738.60it/s]
Epoch 0:  85%|████████▍ | 1636/1935 [00:02<00:00, 738.54it/s]
Epoch 0:  85%|████████▍ | 1637/1935 [00:02<00:00, 738.59it/s]
Epoch 0:  85%|████████▍ | 1637/1935 [00:02<00:00, 738.53it/s]
Epoch 0:  85%|████████▍ | 1638/1935 [00:02<00:00, 738.59it/s]
Epoch 0:  85%|████████▍ | 1638/1935 [00:02<00:00, 738.53it/s]
Epoch 0:  85%|████████▍ | 1639/1935 [00:02<00:00, 738.58it/s]
Epoch 0:  85%|████████▍ | 1639/1935 [00:02<00:00, 738.53it/s]
Epoch 0:  85%|████████▍ | 1640/1935 [00:02<00:00, 738.59it/s]
Epoch 0:  85%|████████▍ | 1640/1935 [00:02<00:00, 738.54it/s]
Epoch 0:  85%|████████▍ | 1641/1935 [00:02<00:00, 738.59it/s]
Epoch 0:  85%|████████▍ | 1641/1935 [00:02<00:00, 738.53it/s]
Epoch 0:  85%|████████▍ | 1642/1935 [00:02<00:00, 738.59it/s]
Epoch 0:  85%|████████▍ | 1642/1935 [00:02<00:00, 738.53it/s]
Epoch 0:  85%|████████▍ | 1643/1935 [00:02<00:00, 738.58it/s]
Epoch 0:  85%|████████▍ | 1643/1935 [00:02<00:00, 738.52it/s]
Epoch 0:  85%|████████▍ | 1644/1935 [00:02<00:00, 738.57it/s]
Epoch 0:  85%|████████▍ | 1644/1935 [00:02<00:00, 738.52it/s]
Epoch 0:  85%|████████▌ | 1645/1935 [00:02<00:00, 738.57it/s]
Epoch 0:  85%|████████▌ | 1645/1935 [00:02<00:00, 738.51it/s]
Epoch 0:  85%|████████▌ | 1646/1935 [00:02<00:00, 738.55it/s]
Epoch 0:  85%|████████▌ | 1646/1935 [00:02<00:00, 738.50it/s]
Epoch 0:  85%|████████▌ | 1647/1935 [00:02<00:00, 738.55it/s]
Epoch 0:  85%|████████▌ | 1647/1935 [00:02<00:00, 738.50it/s]
Epoch 0:  85%|████████▌ | 1648/1935 [00:02<00:00, 738.56it/s]
Epoch 0:  85%|████████▌ | 1648/1935 [00:02<00:00, 738.51it/s]
Epoch 0:  85%|████████▌ | 1649/1935 [00:02<00:00, 738.56it/s]
Epoch 0:  85%|████████▌ | 1649/1935 [00:02<00:00, 738.51it/s]
Epoch 0:  85%|████████▌ | 1650/1935 [00:02<00:00, 738.56it/s]
Epoch 0:  85%|████████▌ | 1650/1935 [00:02<00:00, 738.50it/s]
Epoch 0:  85%|████████▌ | 1651/1935 [00:02<00:00, 738.54it/s]
Epoch 0:  85%|████████▌ | 1651/1935 [00:02<00:00, 738.49it/s]
Epoch 0:  85%|████████▌ | 1652/1935 [00:02<00:00, 738.53it/s]
Epoch 0:  85%|████████▌ | 1652/1935 [00:02<00:00, 738.48it/s]
Epoch 0:  85%|████████▌ | 1653/1935 [00:02<00:00, 738.53it/s]
Epoch 0:  85%|████████▌ | 1653/1935 [00:02<00:00, 738.47it/s]
Epoch 0:  85%|████████▌ | 1654/1935 [00:02<00:00, 738.53it/s]
Epoch 0:  85%|████████▌ | 1654/1935 [00:02<00:00, 738.48it/s]
Epoch 0:  86%|████████▌ | 1655/1935 [00:02<00:00, 738.53it/s]
Epoch 0:  86%|████████▌ | 1655/1935 [00:02<00:00, 738.47it/s]
Epoch 0:  86%|████████▌ | 1656/1935 [00:02<00:00, 738.52it/s]
Epoch 0:  86%|████████▌ | 1656/1935 [00:02<00:00, 738.48it/s]
Epoch 0:  86%|████████▌ | 1657/1935 [00:02<00:00, 738.51it/s]
Epoch 0:  86%|████████▌ | 1657/1935 [00:02<00:00, 738.46it/s]
Epoch 0:  86%|████████▌ | 1658/1935 [00:02<00:00, 738.51it/s]
Epoch 0:  86%|████████▌ | 1658/1935 [00:02<00:00, 738.44it/s]
Epoch 0:  86%|████████▌ | 1659/1935 [00:02<00:00, 738.50it/s]
Epoch 0:  86%|████████▌ | 1659/1935 [00:02<00:00, 738.44it/s]
Epoch 0:  86%|████████▌ | 1660/1935 [00:02<00:00, 738.49it/s]
Epoch 0:  86%|████████▌ | 1660/1935 [00:02<00:00, 738.45it/s]
Epoch 0:  86%|████████▌ | 1661/1935 [00:02<00:00, 738.48it/s]
Epoch 0:  86%|████████▌ | 1661/1935 [00:02<00:00, 738.43it/s]
Epoch 0:  86%|████████▌ | 1662/1935 [00:02<00:00, 738.49it/s]
Epoch 0:  86%|████████▌ | 1662/1935 [00:02<00:00, 738.43it/s]
Epoch 0:  86%|████████▌ | 1663/1935 [00:02<00:00, 738.48it/s]
Epoch 0:  86%|████████▌ | 1663/1935 [00:02<00:00, 738.43it/s]
Epoch 0:  86%|████████▌ | 1664/1935 [00:02<00:00, 738.48it/s]
Epoch 0:  86%|████████▌ | 1664/1935 [00:02<00:00, 738.43it/s]
Epoch 0:  86%|████████▌ | 1665/1935 [00:02<00:00, 738.47it/s]
Epoch 0:  86%|████████▌ | 1665/1935 [00:02<00:00, 738.41it/s]
Epoch 0:  86%|████████▌ | 1666/1935 [00:02<00:00, 738.46it/s]
Epoch 0:  86%|████████▌ | 1666/1935 [00:02<00:00, 738.40it/s]
Epoch 0:  86%|████████▌ | 1667/1935 [00:02<00:00, 738.45it/s]
Epoch 0:  86%|████████▌ | 1667/1935 [00:02<00:00, 738.40it/s]
Epoch 0:  86%|████████▌ | 1668/1935 [00:02<00:00, 738.45it/s]
Epoch 0:  86%|████████▌ | 1668/1935 [00:02<00:00, 738.40it/s]
Epoch 0:  86%|████████▋ | 1669/1935 [00:02<00:00, 738.45it/s]
Epoch 0:  86%|████████▋ | 1669/1935 [00:02<00:00, 738.39it/s]
Epoch 0:  86%|████████▋ | 1670/1935 [00:02<00:00, 738.45it/s]
Epoch 0:  86%|████████▋ | 1670/1935 [00:02<00:00, 738.39it/s]
Epoch 0:  86%|████████▋ | 1671/1935 [00:02<00:00, 738.40it/s]
Epoch 0:  86%|████████▋ | 1671/1935 [00:02<00:00, 738.34it/s]
Epoch 0:  86%|████████▋ | 1672/1935 [00:02<00:00, 738.41it/s]
Epoch 0:  86%|████████▋ | 1672/1935 [00:02<00:00, 738.36it/s]
Epoch 0:  86%|████████▋ | 1673/1935 [00:02<00:00, 738.40it/s]
Epoch 0:  86%|████████▋ | 1673/1935 [00:02<00:00, 738.34it/s]
Epoch 0:  87%|████████▋ | 1674/1935 [00:02<00:00, 738.40it/s]
Epoch 0:  87%|████████▋ | 1674/1935 [00:02<00:00, 738.34it/s]
Epoch 0:  87%|████████▋ | 1675/1935 [00:02<00:00, 738.39it/s]
Epoch 0:  87%|████████▋ | 1675/1935 [00:02<00:00, 738.33it/s]
Epoch 0:  87%|████████▋ | 1676/1935 [00:02<00:00, 738.38it/s]
Epoch 0:  87%|████████▋ | 1676/1935 [00:02<00:00, 738.33it/s]
Epoch 0:  87%|████████▋ | 1677/1935 [00:02<00:00, 738.38it/s]
Epoch 0:  87%|████████▋ | 1677/1935 [00:02<00:00, 738.32it/s]
Epoch 0:  87%|████████▋ | 1678/1935 [00:02<00:00, 738.38it/s]
Epoch 0:  87%|████████▋ | 1678/1935 [00:02<00:00, 738.33it/s]
Epoch 0:  87%|████████▋ | 1679/1935 [00:02<00:00, 738.38it/s]
Epoch 0:  87%|████████▋ | 1679/1935 [00:02<00:00, 738.33it/s]
Epoch 0:  87%|████████▋ | 1680/1935 [00:02<00:00, 738.39it/s]
Epoch 0:  87%|████████▋ | 1680/1935 [00:02<00:00, 738.34it/s]
Epoch 0:  87%|████████▋ | 1681/1935 [00:02<00:00, 738.39it/s]
Epoch 0:  87%|████████▋ | 1681/1935 [00:02<00:00, 738.34it/s]
Epoch 0:  87%|████████▋ | 1682/1935 [00:02<00:00, 738.39it/s]
Epoch 0:  87%|████████▋ | 1682/1935 [00:02<00:00, 738.33it/s]
Epoch 0:  87%|████████▋ | 1683/1935 [00:02<00:00, 738.38it/s]
Epoch 0:  87%|████████▋ | 1683/1935 [00:02<00:00, 738.33it/s]
Epoch 0:  87%|████████▋ | 1684/1935 [00:02<00:00, 738.38it/s]
Epoch 0:  87%|████████▋ | 1684/1935 [00:02<00:00, 738.33it/s]
Epoch 0:  87%|████████▋ | 1685/1935 [00:02<00:00, 738.38it/s]
Epoch 0:  87%|████████▋ | 1685/1935 [00:02<00:00, 738.32it/s]
Epoch 0:  87%|████████▋ | 1686/1935 [00:02<00:00, 738.37it/s]
Epoch 0:  87%|████████▋ | 1686/1935 [00:02<00:00, 738.32it/s]
Epoch 0:  87%|████████▋ | 1687/1935 [00:02<00:00, 738.37it/s]
Epoch 0:  87%|████████▋ | 1687/1935 [00:02<00:00, 738.32it/s]
Epoch 0:  87%|████████▋ | 1688/1935 [00:02<00:00, 738.38it/s]
Epoch 0:  87%|████████▋ | 1688/1935 [00:02<00:00, 738.31it/s]
Epoch 0:  87%|████████▋ | 1689/1935 [00:02<00:00, 738.36it/s]
Epoch 0:  87%|████████▋ | 1689/1935 [00:02<00:00, 738.31it/s]
Epoch 0:  87%|████████▋ | 1690/1935 [00:02<00:00, 738.35it/s]
Epoch 0:  87%|████████▋ | 1690/1935 [00:02<00:00, 738.30it/s]
Epoch 0:  87%|████████▋ | 1691/1935 [00:02<00:00, 738.34it/s]
Epoch 0:  87%|████████▋ | 1691/1935 [00:02<00:00, 738.28it/s]
Epoch 0:  87%|████████▋ | 1692/1935 [00:02<00:00, 738.33it/s]
Epoch 0:  87%|████████▋ | 1692/1935 [00:02<00:00, 738.28it/s]
Epoch 0:  87%|████████▋ | 1693/1935 [00:02<00:00, 738.33it/s]
Epoch 0:  87%|████████▋ | 1693/1935 [00:02<00:00, 738.28it/s]
Epoch 0:  88%|████████▊ | 1694/1935 [00:02<00:00, 738.33it/s]
Epoch 0:  88%|████████▊ | 1694/1935 [00:02<00:00, 738.27it/s]
Epoch 0:  88%|████████▊ | 1695/1935 [00:02<00:00, 738.32it/s]
Epoch 0:  88%|████████▊ | 1695/1935 [00:02<00:00, 738.27it/s]
Epoch 0:  88%|████████▊ | 1696/1935 [00:02<00:00, 738.33it/s]
Epoch 0:  88%|████████▊ | 1696/1935 [00:02<00:00, 738.28it/s]
Epoch 0:  88%|████████▊ | 1697/1935 [00:02<00:00, 738.31it/s]
Epoch 0:  88%|████████▊ | 1697/1935 [00:02<00:00, 738.26it/s]
Epoch 0:  88%|████████▊ | 1698/1935 [00:02<00:00, 738.30it/s]
Epoch 0:  88%|████████▊ | 1698/1935 [00:02<00:00, 738.25it/s]
Epoch 0:  88%|████████▊ | 1699/1935 [00:02<00:00, 738.30it/s]
Epoch 0:  88%|████████▊ | 1699/1935 [00:02<00:00, 738.24it/s]
Epoch 0:  88%|████████▊ | 1700/1935 [00:02<00:00, 738.29it/s]
Epoch 0:  88%|████████▊ | 1700/1935 [00:02<00:00, 738.24it/s]
Epoch 0:  88%|████████▊ | 1701/1935 [00:02<00:00, 738.29it/s]
Epoch 0:  88%|████████▊ | 1701/1935 [00:02<00:00, 738.23it/s]
Epoch 0:  88%|████████▊ | 1702/1935 [00:02<00:00, 738.29it/s]
Epoch 0:  88%|████████▊ | 1702/1935 [00:02<00:00, 738.23it/s]
Epoch 0:  88%|████████▊ | 1703/1935 [00:02<00:00, 738.28it/s]
Epoch 0:  88%|████████▊ | 1703/1935 [00:02<00:00, 738.22it/s]
Epoch 0:  88%|████████▊ | 1704/1935 [00:02<00:00, 738.29it/s]
Epoch 0:  88%|████████▊ | 1704/1935 [00:02<00:00, 738.24it/s]
Epoch 0:  88%|████████▊ | 1705/1935 [00:02<00:00, 738.27it/s]
Epoch 0:  88%|████████▊ | 1705/1935 [00:02<00:00, 738.22it/s]
Epoch 0:  88%|████████▊ | 1706/1935 [00:02<00:00, 738.27it/s]
Epoch 0:  88%|████████▊ | 1706/1935 [00:02<00:00, 738.22it/s]
Epoch 0:  88%|████████▊ | 1707/1935 [00:02<00:00, 738.26it/s]
Epoch 0:  88%|████████▊ | 1707/1935 [00:02<00:00, 738.21it/s]
Epoch 0:  88%|████████▊ | 1708/1935 [00:02<00:00, 738.26it/s]
Epoch 0:  88%|████████▊ | 1708/1935 [00:02<00:00, 738.21it/s]
Epoch 0:  88%|████████▊ | 1709/1935 [00:02<00:00, 738.26it/s]
Epoch 0:  88%|████████▊ | 1709/1935 [00:02<00:00, 738.21it/s]
Epoch 0:  88%|████████▊ | 1710/1935 [00:02<00:00, 738.26it/s]
Epoch 0:  88%|████████▊ | 1710/1935 [00:02<00:00, 738.21it/s]
Epoch 0:  88%|████████▊ | 1711/1935 [00:02<00:00, 738.26it/s]
Epoch 0:  88%|████████▊ | 1711/1935 [00:02<00:00, 738.20it/s]
Epoch 0:  88%|████████▊ | 1712/1935 [00:02<00:00, 738.26it/s]
Epoch 0:  88%|████████▊ | 1712/1935 [00:02<00:00, 738.21it/s]
Epoch 0:  89%|████████▊ | 1713/1935 [00:02<00:00, 738.24it/s]
Epoch 0:  89%|████████▊ | 1713/1935 [00:02<00:00, 738.19it/s]
Epoch 0:  89%|████████▊ | 1714/1935 [00:02<00:00, 738.24it/s]
Epoch 0:  89%|████████▊ | 1714/1935 [00:02<00:00, 738.18it/s]
Epoch 0:  89%|████████▊ | 1715/1935 [00:02<00:00, 738.23it/s]
Epoch 0:  89%|████████▊ | 1715/1935 [00:02<00:00, 738.18it/s]
Epoch 0:  89%|████████▊ | 1716/1935 [00:02<00:00, 738.24it/s]
Epoch 0:  89%|████████▊ | 1716/1935 [00:02<00:00, 738.18it/s]
Epoch 0:  89%|████████▊ | 1717/1935 [00:02<00:00, 738.24it/s]
Epoch 0:  89%|████████▊ | 1717/1935 [00:02<00:00, 738.19it/s]
Epoch 0:  89%|████████▉ | 1718/1935 [00:02<00:00, 738.25it/s]
Epoch 0:  89%|████████▉ | 1718/1935 [00:02<00:00, 738.19it/s]
Epoch 0:  89%|████████▉ | 1719/1935 [00:02<00:00, 738.25it/s]
Epoch 0:  89%|████████▉ | 1719/1935 [00:02<00:00, 738.19it/s]
Epoch 0:  89%|████████▉ | 1720/1935 [00:02<00:00, 738.26it/s]
Epoch 0:  89%|████████▉ | 1720/1935 [00:02<00:00, 738.21it/s]
Epoch 0:  89%|████████▉ | 1721/1935 [00:02<00:00, 738.26it/s]
Epoch 0:  89%|████████▉ | 1721/1935 [00:02<00:00, 738.21it/s]
Epoch 0:  89%|████████▉ | 1722/1935 [00:02<00:00, 738.25it/s]
Epoch 0:  89%|████████▉ | 1722/1935 [00:02<00:00, 738.20it/s]
Epoch 0:  89%|████████▉ | 1723/1935 [00:02<00:00, 738.24it/s]
Epoch 0:  89%|████████▉ | 1723/1935 [00:02<00:00, 738.19it/s]
Epoch 0:  89%|████████▉ | 1724/1935 [00:02<00:00, 738.24it/s]
Epoch 0:  89%|████████▉ | 1724/1935 [00:02<00:00, 738.19it/s]
Epoch 0:  89%|████████▉ | 1725/1935 [00:02<00:00, 738.25it/s]
Epoch 0:  89%|████████▉ | 1725/1935 [00:02<00:00, 738.19it/s]
Epoch 0:  89%|████████▉ | 1726/1935 [00:02<00:00, 738.24it/s]
Epoch 0:  89%|████████▉ | 1726/1935 [00:02<00:00, 738.19it/s]
Epoch 0:  89%|████████▉ | 1727/1935 [00:02<00:00, 738.22it/s]
Epoch 0:  89%|████████▉ | 1727/1935 [00:02<00:00, 738.18it/s]
Epoch 0:  89%|████████▉ | 1728/1935 [00:02<00:00, 738.23it/s]
Epoch 0:  89%|████████▉ | 1728/1935 [00:02<00:00, 738.18it/s]
Epoch 0:  89%|████████▉ | 1729/1935 [00:02<00:00, 738.22it/s]
Epoch 0:  89%|████████▉ | 1729/1935 [00:02<00:00, 738.16it/s]
Epoch 0:  89%|████████▉ | 1730/1935 [00:02<00:00, 738.22it/s]
Epoch 0:  89%|████████▉ | 1730/1935 [00:02<00:00, 738.16it/s]
Epoch 0:  89%|████████▉ | 1731/1935 [00:02<00:00, 738.21it/s]
Epoch 0:  89%|████████▉ | 1731/1935 [00:02<00:00, 738.15it/s]
Epoch 0:  90%|████████▉ | 1732/1935 [00:02<00:00, 738.21it/s]
Epoch 0:  90%|████████▉ | 1732/1935 [00:02<00:00, 738.15it/s]
Epoch 0:  90%|████████▉ | 1733/1935 [00:02<00:00, 738.17it/s]
Epoch 0:  90%|████████▉ | 1733/1935 [00:02<00:00, 738.12it/s]
Epoch 0:  90%|████████▉ | 1734/1935 [00:02<00:00, 738.18it/s]
Epoch 0:  90%|████████▉ | 1734/1935 [00:02<00:00, 738.12it/s]
Epoch 0:  90%|████████▉ | 1735/1935 [00:02<00:00, 738.16it/s]
Epoch 0:  90%|████████▉ | 1735/1935 [00:02<00:00, 738.12it/s]
Epoch 0:  90%|████████▉ | 1736/1935 [00:02<00:00, 738.17it/s]
Epoch 0:  90%|████████▉ | 1736/1935 [00:02<00:00, 738.13it/s]
Epoch 0:  90%|████████▉ | 1737/1935 [00:02<00:00, 738.17it/s]
Epoch 0:  90%|████████▉ | 1737/1935 [00:02<00:00, 738.11it/s]
Epoch 0:  90%|████████▉ | 1738/1935 [00:02<00:00, 738.17it/s]
Epoch 0:  90%|████████▉ | 1738/1935 [00:02<00:00, 738.11it/s]
Epoch 0:  90%|████████▉ | 1739/1935 [00:02<00:00, 738.16it/s]
Epoch 0:  90%|████████▉ | 1739/1935 [00:02<00:00, 738.11it/s]
Epoch 0:  90%|████████▉ | 1740/1935 [00:02<00:00, 738.16it/s]
Epoch 0:  90%|████████▉ | 1740/1935 [00:02<00:00, 738.11it/s]
Epoch 0:  90%|████████▉ | 1741/1935 [00:02<00:00, 738.17it/s]
Epoch 0:  90%|████████▉ | 1741/1935 [00:02<00:00, 738.12it/s]
Epoch 0:  90%|█████████ | 1742/1935 [00:02<00:00, 738.18it/s]
Epoch 0:  90%|█████████ | 1742/1935 [00:02<00:00, 738.12it/s]
Epoch 0:  90%|█████████ | 1743/1935 [00:02<00:00, 738.17it/s]
Epoch 0:  90%|█████████ | 1743/1935 [00:02<00:00, 738.12it/s]
Epoch 0:  90%|█████████ | 1744/1935 [00:02<00:00, 738.18it/s]
Epoch 0:  90%|█████████ | 1744/1935 [00:02<00:00, 738.13it/s]
Epoch 0:  90%|█████████ | 1745/1935 [00:02<00:00, 738.18it/s]
Epoch 0:  90%|█████████ | 1745/1935 [00:02<00:00, 738.13it/s]
Epoch 0:  90%|█████████ | 1746/1935 [00:02<00:00, 738.17it/s]
Epoch 0:  90%|█████████ | 1746/1935 [00:02<00:00, 738.12it/s]
Epoch 0:  90%|█████████ | 1747/1935 [00:02<00:00, 738.17it/s]
Epoch 0:  90%|█████████ | 1747/1935 [00:02<00:00, 738.12it/s]
Epoch 0:  90%|█████████ | 1748/1935 [00:02<00:00, 738.18it/s]
Epoch 0:  90%|█████████ | 1748/1935 [00:02<00:00, 738.13it/s]
Epoch 0:  90%|█████████ | 1749/1935 [00:02<00:00, 738.19it/s]
Epoch 0:  90%|█████████ | 1749/1935 [00:02<00:00, 738.13it/s]
Epoch 0:  90%|█████████ | 1750/1935 [00:02<00:00, 738.20it/s]
Epoch 0:  90%|█████████ | 1750/1935 [00:02<00:00, 738.14it/s]
Epoch 0:  90%|█████████ | 1751/1935 [00:02<00:00, 738.19it/s]
Epoch 0:  90%|█████████ | 1751/1935 [00:02<00:00, 738.14it/s]
Epoch 0:  91%|█████████ | 1752/1935 [00:02<00:00, 738.20it/s]
Epoch 0:  91%|█████████ | 1752/1935 [00:02<00:00, 738.16it/s]
Epoch 0:  91%|█████████ | 1753/1935 [00:02<00:00, 738.20it/s]
Epoch 0:  91%|█████████ | 1753/1935 [00:02<00:00, 738.15it/s]
Epoch 0:  91%|█████████ | 1754/1935 [00:02<00:00, 738.19it/s]
Epoch 0:  91%|█████████ | 1754/1935 [00:02<00:00, 738.13it/s]
Epoch 0:  91%|█████████ | 1755/1935 [00:02<00:00, 738.18it/s]
Epoch 0:  91%|█████████ | 1755/1935 [00:02<00:00, 738.12it/s]
Epoch 0:  91%|█████████ | 1756/1935 [00:02<00:00, 738.18it/s]
Epoch 0:  91%|█████████ | 1756/1935 [00:02<00:00, 738.13it/s]
Epoch 0:  91%|█████████ | 1757/1935 [00:02<00:00, 738.19it/s]
Epoch 0:  91%|█████████ | 1757/1935 [00:02<00:00, 738.13it/s]
Epoch 0:  91%|█████████ | 1758/1935 [00:02<00:00, 738.19it/s]
Epoch 0:  91%|█████████ | 1758/1935 [00:02<00:00, 738.14it/s]
Epoch 0:  91%|█████████ | 1759/1935 [00:02<00:00, 738.19it/s]
Epoch 0:  91%|█████████ | 1759/1935 [00:02<00:00, 738.14it/s]
Epoch 0:  91%|█████████ | 1760/1935 [00:02<00:00, 738.18it/s]
Epoch 0:  91%|█████████ | 1760/1935 [00:02<00:00, 738.14it/s]
Epoch 0:  91%|█████████ | 1761/1935 [00:02<00:00, 738.18it/s]
Epoch 0:  91%|█████████ | 1761/1935 [00:02<00:00, 738.13it/s]
Epoch 0:  91%|█████████ | 1762/1935 [00:02<00:00, 738.18it/s]
Epoch 0:  91%|█████████ | 1762/1935 [00:02<00:00, 738.13it/s]
Epoch 0:  91%|█████████ | 1763/1935 [00:02<00:00, 738.17it/s]
Epoch 0:  91%|█████████ | 1763/1935 [00:02<00:00, 738.12it/s]
Epoch 0:  91%|█████████ | 1764/1935 [00:02<00:00, 738.17it/s]
Epoch 0:  91%|█████████ | 1764/1935 [00:02<00:00, 738.13it/s]
Epoch 0:  91%|█████████ | 1765/1935 [00:02<00:00, 738.19it/s]
Epoch 0:  91%|█████████ | 1765/1935 [00:02<00:00, 738.13it/s]
Epoch 0:  91%|█████████▏| 1766/1935 [00:02<00:00, 738.18it/s]
Epoch 0:  91%|█████████▏| 1766/1935 [00:02<00:00, 738.13it/s]
Epoch 0:  91%|█████████▏| 1767/1935 [00:02<00:00, 738.18it/s]
Epoch 0:  91%|█████████▏| 1767/1935 [00:02<00:00, 738.13it/s]
Epoch 0:  91%|█████████▏| 1768/1935 [00:02<00:00, 738.19it/s]
Epoch 0:  91%|█████████▏| 1768/1935 [00:02<00:00, 738.13it/s]
Epoch 0:  91%|█████████▏| 1769/1935 [00:02<00:00, 738.18it/s]
Epoch 0:  91%|█████████▏| 1769/1935 [00:02<00:00, 738.13it/s]
Epoch 0:  91%|█████████▏| 1770/1935 [00:02<00:00, 738.18it/s]
Epoch 0:  91%|█████████▏| 1770/1935 [00:02<00:00, 738.12it/s]
Epoch 0:  92%|█████████▏| 1771/1935 [00:02<00:00, 738.17it/s]
Epoch 0:  92%|█████████▏| 1771/1935 [00:02<00:00, 738.12it/s]
Epoch 0:  92%|█████████▏| 1772/1935 [00:02<00:00, 738.17it/s]
Epoch 0:  92%|█████████▏| 1772/1935 [00:02<00:00, 738.12it/s]
Epoch 0:  92%|█████████▏| 1773/1935 [00:02<00:00, 738.17it/s]
Epoch 0:  92%|█████████▏| 1773/1935 [00:02<00:00, 738.12it/s]
Epoch 0:  92%|█████████▏| 1774/1935 [00:02<00:00, 738.17it/s]
Epoch 0:  92%|█████████▏| 1774/1935 [00:02<00:00, 738.12it/s]
Epoch 0:  92%|█████████▏| 1775/1935 [00:02<00:00, 738.17it/s]
Epoch 0:  92%|█████████▏| 1775/1935 [00:02<00:00, 738.12it/s]
Epoch 0:  92%|█████████▏| 1776/1935 [00:02<00:00, 738.17it/s]
Epoch 0:  92%|█████████▏| 1776/1935 [00:02<00:00, 738.12it/s]
Epoch 0:  92%|█████████▏| 1777/1935 [00:02<00:00, 738.17it/s]
Epoch 0:  92%|█████████▏| 1777/1935 [00:02<00:00, 738.11it/s]
Epoch 0:  92%|█████████▏| 1778/1935 [00:02<00:00, 738.16it/s]
Epoch 0:  92%|█████████▏| 1778/1935 [00:02<00:00, 738.11it/s]
Epoch 0:  92%|█████████▏| 1779/1935 [00:02<00:00, 738.16it/s]
Epoch 0:  92%|█████████▏| 1779/1935 [00:02<00:00, 738.10it/s]
Epoch 0:  92%|█████████▏| 1780/1935 [00:02<00:00, 738.16it/s]
Epoch 0:  92%|█████████▏| 1780/1935 [00:02<00:00, 738.11it/s]
Epoch 0:  92%|█████████▏| 1781/1935 [00:02<00:00, 738.16it/s]
Epoch 0:  92%|█████████▏| 1781/1935 [00:02<00:00, 738.11it/s]
Epoch 0:  92%|█████████▏| 1782/1935 [00:02<00:00, 738.17it/s]
Epoch 0:  92%|█████████▏| 1782/1935 [00:02<00:00, 738.12it/s]
Epoch 0:  92%|█████████▏| 1783/1935 [00:02<00:00, 738.16it/s]
Epoch 0:  92%|█████████▏| 1783/1935 [00:02<00:00, 738.11it/s]
Epoch 0:  92%|█████████▏| 1784/1935 [00:02<00:00, 738.16it/s]
Epoch 0:  92%|█████████▏| 1784/1935 [00:02<00:00, 738.12it/s]
Epoch 0:  92%|█████████▏| 1785/1935 [00:02<00:00, 738.16it/s]
Epoch 0:  92%|█████████▏| 1785/1935 [00:02<00:00, 738.10it/s]
Epoch 0:  92%|█████████▏| 1786/1935 [00:02<00:00, 738.15it/s]
Epoch 0:  92%|█████████▏| 1786/1935 [00:02<00:00, 738.10it/s]
Epoch 0:  92%|█████████▏| 1787/1935 [00:02<00:00, 738.15it/s]
Epoch 0:  92%|█████████▏| 1787/1935 [00:02<00:00, 738.10it/s]
Epoch 0:  92%|█████████▏| 1788/1935 [00:02<00:00, 738.13it/s]
Epoch 0:  92%|█████████▏| 1788/1935 [00:02<00:00, 738.09it/s]
Epoch 0:  92%|█████████▏| 1789/1935 [00:02<00:00, 738.14it/s]
Epoch 0:  92%|█████████▏| 1789/1935 [00:02<00:00, 738.09it/s]
Epoch 0:  93%|█████████▎| 1790/1935 [00:02<00:00, 738.14it/s]
Epoch 0:  93%|█████████▎| 1790/1935 [00:02<00:00, 738.09it/s]
Epoch 0:  93%|█████████▎| 1791/1935 [00:02<00:00, 738.13it/s]
Epoch 0:  93%|█████████▎| 1791/1935 [00:02<00:00, 738.08it/s]
Epoch 0:  93%|█████████▎| 1792/1935 [00:02<00:00, 738.13it/s]
Epoch 0:  93%|█████████▎| 1792/1935 [00:02<00:00, 738.08it/s]
Epoch 0:  93%|█████████▎| 1793/1935 [00:02<00:00, 738.12it/s]
Epoch 0:  93%|█████████▎| 1793/1935 [00:02<00:00, 738.07it/s]
Epoch 0:  93%|█████████▎| 1794/1935 [00:02<00:00, 738.11it/s]
Epoch 0:  93%|█████████▎| 1794/1935 [00:02<00:00, 738.06it/s]
Epoch 0:  93%|█████████▎| 1795/1935 [00:02<00:00, 738.07it/s]
Epoch 0:  93%|█████████▎| 1795/1935 [00:02<00:00, 738.01it/s]
Epoch 0:  93%|█████████▎| 1796/1935 [00:02<00:00, 738.07it/s]
Epoch 0:  93%|█████████▎| 1796/1935 [00:02<00:00, 738.02it/s]
Epoch 0:  93%|█████████▎| 1797/1935 [00:02<00:00, 738.08it/s]
Epoch 0:  93%|█████████▎| 1797/1935 [00:02<00:00, 738.03it/s]
Epoch 0:  93%|█████████▎| 1798/1935 [00:02<00:00, 738.09it/s]
Epoch 0:  93%|█████████▎| 1798/1935 [00:02<00:00, 738.03it/s]
Epoch 0:  93%|█████████▎| 1799/1935 [00:02<00:00, 738.08it/s]
Epoch 0:  93%|█████████▎| 1799/1935 [00:02<00:00, 738.03it/s]
Epoch 0:  93%|█████████▎| 1800/1935 [00:02<00:00, 738.09it/s]
Epoch 0:  93%|█████████▎| 1800/1935 [00:02<00:00, 738.04it/s]
Epoch 0:  93%|█████████▎| 1801/1935 [00:02<00:00, 738.09it/s]
Epoch 0:  93%|█████████▎| 1801/1935 [00:02<00:00, 738.03it/s]
Epoch 0:  93%|█████████▎| 1802/1935 [00:02<00:00, 738.08it/s]
Epoch 0:  93%|█████████▎| 1802/1935 [00:02<00:00, 738.03it/s]
Epoch 0:  93%|█████████▎| 1803/1935 [00:02<00:00, 738.08it/s]
Epoch 0:  93%|█████████▎| 1803/1935 [00:02<00:00, 738.03it/s]
Epoch 0:  93%|█████████▎| 1804/1935 [00:02<00:00, 738.09it/s]
Epoch 0:  93%|█████████▎| 1804/1935 [00:02<00:00, 738.04it/s]
Epoch 0:  93%|█████████▎| 1805/1935 [00:02<00:00, 738.10it/s]
Epoch 0:  93%|█████████▎| 1805/1935 [00:02<00:00, 738.04it/s]
Epoch 0:  93%|█████████▎| 1806/1935 [00:02<00:00, 738.10it/s]
Epoch 0:  93%|█████████▎| 1806/1935 [00:02<00:00, 738.05it/s]
Epoch 0:  93%|█████████▎| 1807/1935 [00:02<00:00, 738.10it/s]
Epoch 0:  93%|█████████▎| 1807/1935 [00:02<00:00, 738.05it/s]
Epoch 0:  93%|█████████▎| 1808/1935 [00:02<00:00, 738.11it/s]
Epoch 0:  93%|█████████▎| 1808/1935 [00:02<00:00, 738.06it/s]
Epoch 0:  93%|█████████▎| 1809/1935 [00:02<00:00, 738.11it/s]
Epoch 0:  93%|█████████▎| 1809/1935 [00:02<00:00, 738.05it/s]
Epoch 0:  94%|█████████▎| 1810/1935 [00:02<00:00, 738.10it/s]
Epoch 0:  94%|█████████▎| 1810/1935 [00:02<00:00, 738.05it/s]
Epoch 0:  94%|█████████▎| 1811/1935 [00:02<00:00, 738.09it/s]
Epoch 0:  94%|█████████▎| 1811/1935 [00:02<00:00, 738.04it/s]
Epoch 0:  94%|█████████▎| 1812/1935 [00:02<00:00, 738.10it/s]
Epoch 0:  94%|█████████▎| 1812/1935 [00:02<00:00, 738.05it/s]
Epoch 0:  94%|█████████▎| 1813/1935 [00:02<00:00, 738.11it/s]
Epoch 0:  94%|█████████▎| 1813/1935 [00:02<00:00, 738.06it/s]
Epoch 0:  94%|█████████▎| 1814/1935 [00:02<00:00, 738.11it/s]
Epoch 0:  94%|█████████▎| 1814/1935 [00:02<00:00, 738.06it/s]
Epoch 0:  94%|█████████▍| 1815/1935 [00:02<00:00, 738.11it/s]
Epoch 0:  94%|█████████▍| 1815/1935 [00:02<00:00, 738.06it/s]
Epoch 0:  94%|█████████▍| 1816/1935 [00:02<00:00, 738.11it/s]
Epoch 0:  94%|█████████▍| 1816/1935 [00:02<00:00, 738.07it/s]
Epoch 0:  94%|█████████▍| 1817/1935 [00:02<00:00, 738.11it/s]
Epoch 0:  94%|█████████▍| 1817/1935 [00:02<00:00, 738.06it/s]
Epoch 0:  94%|█████████▍| 1818/1935 [00:02<00:00, 738.11it/s]
Epoch 0:  94%|█████████▍| 1818/1935 [00:02<00:00, 738.06it/s]
Epoch 0:  94%|█████████▍| 1819/1935 [00:02<00:00, 738.10it/s]
Epoch 0:  94%|█████████▍| 1819/1935 [00:02<00:00, 738.05it/s]
Epoch 0:  94%|█████████▍| 1820/1935 [00:02<00:00, 738.10it/s]
Epoch 0:  94%|█████████▍| 1820/1935 [00:02<00:00, 738.06it/s]
Epoch 0:  94%|█████████▍| 1821/1935 [00:02<00:00, 738.09it/s]
Epoch 0:  94%|█████████▍| 1821/1935 [00:02<00:00, 738.05it/s]
Epoch 0:  94%|█████████▍| 1822/1935 [00:02<00:00, 738.11it/s]
Epoch 0:  94%|█████████▍| 1822/1935 [00:02<00:00, 738.06it/s]
Epoch 0:  94%|█████████▍| 1823/1935 [00:02<00:00, 738.11it/s]
Epoch 0:  94%|█████████▍| 1823/1935 [00:02<00:00, 738.06it/s]
Epoch 0:  94%|█████████▍| 1824/1935 [00:02<00:00, 738.11it/s]
Epoch 0:  94%|█████████▍| 1824/1935 [00:02<00:00, 738.06it/s]
Epoch 0:  94%|█████████▍| 1825/1935 [00:02<00:00, 738.11it/s]
Epoch 0:  94%|█████████▍| 1825/1935 [00:02<00:00, 738.06it/s]
Epoch 0:  94%|█████████▍| 1826/1935 [00:02<00:00, 738.11it/s]
Epoch 0:  94%|█████████▍| 1826/1935 [00:02<00:00, 738.06it/s]
Epoch 0:  94%|█████████▍| 1827/1935 [00:02<00:00, 738.10it/s]
Epoch 0:  94%|█████████▍| 1827/1935 [00:02<00:00, 738.05it/s]
Epoch 0:  94%|█████████▍| 1828/1935 [00:02<00:00, 738.11it/s]
Epoch 0:  94%|█████████▍| 1828/1935 [00:02<00:00, 738.06it/s]
Epoch 0:  95%|█████████▍| 1829/1935 [00:02<00:00, 738.11it/s]
Epoch 0:  95%|█████████▍| 1829/1935 [00:02<00:00, 738.06it/s]
Epoch 0:  95%|█████████▍| 1830/1935 [00:02<00:00, 738.11it/s]
Epoch 0:  95%|█████████▍| 1830/1935 [00:02<00:00, 738.06it/s]
Epoch 0:  95%|█████████▍| 1831/1935 [00:02<00:00, 738.11it/s]
Epoch 0:  95%|█████████▍| 1831/1935 [00:02<00:00, 738.06it/s]
Epoch 0:  95%|█████████▍| 1832/1935 [00:02<00:00, 738.11it/s]
Epoch 0:  95%|█████████▍| 1832/1935 [00:02<00:00, 738.06it/s]
Epoch 0:  95%|█████████▍| 1833/1935 [00:02<00:00, 738.10it/s]
Epoch 0:  95%|█████████▍| 1833/1935 [00:02<00:00, 738.05it/s]
Epoch 0:  95%|█████████▍| 1834/1935 [00:02<00:00, 738.11it/s]
Epoch 0:  95%|█████████▍| 1834/1935 [00:02<00:00, 738.05it/s]
Epoch 0:  95%|█████████▍| 1835/1935 [00:02<00:00, 738.10it/s]
Epoch 0:  95%|█████████▍| 1835/1935 [00:02<00:00, 738.04it/s]
Epoch 0:  95%|█████████▍| 1836/1935 [00:02<00:00, 738.10it/s]
Epoch 0:  95%|█████████▍| 1836/1935 [00:02<00:00, 738.06it/s]
Epoch 0:  95%|█████████▍| 1837/1935 [00:02<00:00, 738.11it/s]
Epoch 0:  95%|█████████▍| 1837/1935 [00:02<00:00, 738.06it/s]
Epoch 0:  95%|█████████▍| 1838/1935 [00:02<00:00, 738.12it/s]
Epoch 0:  95%|█████████▍| 1838/1935 [00:02<00:00, 738.07it/s]
Epoch 0:  95%|█████████▌| 1839/1935 [00:02<00:00, 738.12it/s]
Epoch 0:  95%|█████████▌| 1839/1935 [00:02<00:00, 738.07it/s]
Epoch 0:  95%|█████████▌| 1840/1935 [00:02<00:00, 738.13it/s]
Epoch 0:  95%|█████████▌| 1840/1935 [00:02<00:00, 738.08it/s]
Epoch 0:  95%|█████████▌| 1841/1935 [00:02<00:00, 738.12it/s]
Epoch 0:  95%|█████████▌| 1841/1935 [00:02<00:00, 738.07it/s]
Epoch 0:  95%|█████████▌| 1842/1935 [00:02<00:00, 738.12it/s]
Epoch 0:  95%|█████████▌| 1842/1935 [00:02<00:00, 738.07it/s]
Epoch 0:  95%|█████████▌| 1843/1935 [00:02<00:00, 738.12it/s]
Epoch 0:  95%|█████████▌| 1843/1935 [00:02<00:00, 738.07it/s]
Epoch 0:  95%|█████████▌| 1844/1935 [00:02<00:00, 738.12it/s]
Epoch 0:  95%|█████████▌| 1844/1935 [00:02<00:00, 738.07it/s]
Epoch 0:  95%|█████████▌| 1845/1935 [00:02<00:00, 738.12it/s]
Epoch 0:  95%|█████████▌| 1845/1935 [00:02<00:00, 738.07it/s]
Epoch 0:  95%|█████████▌| 1846/1935 [00:02<00:00, 738.13it/s]
Epoch 0:  95%|█████████▌| 1846/1935 [00:02<00:00, 738.08it/s]
Epoch 0:  95%|█████████▌| 1847/1935 [00:02<00:00, 738.12it/s]
Epoch 0:  95%|█████████▌| 1847/1935 [00:02<00:00, 738.08it/s]
Epoch 0:  96%|█████████▌| 1848/1935 [00:02<00:00, 738.13it/s]
Epoch 0:  96%|█████████▌| 1848/1935 [00:02<00:00, 738.09it/s]
Epoch 0:  96%|█████████▌| 1849/1935 [00:02<00:00, 738.13it/s]
Epoch 0:  96%|█████████▌| 1849/1935 [00:02<00:00, 738.08it/s]
Epoch 0:  96%|█████████▌| 1850/1935 [00:02<00:00, 738.13it/s]
Epoch 0:  96%|█████████▌| 1850/1935 [00:02<00:00, 738.08it/s]
Epoch 0:  96%|█████████▌| 1851/1935 [00:02<00:00, 738.11it/s]
Epoch 0:  96%|█████████▌| 1851/1935 [00:02<00:00, 738.06it/s]
Epoch 0:  96%|█████████▌| 1852/1935 [00:02<00:00, 738.10it/s]
Epoch 0:  96%|█████████▌| 1852/1935 [00:02<00:00, 738.06it/s]
Epoch 0:  96%|█████████▌| 1853/1935 [00:02<00:00, 738.11it/s]
Epoch 0:  96%|█████████▌| 1853/1935 [00:02<00:00, 738.06it/s]
Epoch 0:  96%|█████████▌| 1854/1935 [00:02<00:00, 738.11it/s]
Epoch 0:  96%|█████████▌| 1854/1935 [00:02<00:00, 738.06it/s]
Epoch 0:  96%|█████████▌| 1855/1935 [00:02<00:00, 738.10it/s]
Epoch 0:  96%|█████████▌| 1855/1935 [00:02<00:00, 738.05it/s]
Epoch 0:  96%|█████████▌| 1856/1935 [00:02<00:00, 738.10it/s]
Epoch 0:  96%|█████████▌| 1856/1935 [00:02<00:00, 738.06it/s]
Epoch 0:  96%|█████████▌| 1857/1935 [00:02<00:00, 738.06it/s]
Epoch 0:  96%|█████████▌| 1857/1935 [00:02<00:00, 738.01it/s]
Epoch 0:  96%|█████████▌| 1858/1935 [00:02<00:00, 738.05it/s]
Epoch 0:  96%|█████████▌| 1858/1935 [00:02<00:00, 738.00it/s]
Epoch 0:  96%|█████████▌| 1859/1935 [00:02<00:00, 738.05it/s]
Epoch 0:  96%|█████████▌| 1859/1935 [00:02<00:00, 738.00it/s]
Epoch 0:  96%|█████████▌| 1860/1935 [00:02<00:00, 738.05it/s]
Epoch 0:  96%|█████████▌| 1860/1935 [00:02<00:00, 738.00it/s]
Epoch 0:  96%|█████████▌| 1861/1935 [00:02<00:00, 738.05it/s]
Epoch 0:  96%|█████████▌| 1861/1935 [00:02<00:00, 738.00it/s]
Epoch 0:  96%|█████████▌| 1862/1935 [00:02<00:00, 738.05it/s]
Epoch 0:  96%|█████████▌| 1862/1935 [00:02<00:00, 738.00it/s]
Epoch 0:  96%|█████████▋| 1863/1935 [00:02<00:00, 738.05it/s]
Epoch 0:  96%|█████████▋| 1863/1935 [00:02<00:00, 738.00it/s]
Epoch 0:  96%|█████████▋| 1864/1935 [00:02<00:00, 738.06it/s]
Epoch 0:  96%|█████████▋| 1864/1935 [00:02<00:00, 738.02it/s]
Epoch 0:  96%|█████████▋| 1865/1935 [00:02<00:00, 738.06it/s]
Epoch 0:  96%|█████████▋| 1865/1935 [00:02<00:00, 738.01it/s]
Epoch 0:  96%|█████████▋| 1866/1935 [00:02<00:00, 738.06it/s]
Epoch 0:  96%|█████████▋| 1866/1935 [00:02<00:00, 738.01it/s]
Epoch 0:  96%|█████████▋| 1867/1935 [00:02<00:00, 738.05it/s]
Epoch 0:  96%|█████████▋| 1867/1935 [00:02<00:00, 738.00it/s]
Epoch 0:  97%|█████████▋| 1868/1935 [00:02<00:00, 738.06it/s]
Epoch 0:  97%|█████████▋| 1868/1935 [00:02<00:00, 738.01it/s]
Epoch 0:  97%|█████████▋| 1869/1935 [00:02<00:00, 738.06it/s]
Epoch 0:  97%|█████████▋| 1869/1935 [00:02<00:00, 738.01it/s]
Epoch 0:  97%|█████████▋| 1870/1935 [00:02<00:00, 738.07it/s]
Epoch 0:  97%|█████████▋| 1870/1935 [00:02<00:00, 738.02it/s]
Epoch 0:  97%|█████████▋| 1871/1935 [00:02<00:00, 738.07it/s]
Epoch 0:  97%|█████████▋| 1871/1935 [00:02<00:00, 738.02it/s]
Epoch 0:  97%|█████████▋| 1872/1935 [00:02<00:00, 738.07it/s]
Epoch 0:  97%|█████████▋| 1872/1935 [00:02<00:00, 738.03it/s]
Epoch 0:  97%|█████████▋| 1873/1935 [00:02<00:00, 738.07it/s]
Epoch 0:  97%|█████████▋| 1873/1935 [00:02<00:00, 738.02it/s]
Epoch 0:  97%|█████████▋| 1874/1935 [00:02<00:00, 738.08it/s]
Epoch 0:  97%|█████████▋| 1874/1935 [00:02<00:00, 738.02it/s]
Epoch 0:  97%|█████████▋| 1875/1935 [00:02<00:00, 738.07it/s]
Epoch 0:  97%|█████████▋| 1875/1935 [00:02<00:00, 738.02it/s]
Epoch 0:  97%|█████████▋| 1876/1935 [00:02<00:00, 738.08it/s]
Epoch 0:  97%|█████████▋| 1876/1935 [00:02<00:00, 738.03it/s]
Epoch 0:  97%|█████████▋| 1877/1935 [00:02<00:00, 738.09it/s]
Epoch 0:  97%|█████████▋| 1877/1935 [00:02<00:00, 738.03it/s]
Epoch 0:  97%|█████████▋| 1878/1935 [00:02<00:00, 738.09it/s]
Epoch 0:  97%|█████████▋| 1878/1935 [00:02<00:00, 738.03it/s]
Epoch 0:  97%|█████████▋| 1879/1935 [00:02<00:00, 738.08it/s]
Epoch 0:  97%|█████████▋| 1879/1935 [00:02<00:00, 738.04it/s]
Epoch 0:  97%|█████████▋| 1880/1935 [00:02<00:00, 738.08it/s]
Epoch 0:  97%|█████████▋| 1880/1935 [00:02<00:00, 738.04it/s]
Epoch 0:  97%|█████████▋| 1881/1935 [00:02<00:00, 738.09it/s]
Epoch 0:  97%|█████████▋| 1881/1935 [00:02<00:00, 738.04it/s]
Epoch 0:  97%|█████████▋| 1882/1935 [00:02<00:00, 738.07it/s]
Epoch 0:  97%|█████████▋| 1882/1935 [00:02<00:00, 738.03it/s]
Epoch 0:  97%|█████████▋| 1883/1935 [00:02<00:00, 738.07it/s]
Epoch 0:  97%|█████████▋| 1883/1935 [00:02<00:00, 738.02it/s]
Epoch 0:  97%|█████████▋| 1884/1935 [00:02<00:00, 738.07it/s]
Epoch 0:  97%|█████████▋| 1884/1935 [00:02<00:00, 738.03it/s]
Epoch 0:  97%|█████████▋| 1885/1935 [00:02<00:00, 738.08it/s]
Epoch 0:  97%|█████████▋| 1885/1935 [00:02<00:00, 738.03it/s]
Epoch 0:  97%|█████████▋| 1886/1935 [00:02<00:00, 738.08it/s]
Epoch 0:  97%|█████████▋| 1886/1935 [00:02<00:00, 738.03it/s]
Epoch 0:  98%|█████████▊| 1887/1935 [00:02<00:00, 738.08it/s]
Epoch 0:  98%|█████████▊| 1887/1935 [00:02<00:00, 738.03it/s]
Epoch 0:  98%|█████████▊| 1888/1935 [00:02<00:00, 738.08it/s]
Epoch 0:  98%|█████████▊| 1888/1935 [00:02<00:00, 738.03it/s]
Epoch 0:  98%|█████████▊| 1889/1935 [00:02<00:00, 738.07it/s]
Epoch 0:  98%|█████████▊| 1889/1935 [00:02<00:00, 738.02it/s]
Epoch 0:  98%|█████████▊| 1890/1935 [00:02<00:00, 738.06it/s]
Epoch 0:  98%|█████████▊| 1890/1935 [00:02<00:00, 738.01it/s]
Epoch 0:  98%|█████████▊| 1891/1935 [00:02<00:00, 738.05it/s]
Epoch 0:  98%|█████████▊| 1891/1935 [00:02<00:00, 738.00it/s]
Epoch 0:  98%|█████████▊| 1892/1935 [00:02<00:00, 738.05it/s]
Epoch 0:  98%|█████████▊| 1892/1935 [00:02<00:00, 738.00it/s]
Epoch 0:  98%|█████████▊| 1893/1935 [00:02<00:00, 738.05it/s]
Epoch 0:  98%|█████████▊| 1893/1935 [00:02<00:00, 738.00it/s]
Epoch 0:  98%|█████████▊| 1894/1935 [00:02<00:00, 738.06it/s]
Epoch 0:  98%|█████████▊| 1894/1935 [00:02<00:00, 738.01it/s]
Epoch 0:  98%|█████████▊| 1895/1935 [00:02<00:00, 738.05it/s]
Epoch 0:  98%|█████████▊| 1895/1935 [00:02<00:00, 738.00it/s]
Epoch 0:  98%|█████████▊| 1896/1935 [00:02<00:00, 738.06it/s]
Epoch 0:  98%|█████████▊| 1896/1935 [00:02<00:00, 738.02it/s]
Epoch 0:  98%|█████████▊| 1897/1935 [00:02<00:00, 738.06it/s]
Epoch 0:  98%|█████████▊| 1897/1935 [00:02<00:00, 738.01it/s]
Epoch 0:  98%|█████████▊| 1898/1935 [00:02<00:00, 738.06it/s]
Epoch 0:  98%|█████████▊| 1898/1935 [00:02<00:00, 738.01it/s]
Epoch 0:  98%|█████████▊| 1899/1935 [00:02<00:00, 738.05it/s]
Epoch 0:  98%|█████████▊| 1899/1935 [00:02<00:00, 738.00it/s]
Epoch 0:  98%|█████████▊| 1900/1935 [00:02<00:00, 738.06it/s]
Epoch 0:  98%|█████████▊| 1900/1935 [00:02<00:00, 738.01it/s]
Epoch 0:  98%|█████████▊| 1901/1935 [00:02<00:00, 738.06it/s]
Epoch 0:  98%|█████████▊| 1901/1935 [00:02<00:00, 738.01it/s]
Epoch 0:  98%|█████████▊| 1902/1935 [00:02<00:00, 738.06it/s]
Epoch 0:  98%|█████████▊| 1902/1935 [00:02<00:00, 738.01it/s]
Epoch 0:  98%|█████████▊| 1903/1935 [00:02<00:00, 738.04it/s]
Epoch 0:  98%|█████████▊| 1903/1935 [00:02<00:00, 738.00it/s]
Epoch 0:  98%|█████████▊| 1904/1935 [00:02<00:00, 738.06it/s]
Epoch 0:  98%|█████████▊| 1904/1935 [00:02<00:00, 738.02it/s]
Epoch 0:  98%|█████████▊| 1905/1935 [00:02<00:00, 738.06it/s]
Epoch 0:  98%|█████████▊| 1905/1935 [00:02<00:00, 738.01it/s]
Epoch 0:  99%|█████████▊| 1906/1935 [00:02<00:00, 738.06it/s]
Epoch 0:  99%|█████████▊| 1906/1935 [00:02<00:00, 738.01it/s]
Epoch 0:  99%|█████████▊| 1907/1935 [00:02<00:00, 738.05it/s]
Epoch 0:  99%|█████████▊| 1907/1935 [00:02<00:00, 738.00it/s]
Epoch 0:  99%|█████████▊| 1908/1935 [00:02<00:00, 738.06it/s]
Epoch 0:  99%|█████████▊| 1908/1935 [00:02<00:00, 738.01it/s]
Epoch 0:  99%|█████████▊| 1909/1935 [00:02<00:00, 738.07it/s]
Epoch 0:  99%|█████████▊| 1909/1935 [00:02<00:00, 738.02it/s]
Epoch 0:  99%|█████████▊| 1910/1935 [00:02<00:00, 738.06it/s]
Epoch 0:  99%|█████████▊| 1910/1935 [00:02<00:00, 738.01it/s]
Epoch 0:  99%|█████████▉| 1911/1935 [00:02<00:00, 738.06it/s]
Epoch 0:  99%|█████████▉| 1911/1935 [00:02<00:00, 738.01it/s]
Epoch 0:  99%|█████████▉| 1912/1935 [00:02<00:00, 738.07it/s]
Epoch 0:  99%|█████████▉| 1912/1935 [00:02<00:00, 738.03it/s]
Epoch 0:  99%|█████████▉| 1913/1935 [00:02<00:00, 738.06it/s]
Epoch 0:  99%|█████████▉| 1913/1935 [00:02<00:00, 738.01it/s]
Epoch 0:  99%|█████████▉| 1914/1935 [00:02<00:00, 738.06it/s]
Epoch 0:  99%|█████████▉| 1914/1935 [00:02<00:00, 738.01it/s]
Epoch 0:  99%|█████████▉| 1915/1935 [00:02<00:00, 738.05it/s]
Epoch 0:  99%|█████████▉| 1915/1935 [00:02<00:00, 738.00it/s]
Epoch 0:  99%|█████████▉| 1916/1935 [00:02<00:00, 738.05it/s]
Epoch 0:  99%|█████████▉| 1916/1935 [00:02<00:00, 738.01it/s]
Epoch 0:  99%|█████████▉| 1917/1935 [00:02<00:00, 738.06it/s]
Epoch 0:  99%|█████████▉| 1917/1935 [00:02<00:00, 738.01it/s]
Epoch 0:  99%|█████████▉| 1918/1935 [00:02<00:00, 738.06it/s]
Epoch 0:  99%|█████████▉| 1918/1935 [00:02<00:00, 738.01it/s]
Epoch 0:  99%|█████████▉| 1919/1935 [00:02<00:00, 729.12it/s]
Epoch 0:  99%|█████████▉| 1919/1935 [00:02<00:00, 729.07it/s]
Epoch 0:  99%|█████████▉| 1920/1935 [00:02<00:00, 729.10it/s]
Epoch 0:  99%|█████████▉| 1920/1935 [00:02<00:00, 729.06it/s]
Epoch 0:  99%|█████████▉| 1921/1935 [00:02<00:00, 729.11it/s]
Epoch 0:  99%|█████████▉| 1921/1935 [00:02<00:00, 729.07it/s]
Epoch 0:  99%|█████████▉| 1922/1935 [00:02<00:00, 729.12it/s]
Epoch 0:  99%|█████████▉| 1922/1935 [00:02<00:00, 729.08it/s]
Epoch 0:  99%|█████████▉| 1923/1935 [00:02<00:00, 729.14it/s]
Epoch 0:  99%|█████████▉| 1923/1935 [00:02<00:00, 729.10it/s]
Epoch 0:  99%|█████████▉| 1924/1935 [00:02<00:00, 729.16it/s]
Epoch 0:  99%|█████████▉| 1924/1935 [00:02<00:00, 729.12it/s]
Epoch 0:  99%|█████████▉| 1925/1935 [00:02<00:00, 729.18it/s]
Epoch 0:  99%|█████████▉| 1925/1935 [00:02<00:00, 729.14it/s]
Epoch 0: 100%|█████████▉| 1926/1935 [00:02<00:00, 729.21it/s]
Epoch 0: 100%|█████████▉| 1926/1935 [00:02<00:00, 729.17it/s]
Epoch 0: 100%|█████████▉| 1927/1935 [00:02<00:00, 729.24it/s]
Epoch 0: 100%|█████████▉| 1927/1935 [00:02<00:00, 729.20it/s]
Epoch 0: 100%|█████████▉| 1928/1935 [00:02<00:00, 729.27it/s]
Epoch 0: 100%|█████████▉| 1928/1935 [00:02<00:00, 729.23it/s]
Epoch 0: 100%|█████████▉| 1929/1935 [00:02<00:00, 729.30it/s]
Epoch 0: 100%|█████████▉| 1929/1935 [00:02<00:00, 729.26it/s]
Epoch 0: 100%|█████████▉| 1930/1935 [00:02<00:00, 729.33it/s]
Epoch 0: 100%|█████████▉| 1930/1935 [00:02<00:00, 729.29it/s]
Epoch 0: 100%|█████████▉| 1931/1935 [00:02<00:00, 729.35it/s]
Epoch 0: 100%|█████████▉| 1931/1935 [00:02<00:00, 729.31it/s]
Epoch 0: 100%|█████████▉| 1932/1935 [00:02<00:00, 729.39it/s]
Epoch 0: 100%|█████████▉| 1932/1935 [00:02<00:00, 729.35it/s]
Epoch 0: 100%|█████████▉| 1933/1935 [00:02<00:00, 729.42it/s]
Epoch 0: 100%|█████████▉| 1933/1935 [00:02<00:00, 729.37it/s]
Epoch 0: 100%|█████████▉| 1934/1935 [00:02<00:00, 729.45it/s]
Epoch 0: 100%|█████████▉| 1934/1935 [00:02<00:00, 729.41it/s]
Epoch 0: 100%|██████████| 1935/1935 [00:02<00:00, 729.48it/s]
Epoch 0: 100%|██████████| 1935/1935 [00:02<00:00, 729.44it/s]

Validation: |          | 0/? [00:00<?, ?it/s][A

Validation:   0%|          | 0/215 [00:00<?, ?it/s][A

Validation DataLoader 0:   0%|          | 0/215 [00:00<?, ?it/s][A

Validation DataLoader 0:   0%|          | 1/215 [00:00<00:00, 1715.46it/s][A

Validation DataLoader 0:   1%|          | 2/215 [00:00<00:00, 923.86it/s] [A

Validation DataLoader 0:   1%|▏         | 3/215 [00:00<00:00, 1036.91it/s][A

Validation DataLoader 0:   2%|▏         | 4/215 [00:00<00:00, 1108.87it/s][A

Validation DataLoader 0:   2%|▏         | 5/215 [00:00<00:00, 1162.57it/s][A

Validation DataLoader 0:   3%|▎         | 6/215 [00:00<00:00, 619.36it/s] [A

Validation DataLoader 0:   3%|▎         | 7/215 [00:00<00:00, 672.32it/s][A

Validation DataLoader 0:   4%|▎         | 8/215 [00:00<00:00, 719.53it/s][A

Validation DataLoader 0:   4%|▍         | 9/215 [00:00<00:00, 760.76it/s][A

Validation DataLoader 0:   5%|▍         | 10/215 [00:00<00:00, 796.23it/s][A

Validation DataLoader 0:   5%|▌         | 11/215 [00:00<00:00, 827.01it/s][A

Validation DataLoader 0:   6%|▌         | 12/215 [00:00<00:00, 855.86it/s][A

Validation DataLoader 0:   6%|▌         | 13/215 [00:00<00:00, 883.28it/s][A

Validation DataLoader 0:   7%|▋         | 14/215 [00:00<00:00, 874.44it/s][A

Validation DataLoader 0:   7%|▋         | 15/215 [00:00<00:00, 897.82it/s][A

Validation DataLoader 0:   7%|▋         | 16/215 [00:00<00:00, 918.46it/s][A

Validation DataLoader 0:   8%|▊         | 17/215 [00:00<00:00, 908.37it/s][A

Validation DataLoader 0:   8%|▊         | 18/215 [00:00<00:00, 899.10it/s][A

Validation DataLoader 0:   9%|▉         | 19/215 [00:00<00:00, 892.63it/s][A

Validation DataLoader 0:   9%|▉         | 20/215 [00:00<00:00, 886.48it/s][A

Validation DataLoader 0:  10%|▉         | 21/215 [00:00<00:00, 881.32it/s][A

Validation DataLoader 0:  10%|█         | 22/215 [00:00<00:00, 875.47it/s][A

Validation DataLoader 0:  11%|█         | 23/215 [00:00<00:00, 871.71it/s][A

Validation DataLoader 0:  11%|█         | 24/215 [00:00<00:00, 868.23it/s][A

Validation DataLoader 0:  12%|█▏        | 25/215 [00:00<00:00, 864.81it/s][A

Validation DataLoader 0:  12%|█▏        | 26/215 [00:00<00:00, 861.45it/s][A

Validation DataLoader 0:  13%|█▎        | 27/215 [00:00<00:00, 858.58it/s][A

Validation DataLoader 0:  13%|█▎        | 28/215 [00:00<00:00, 856.01it/s][A

Validation DataLoader 0:  13%|█▎        | 29/215 [00:00<00:00, 854.01it/s][A

Validation DataLoader 0:  14%|█▍        | 30/215 [00:00<00:00, 851.35it/s][A

Validation DataLoader 0:  14%|█▍        | 31/215 [00:00<00:00, 849.56it/s][A

Validation DataLoader 0:  15%|█▍        | 32/215 [00:00<00:00, 847.91it/s][A

Validation DataLoader 0:  15%|█▌        | 33/215 [00:00<00:00, 846.74it/s][A

Validation DataLoader 0:  16%|█▌        | 34/215 [00:00<00:00, 845.67it/s][A

Validation DataLoader 0:  16%|█▋        | 35/215 [00:00<00:00, 844.24it/s][A

Validation DataLoader 0:  17%|█▋        | 36/215 [00:00<00:00, 841.79it/s][A

Validation DataLoader 0:  17%|█▋        | 37/215 [00:00<00:00, 840.66it/s][A

Validation DataLoader 0:  18%|█▊        | 38/215 [00:00<00:00, 839.47it/s][A

Validation DataLoader 0:  18%|█▊        | 39/215 [00:00<00:00, 838.42it/s][A

Validation DataLoader 0:  19%|█▊        | 40/215 [00:00<00:00, 837.19it/s][A

Validation DataLoader 0:  19%|█▉        | 41/215 [00:00<00:00, 836.58it/s][A

Validation DataLoader 0:  20%|█▉        | 42/215 [00:00<00:00, 835.64it/s][A

Validation DataLoader 0:  20%|██        | 43/215 [00:00<00:00, 832.98it/s][A

Validation DataLoader 0:  20%|██        | 44/215 [00:00<00:00, 831.33it/s][A

Validation DataLoader 0:  21%|██        | 45/215 [00:00<00:00, 830.53it/s][A

Validation DataLoader 0:  21%|██▏       | 46/215 [00:00<00:00, 825.73it/s][A

Validation DataLoader 0:  22%|██▏       | 47/215 [00:00<00:00, 825.13it/s][A

Validation DataLoader 0:  22%|██▏       | 48/215 [00:00<00:00, 824.70it/s][A

Validation DataLoader 0:  23%|██▎       | 49/215 [00:00<00:00, 823.61it/s][A

Validation DataLoader 0:  23%|██▎       | 50/215 [00:00<00:00, 822.94it/s][A

Validation DataLoader 0:  24%|██▎       | 51/215 [00:00<00:00, 822.38it/s][A

Validation DataLoader 0:  24%|██▍       | 52/215 [00:00<00:00, 821.54it/s][A

Validation DataLoader 0:  25%|██▍       | 53/215 [00:00<00:00, 821.17it/s][A

Validation DataLoader 0:  25%|██▌       | 54/215 [00:00<00:00, 820.59it/s][A

Validation DataLoader 0:  26%|██▌       | 55/215 [00:00<00:00, 820.18it/s][A

Validation DataLoader 0:  26%|██▌       | 56/215 [00:00<00:00, 819.91it/s][A

Validation DataLoader 0:  27%|██▋       | 57/215 [00:00<00:00, 819.49it/s][A

Validation DataLoader 0:  27%|██▋       | 58/215 [00:00<00:00, 818.87it/s][A

Validation DataLoader 0:  27%|██▋       | 59/215 [00:00<00:00, 818.34it/s][A

Validation DataLoader 0:  28%|██▊       | 60/215 [00:00<00:00, 817.66it/s][A

Validation DataLoader 0:  28%|██▊       | 61/215 [00:00<00:00, 817.36it/s][A

Validation DataLoader 0:  29%|██▉       | 62/215 [00:00<00:00, 816.58it/s][A

Validation DataLoader 0:  29%|██▉       | 63/215 [00:00<00:00, 816.14it/s][A

Validation DataLoader 0:  30%|██▉       | 64/215 [00:00<00:00, 815.99it/s][A

Validation DataLoader 0:  30%|███       | 65/215 [00:00<00:00, 815.59it/s][A

Validation DataLoader 0:  31%|███       | 66/215 [00:00<00:00, 815.30it/s][A

Validation DataLoader 0:  31%|███       | 67/215 [00:00<00:00, 814.89it/s][A

Validation DataLoader 0:  32%|███▏      | 68/215 [00:00<00:00, 814.62it/s][A

Validation DataLoader 0:  32%|███▏      | 69/215 [00:00<00:00, 814.33it/s][A

Validation DataLoader 0:  33%|███▎      | 70/215 [00:00<00:00, 814.08it/s][A

Validation DataLoader 0:  33%|███▎      | 71/215 [00:00<00:00, 813.41it/s][A

Validation DataLoader 0:  33%|███▎      | 72/215 [00:00<00:00, 813.25it/s][A

Validation DataLoader 0:  34%|███▍      | 73/215 [00:00<00:00, 813.08it/s][A

Validation DataLoader 0:  34%|███▍      | 74/215 [00:00<00:00, 812.93it/s][A

Validation DataLoader 0:  35%|███▍      | 75/215 [00:00<00:00, 812.47it/s][A

Validation DataLoader 0:  35%|███▌      | 76/215 [00:00<00:00, 812.24it/s][A

Validation DataLoader 0:  36%|███▌      | 77/215 [00:00<00:00, 811.89it/s][A

Validation DataLoader 0:  36%|███▋      | 78/215 [00:00<00:00, 811.59it/s][A

Validation DataLoader 0:  37%|███▋      | 79/215 [00:00<00:00, 811.34it/s][A

Validation DataLoader 0:  37%|███▋      | 80/215 [00:00<00:00, 811.26it/s][A

Validation DataLoader 0:  38%|███▊      | 81/215 [00:00<00:00, 810.91it/s][A

Validation DataLoader 0:  38%|███▊      | 82/215 [00:00<00:00, 810.81it/s][A

Validation DataLoader 0:  39%|███▊      | 83/215 [00:00<00:00, 810.56it/s][A

Validation DataLoader 0:  39%|███▉      | 84/215 [00:00<00:00, 810.39it/s][A

Validation DataLoader 0:  40%|███▉      | 85/215 [00:00<00:00, 809.84it/s][A

Validation DataLoader 0:  40%|████      | 86/215 [00:00<00:00, 809.58it/s][A

Validation DataLoader 0:  40%|████      | 87/215 [00:00<00:00, 809.40it/s][A

Validation DataLoader 0:  41%|████      | 88/215 [00:00<00:00, 809.19it/s][A

Validation DataLoader 0:  41%|████▏     | 89/215 [00:00<00:00, 809.18it/s][A

Validation DataLoader 0:  42%|████▏     | 90/215 [00:00<00:00, 809.06it/s][A

Validation DataLoader 0:  42%|████▏     | 91/215 [00:00<00:00, 808.82it/s][A

Validation DataLoader 0:  43%|████▎     | 92/215 [00:00<00:00, 808.53it/s][A

Validation DataLoader 0:  43%|████▎     | 93/215 [00:00<00:00, 808.40it/s][A

Validation DataLoader 0:  44%|████▎     | 94/215 [00:00<00:00, 808.22it/s][A

Validation DataLoader 0:  44%|████▍     | 95/215 [00:00<00:00, 808.11it/s][A

Validation DataLoader 0:  45%|████▍     | 96/215 [00:00<00:00, 807.96it/s][A

Validation DataLoader 0:  45%|████▌     | 97/215 [00:00<00:00, 807.96it/s][A

Validation DataLoader 0:  46%|████▌     | 98/215 [00:00<00:00, 807.93it/s][A

Validation DataLoader 0:  46%|████▌     | 99/215 [00:00<00:00, 807.81it/s][A

Validation DataLoader 0:  47%|████▋     | 100/215 [00:00<00:00, 807.54it/s][A

Validation DataLoader 0:  47%|████▋     | 101/215 [00:00<00:00, 807.44it/s][A

Validation DataLoader 0:  47%|████▋     | 102/215 [00:00<00:00, 807.30it/s][A

Validation DataLoader 0:  48%|████▊     | 103/215 [00:00<00:00, 807.21it/s][A

Validation DataLoader 0:  48%|████▊     | 104/215 [00:00<00:00, 807.17it/s][A

Validation DataLoader 0:  49%|████▉     | 105/215 [00:00<00:00, 807.00it/s][A

Validation DataLoader 0:  49%|████▉     | 106/215 [00:00<00:00, 806.95it/s][A

Validation DataLoader 0:  50%|████▉     | 107/215 [00:00<00:00, 806.82it/s][A

Validation DataLoader 0:  50%|█████     | 108/215 [00:00<00:00, 806.54it/s][A

Validation DataLoader 0:  51%|█████     | 109/215 [00:00<00:00, 805.53it/s][A

Validation DataLoader 0:  51%|█████     | 110/215 [00:00<00:00, 805.45it/s][A

Validation DataLoader 0:  52%|█████▏    | 111/215 [00:00<00:00, 805.35it/s][A

Validation DataLoader 0:  52%|█████▏    | 112/215 [00:00<00:00, 805.40it/s][A

Validation DataLoader 0:  53%|█████▎    | 113/215 [00:00<00:00, 805.38it/s][A

Validation DataLoader 0:  53%|█████▎    | 114/215 [00:00<00:00, 805.39it/s][A

Validation DataLoader 0:  53%|█████▎    | 115/215 [00:00<00:00, 805.16it/s][A

Validation DataLoader 0:  54%|█████▍    | 116/215 [00:00<00:00, 805.08it/s][A

Validation DataLoader 0:  54%|█████▍    | 117/215 [00:00<00:00, 805.02it/s][A

Validation DataLoader 0:  55%|█████▍    | 118/215 [00:00<00:00, 804.97it/s][A

Validation DataLoader 0:  55%|█████▌    | 119/215 [00:00<00:00, 804.92it/s][A

Validation DataLoader 0:  56%|█████▌    | 120/215 [00:00<00:00, 804.92it/s][A

Validation DataLoader 0:  56%|█████▋    | 121/215 [00:00<00:00, 804.87it/s][A

Validation DataLoader 0:  57%|█████▋    | 122/215 [00:00<00:00, 804.87it/s][A

Validation DataLoader 0:  57%|█████▋    | 123/215 [00:00<00:00, 804.78it/s][A

Validation DataLoader 0:  58%|█████▊    | 124/215 [00:00<00:00, 804.66it/s][A

Validation DataLoader 0:  58%|█████▊    | 125/215 [00:00<00:00, 804.62it/s][A

Validation DataLoader 0:  59%|█████▊    | 126/215 [00:00<00:00, 804.55it/s][A

Validation DataLoader 0:  59%|█████▉    | 127/215 [00:00<00:00, 804.38it/s][A

Validation DataLoader 0:  60%|█████▉    | 128/215 [00:00<00:00, 804.43it/s][A

Validation DataLoader 0:  60%|██████    | 129/215 [00:00<00:00, 804.44it/s][A

Validation DataLoader 0:  60%|██████    | 130/215 [00:00<00:00, 804.45it/s][A

Validation DataLoader 0:  61%|██████    | 131/215 [00:00<00:00, 804.24it/s][A

Validation DataLoader 0:  61%|██████▏   | 132/215 [00:00<00:00, 804.16it/s][A

Validation DataLoader 0:  62%|██████▏   | 133/215 [00:00<00:00, 804.13it/s][A

Validation DataLoader 0:  62%|██████▏   | 134/215 [00:00<00:00, 803.96it/s][A

Validation DataLoader 0:  63%|██████▎   | 135/215 [00:00<00:00, 803.89it/s][A

Validation DataLoader 0:  63%|██████▎   | 136/215 [00:00<00:00, 803.95it/s][A

Validation DataLoader 0:  64%|██████▎   | 137/215 [00:00<00:00, 803.96it/s][A

Validation DataLoader 0:  64%|██████▍   | 138/215 [00:00<00:00, 803.96it/s][A

Validation DataLoader 0:  65%|██████▍   | 139/215 [00:00<00:00, 803.69it/s][A

Validation DataLoader 0:  65%|██████▌   | 140/215 [00:00<00:00, 803.63it/s][A

Validation DataLoader 0:  66%|██████▌   | 141/215 [00:00<00:00, 803.58it/s][A

Validation DataLoader 0:  66%|██████▌   | 142/215 [00:00<00:00, 803.44it/s][A

Validation DataLoader 0:  67%|██████▋   | 143/215 [00:00<00:00, 803.38it/s][A

Validation DataLoader 0:  67%|██████▋   | 144/215 [00:00<00:00, 803.41it/s][A

Validation DataLoader 0:  67%|██████▋   | 145/215 [00:00<00:00, 803.45it/s][A

Validation DataLoader 0:  68%|██████▊   | 146/215 [00:00<00:00, 803.42it/s][A

Validation DataLoader 0:  68%|██████▊   | 147/215 [00:00<00:00, 803.35it/s][A

Validation DataLoader 0:  69%|██████▉   | 148/215 [00:00<00:00, 803.25it/s][A

Validation DataLoader 0:  69%|██████▉   | 149/215 [00:00<00:00, 803.22it/s][A

Validation DataLoader 0:  70%|██████▉   | 150/215 [00:00<00:00, 803.12it/s][A

Validation DataLoader 0:  70%|███████   | 151/215 [00:00<00:00, 803.09it/s][A

Validation DataLoader 0:  71%|███████   | 152/215 [00:00<00:00, 803.04it/s][A

Validation DataLoader 0:  71%|███████   | 153/215 [00:00<00:00, 803.05it/s][A

Validation DataLoader 0:  72%|███████▏  | 154/215 [00:00<00:00, 802.90it/s][A

Validation DataLoader 0:  72%|███████▏  | 155/215 [00:00<00:00, 802.78it/s][A

Validation DataLoader 0:  73%|███████▎  | 156/215 [00:00<00:00, 802.70it/s][A

Validation DataLoader 0:  73%|███████▎  | 157/215 [00:00<00:00, 802.67it/s][A

Validation DataLoader 0:  73%|███████▎  | 158/215 [00:00<00:00, 802.56it/s][A

Validation DataLoader 0:  74%|███████▍  | 159/215 [00:00<00:00, 802.53it/s][A

Validation DataLoader 0:  74%|███████▍  | 160/215 [00:00<00:00, 802.50it/s][A

Validation DataLoader 0:  75%|███████▍  | 161/215 [00:00<00:00, 802.45it/s][A

Validation DataLoader 0:  75%|███████▌  | 162/215 [00:00<00:00, 802.39it/s][A

Validation DataLoader 0:  76%|███████▌  | 163/215 [00:00<00:00, 802.34it/s][A

Validation DataLoader 0:  76%|███████▋  | 164/215 [00:00<00:00, 802.24it/s][A

Validation DataLoader 0:  77%|███████▋  | 165/215 [00:00<00:00, 802.17it/s][A

Validation DataLoader 0:  77%|███████▋  | 166/215 [00:00<00:00, 802.14it/s][A

Validation DataLoader 0:  78%|███████▊  | 167/215 [00:00<00:00, 802.10it/s][A

Validation DataLoader 0:  78%|███████▊  | 168/215 [00:00<00:00, 802.03it/s][A

Validation DataLoader 0:  79%|███████▊  | 169/215 [00:00<00:00, 802.03it/s][A

Validation DataLoader 0:  79%|███████▉  | 170/215 [00:00<00:00, 802.03it/s][A

Validation DataLoader 0:  80%|███████▉  | 171/215 [00:00<00:00, 801.98it/s][A

Validation DataLoader 0:  80%|████████  | 172/215 [00:00<00:00, 801.39it/s][A

Validation DataLoader 0:  80%|████████  | 173/215 [00:00<00:00, 801.36it/s][A

Validation DataLoader 0:  81%|████████  | 174/215 [00:00<00:00, 801.30it/s][A

Validation DataLoader 0:  81%|████████▏ | 175/215 [00:00<00:00, 801.30it/s][A

Validation DataLoader 0:  82%|████████▏ | 176/215 [00:00<00:00, 801.35it/s][A

Validation DataLoader 0:  82%|████████▏ | 177/215 [00:00<00:00, 801.33it/s][A

Validation DataLoader 0:  83%|████████▎ | 178/215 [00:00<00:00, 801.38it/s][A

Validation DataLoader 0:  83%|████████▎ | 179/215 [00:00<00:00, 801.35it/s][A

Validation DataLoader 0:  84%|████████▎ | 180/215 [00:00<00:00, 801.34it/s][A

Validation DataLoader 0:  84%|████████▍ | 181/215 [00:00<00:00, 801.26it/s][A

Validation DataLoader 0:  85%|████████▍ | 182/215 [00:00<00:00, 801.23it/s][A

Validation DataLoader 0:  85%|████████▌ | 183/215 [00:00<00:00, 801.22it/s][A

Validation DataLoader 0:  86%|████████▌ | 184/215 [00:00<00:00, 801.28it/s][A

Validation DataLoader 0:  86%|████████▌ | 185/215 [00:00<00:00, 801.30it/s][A

Validation DataLoader 0:  87%|████████▋ | 186/215 [00:00<00:00, 801.33it/s][A

Validation DataLoader 0:  87%|████████▋ | 187/215 [00:00<00:00, 801.26it/s][A

Validation DataLoader 0:  87%|████████▋ | 188/215 [00:00<00:00, 801.23it/s][A

Validation DataLoader 0:  88%|████████▊ | 189/215 [00:00<00:00, 801.20it/s][A

Validation DataLoader 0:  88%|████████▊ | 190/215 [00:00<00:00, 801.17it/s][A

Validation DataLoader 0:  89%|████████▉ | 191/215 [00:00<00:00, 801.15it/s][A

Validation DataLoader 0:  89%|████████▉ | 192/215 [00:00<00:00, 801.20it/s][A

Validation DataLoader 0:  90%|████████▉ | 193/215 [00:00<00:00, 801.10it/s][A

Validation DataLoader 0:  90%|█████████ | 194/215 [00:00<00:00, 801.11it/s][A

Validation DataLoader 0:  91%|█████████ | 195/215 [00:00<00:00, 801.07it/s][A

Validation DataLoader 0:  91%|█████████ | 196/215 [00:00<00:00, 800.97it/s][A

Validation DataLoader 0:  92%|█████████▏| 197/215 [00:00<00:00, 800.95it/s][A

Validation DataLoader 0:  92%|█████████▏| 198/215 [00:00<00:00, 800.94it/s][A

Validation DataLoader 0:  93%|█████████▎| 199/215 [00:00<00:00, 800.92it/s][A

Validation DataLoader 0:  93%|█████████▎| 200/215 [00:00<00:00, 801.03it/s][A

Validation DataLoader 0:  93%|█████████▎| 201/215 [00:00<00:00, 801.28it/s][A

Validation DataLoader 0:  94%|█████████▍| 202/215 [00:00<00:00, 801.55it/s][A

Validation DataLoader 0:  94%|█████████▍| 203/215 [00:00<00:00, 801.72it/s][A

Validation DataLoader 0:  95%|█████████▍| 204/215 [00:00<00:00, 801.90it/s][A

Validation DataLoader 0:  95%|█████████▌| 205/215 [00:00<00:00, 802.17it/s][A

Validation DataLoader 0:  96%|█████████▌| 206/215 [00:00<00:00, 802.20it/s][A

Validation DataLoader 0:  96%|█████████▋| 207/215 [00:00<00:00, 802.45it/s][A

Validation DataLoader 0:  97%|█████████▋| 208/215 [00:00<00:00, 802.74it/s][A

Validation DataLoader 0:  97%|█████████▋| 209/215 [00:00<00:00, 802.96it/s][A

Validation DataLoader 0:  98%|█████████▊| 210/215 [00:00<00:00, 803.23it/s][A

Validation DataLoader 0:  98%|█████████▊| 211/215 [00:00<00:00, 803.49it/s][A

Validation DataLoader 0:  99%|█████████▊| 212/215 [00:00<00:00, 803.65it/s][A

Validation DataLoader 0:  99%|█████████▉| 213/215 [00:00<00:00, 803.90it/s][A

Validation DataLoader 0: 100%|█████████▉| 214/215 [00:00<00:00, 804.16it/s][A

Validation DataLoader 0: 100%|██████████| 215/215 [00:00<00:00, 804.40it/s][A

                                                                           [A
Epoch 0: 100%|██████████| 1935/1935 [00:06<00:00, 292.24it/s]
Epoch 0: 100%|██████████| 1935/1935 [00:06<00:00, 292.22it/s]
Epoch 0: 100%|██████████| 1935/1935 [00:06<00:00, 292.20it/s]
Starting TEST for rf on Fox with window size 60...

Testing: |          | 0/? [00:00<?, ?it/s]
Testing:   0%|          | 0/538 [00:00<?, ?it/s]
Testing DataLoader 0:   0%|          | 0/538 [00:00<?, ?it/s]
Testing DataLoader 0:   0%|          | 1/538 [00:00<00:14, 37.39it/s]
Testing DataLoader 0:   0%|          | 2/538 [00:00<00:15, 35.23it/s]
Testing DataLoader 0:   1%|          | 3/538 [00:00<00:14, 37.22it/s]
Testing DataLoader 0:   1%|          | 4/538 [00:00<00:13, 38.38it/s]
Testing DataLoader 0:   1%|          | 5/538 [00:00<00:13, 38.94it/s]
Testing DataLoader 0:   1%|          | 6/538 [00:00<00:13, 39.46it/s]
Testing DataLoader 0:   1%|▏         | 7/538 [00:00<00:13, 39.91it/s]
Testing DataLoader 0:   1%|▏         | 8/538 [00:00<00:13, 40.01it/s]
Testing DataLoader 0:   2%|▏         | 9/538 [00:00<00:13, 40.10it/s]
Testing DataLoader 0:   2%|▏         | 10/538 [00:00<00:13, 40.32it/s]
Testing DataLoader 0:   2%|▏         | 11/538 [00:00<00:13, 40.51it/s]
Testing DataLoader 0:   2%|▏         | 12/538 [00:00<00:12, 40.69it/s]
Testing DataLoader 0:   2%|▏         | 13/538 [00:00<00:12, 40.70it/s]
Testing DataLoader 0:   3%|▎         | 14/538 [00:00<00:12, 40.82it/s]
Testing DataLoader 0:   3%|▎         | 15/538 [00:00<00:12, 40.93it/s]
Testing DataLoader 0:   3%|▎         | 16/538 [00:00<00:12, 41.05it/s]
Testing DataLoader 0:   3%|▎         | 17/538 [00:00<00:12, 41.08it/s]
Testing DataLoader 0:   3%|▎         | 18/538 [00:00<00:12, 41.09it/s]
Testing DataLoader 0:   4%|▎         | 19/538 [00:00<00:12, 41.12it/s]
Testing DataLoader 0:   4%|▎         | 20/538 [00:00<00:12, 41.09it/s]
Testing DataLoader 0:   4%|▍         | 21/538 [00:00<00:12, 41.11it/s]
Testing DataLoader 0:   4%|▍         | 22/538 [00:00<00:12, 41.11it/s]
Testing DataLoader 0:   4%|▍         | 23/538 [00:00<00:12, 41.14it/s]
Testing DataLoader 0:   4%|▍         | 24/538 [00:00<00:12, 41.14it/s]
Testing DataLoader 0:   5%|▍         | 25/538 [00:00<00:12, 41.13it/s]
Testing DataLoader 0:   5%|▍         | 26/538 [00:00<00:12, 41.16it/s]
Testing DataLoader 0:   5%|▌         | 27/538 [00:00<00:12, 41.16it/s]
Testing DataLoader 0:   5%|▌         | 28/538 [00:00<00:12, 41.17it/s]
Testing DataLoader 0:   5%|▌         | 29/538 [00:00<00:12, 41.18it/s]
Testing DataLoader 0:   6%|▌         | 30/538 [00:00<00:12, 41.18it/s]
Testing DataLoader 0:   6%|▌         | 31/538 [00:00<00:12, 41.18it/s]
Testing DataLoader 0:   6%|▌         | 32/538 [00:00<00:12, 41.18it/s]
Testing DataLoader 0:   6%|▌         | 33/538 [00:00<00:12, 41.18it/s]
Testing DataLoader 0:   6%|▋         | 34/538 [00:00<00:12, 41.19it/s]
Testing DataLoader 0:   7%|▋         | 35/538 [00:00<00:12, 41.19it/s]
Testing DataLoader 0:   7%|▋         | 36/538 [00:00<00:12, 41.19it/s]
Testing DataLoader 0:   7%|▋         | 37/538 [00:00<00:12, 41.21it/s]
Testing DataLoader 0:   7%|▋         | 38/538 [00:00<00:12, 41.20it/s]
Testing DataLoader 0:   7%|▋         | 39/538 [00:00<00:12, 41.21it/s]
Testing DataLoader 0:   7%|▋         | 40/538 [00:00<00:12, 41.22it/s]
Testing DataLoader 0:   8%|▊         | 41/538 [00:00<00:12, 41.24it/s]
Testing DataLoader 0:   8%|▊         | 42/538 [00:01<00:12, 41.25it/s]
Testing DataLoader 0:   8%|▊         | 43/538 [00:01<00:11, 41.26it/s]
Testing DataLoader 0:   8%|▊         | 44/538 [00:01<00:11, 41.27it/s]
Testing DataLoader 0:   8%|▊         | 45/538 [00:01<00:11, 41.25it/s]
Testing DataLoader 0:   9%|▊         | 46/538 [00:01<00:11, 41.25it/s]
Testing DataLoader 0:   9%|▊         | 47/538 [00:01<00:11, 41.26it/s]
Testing DataLoader 0:   9%|▉         | 48/538 [00:01<00:11, 41.26it/s]
Testing DataLoader 0:   9%|▉         | 49/538 [00:01<00:11, 41.25it/s]
Testing DataLoader 0:   9%|▉         | 50/538 [00:01<00:11, 41.26it/s]
Testing DataLoader 0:   9%|▉         | 51/538 [00:01<00:11, 41.27it/s]
Testing DataLoader 0:  10%|▉         | 52/538 [00:01<00:11, 41.27it/s]
Testing DataLoader 0:  10%|▉         | 53/538 [00:01<00:11, 41.26it/s]
Testing DataLoader 0:  10%|█         | 54/538 [00:01<00:11, 41.25it/s]
Testing DataLoader 0:  10%|█         | 55/538 [00:01<00:11, 41.23it/s]
Testing DataLoader 0:  10%|█         | 56/538 [00:01<00:11, 41.24it/s]
Testing DataLoader 0:  11%|█         | 57/538 [00:01<00:11, 41.24it/s]
Testing DataLoader 0:  11%|█         | 58/538 [00:01<00:11, 41.25it/s]
Testing DataLoader 0:  11%|█         | 59/538 [00:01<00:11, 41.25it/s]
Testing DataLoader 0:  11%|█         | 60/538 [00:01<00:11, 41.25it/s]
Testing DataLoader 0:  11%|█▏        | 61/538 [00:01<00:11, 41.25it/s]
Testing DataLoader 0:  12%|█▏        | 62/538 [00:01<00:11, 41.25it/s]
Testing DataLoader 0:  12%|█▏        | 63/538 [00:01<00:11, 41.25it/s]
Testing DataLoader 0:  12%|█▏        | 64/538 [00:01<00:11, 41.25it/s]
Testing DataLoader 0:  12%|█▏        | 65/538 [00:01<00:11, 41.25it/s]
Testing DataLoader 0:  12%|█▏        | 66/538 [00:01<00:11, 41.23it/s]
Testing DataLoader 0:  12%|█▏        | 67/538 [00:01<00:11, 41.23it/s]
Testing DataLoader 0:  13%|█▎        | 68/538 [00:01<00:11, 41.23it/s]
Testing DataLoader 0:  13%|█▎        | 69/538 [00:01<00:11, 41.23it/s]
Testing DataLoader 0:  13%|█▎        | 70/538 [00:01<00:11, 41.23it/s]
Testing DataLoader 0:  13%|█▎        | 71/538 [00:01<00:11, 41.24it/s]
Testing DataLoader 0:  13%|█▎        | 72/538 [00:01<00:11, 41.25it/s]
Testing DataLoader 0:  14%|█▎        | 73/538 [00:01<00:11, 41.25it/s]
Testing DataLoader 0:  14%|█▍        | 74/538 [00:01<00:11, 41.24it/s]
Testing DataLoader 0:  14%|█▍        | 75/538 [00:01<00:11, 41.24it/s]
Testing DataLoader 0:  14%|█▍        | 76/538 [00:01<00:11, 41.24it/s]
Testing DataLoader 0:  14%|█▍        | 77/538 [00:01<00:11, 41.24it/s]
Testing DataLoader 0:  14%|█▍        | 78/538 [00:01<00:11, 41.24it/s]
Testing DataLoader 0:  15%|█▍        | 79/538 [00:01<00:11, 41.24it/s]
Testing DataLoader 0:  15%|█▍        | 80/538 [00:01<00:11, 41.21it/s]
Testing DataLoader 0:  15%|█▌        | 81/538 [00:01<00:11, 41.22it/s]
Testing DataLoader 0:  15%|█▌        | 82/538 [00:01<00:11, 41.22it/s]
Testing DataLoader 0:  15%|█▌        | 83/538 [00:02<00:11, 41.23it/s]
Testing DataLoader 0:  16%|█▌        | 84/538 [00:02<00:11, 41.24it/s]
Testing DataLoader 0:  16%|█▌        | 85/538 [00:02<00:10, 41.24it/s]
Testing DataLoader 0:  16%|█▌        | 86/538 [00:02<00:10, 41.24it/s]
Testing DataLoader 0:  16%|█▌        | 87/538 [00:02<00:10, 41.24it/s]
Testing DataLoader 0:  16%|█▋        | 88/538 [00:02<00:10, 41.24it/s]
Testing DataLoader 0:  17%|█▋        | 89/538 [00:02<00:10, 41.23it/s]
Testing DataLoader 0:  17%|█▋        | 90/538 [00:02<00:10, 41.23it/s]
Testing DataLoader 0:  17%|█▋        | 91/538 [00:02<00:10, 41.23it/s]
Testing DataLoader 0:  17%|█▋        | 92/538 [00:02<00:10, 41.23it/s]
Testing DataLoader 0:  17%|█▋        | 93/538 [00:02<00:10, 41.23it/s]
Testing DataLoader 0:  17%|█▋        | 94/538 [00:02<00:10, 41.23it/s]
Testing DataLoader 0:  18%|█▊        | 95/538 [00:02<00:10, 41.24it/s]
Testing DataLoader 0:  18%|█▊        | 96/538 [00:02<00:10, 41.22it/s]
Testing DataLoader 0:  18%|█▊        | 97/538 [00:02<00:10, 41.22it/s]
Testing DataLoader 0:  18%|█▊        | 98/538 [00:02<00:10, 41.22it/s]
Testing DataLoader 0:  18%|█▊        | 99/538 [00:02<00:10, 41.22it/s]
Testing DataLoader 0:  19%|█▊        | 100/538 [00:02<00:10, 41.22it/s]
Testing DataLoader 0:  19%|█▉        | 101/538 [00:02<00:10, 41.23it/s]
Testing DataLoader 0:  19%|█▉        | 102/538 [00:02<00:10, 41.20it/s]
Testing DataLoader 0:  19%|█▉        | 103/538 [00:02<00:10, 41.20it/s]
Testing DataLoader 0:  19%|█▉        | 104/538 [00:02<00:10, 41.19it/s]
Testing DataLoader 0:  20%|█▉        | 105/538 [00:02<00:10, 41.20it/s]
Testing DataLoader 0:  20%|█▉        | 106/538 [00:02<00:10, 41.19it/s]
Testing DataLoader 0:  20%|█▉        | 107/538 [00:02<00:10, 41.20it/s]
Testing DataLoader 0:  20%|██        | 108/538 [00:02<00:10, 41.20it/s]
Testing DataLoader 0:  20%|██        | 109/538 [00:02<00:10, 41.20it/s]
Testing DataLoader 0:  20%|██        | 110/538 [00:02<00:10, 41.19it/s]
Testing DataLoader 0:  21%|██        | 111/538 [00:02<00:10, 41.20it/s]
Testing DataLoader 0:  21%|██        | 112/538 [00:02<00:10, 41.20it/s]
Testing DataLoader 0:  21%|██        | 113/538 [00:02<00:10, 41.20it/s]
Testing DataLoader 0:  21%|██        | 114/538 [00:02<00:10, 41.19it/s]
Testing DataLoader 0:  21%|██▏       | 115/538 [00:02<00:10, 41.19it/s]
Testing DataLoader 0:  22%|██▏       | 116/538 [00:02<00:10, 41.19it/s]
Testing DataLoader 0:  22%|██▏       | 117/538 [00:02<00:10, 41.19it/s]
Testing DataLoader 0:  22%|██▏       | 118/538 [00:02<00:10, 41.19it/s]
Testing DataLoader 0:  22%|██▏       | 119/538 [00:02<00:10, 41.19it/s]
Testing DataLoader 0:  22%|██▏       | 120/538 [00:02<00:10, 41.19it/s]
Testing DataLoader 0:  22%|██▏       | 121/538 [00:02<00:10, 41.20it/s]
Testing DataLoader 0:  23%|██▎       | 122/538 [00:02<00:10, 41.20it/s]
Testing DataLoader 0:  23%|██▎       | 123/538 [00:02<00:10, 41.20it/s]
Testing DataLoader 0:  23%|██▎       | 124/538 [00:03<00:10, 41.20it/s]
Testing DataLoader 0:  23%|██▎       | 125/538 [00:03<00:10, 41.20it/s]
Testing DataLoader 0:  23%|██▎       | 126/538 [00:03<00:10, 41.19it/s]
Testing DataLoader 0:  24%|██▎       | 127/538 [00:03<00:09, 41.19it/s]
Testing DataLoader 0:  24%|██▍       | 128/538 [00:03<00:09, 41.18it/s]
Testing DataLoader 0:  24%|██▍       | 129/538 [00:03<00:09, 41.17it/s]
Testing DataLoader 0:  24%|██▍       | 130/538 [00:03<00:09, 41.17it/s]
Testing DataLoader 0:  24%|██▍       | 131/538 [00:03<00:09, 41.18it/s]
Testing DataLoader 0:  25%|██▍       | 132/538 [00:03<00:09, 41.18it/s]
Testing DataLoader 0:  25%|██▍       | 133/538 [00:03<00:09, 41.18it/s]
Testing DataLoader 0:  25%|██▍       | 134/538 [00:03<00:09, 41.19it/s]
Testing DataLoader 0:  25%|██▌       | 135/538 [00:03<00:09, 41.18it/s]
Testing DataLoader 0:  25%|██▌       | 136/538 [00:03<00:09, 41.18it/s]
Testing DataLoader 0:  25%|██▌       | 137/538 [00:03<00:09, 41.19it/s]
Testing DataLoader 0:  26%|██▌       | 138/538 [00:03<00:09, 41.19it/s]
Testing DataLoader 0:  26%|██▌       | 139/538 [00:03<00:09, 41.19it/s]
Testing DataLoader 0:  26%|██▌       | 140/538 [00:03<00:09, 41.19it/s]
Testing DataLoader 0:  26%|██▌       | 141/538 [00:03<00:09, 41.19it/s]
Testing DataLoader 0:  26%|██▋       | 142/538 [00:03<00:09, 41.19it/s]
Testing DataLoader 0:  27%|██▋       | 143/538 [00:03<00:09, 41.19it/s]
Testing DataLoader 0:  27%|██▋       | 144/538 [00:03<00:09, 41.20it/s]
Testing DataLoader 0:  27%|██▋       | 145/538 [00:03<00:09, 41.20it/s]
Testing DataLoader 0:  27%|██▋       | 146/538 [00:03<00:09, 41.20it/s]
Testing DataLoader 0:  27%|██▋       | 147/538 [00:03<00:09, 41.20it/s]
Testing DataLoader 0:  28%|██▊       | 148/538 [00:03<00:09, 41.21it/s]
Testing DataLoader 0:  28%|██▊       | 149/538 [00:03<00:09, 41.21it/s]
Testing DataLoader 0:  28%|██▊       | 150/538 [00:03<00:09, 41.22it/s]
Testing DataLoader 0:  28%|██▊       | 151/538 [00:03<00:09, 41.21it/s]
Testing DataLoader 0:  28%|██▊       | 152/538 [00:03<00:09, 41.21it/s]
Testing DataLoader 0:  28%|██▊       | 153/538 [00:03<00:09, 41.21it/s]
Testing DataLoader 0:  29%|██▊       | 154/538 [00:03<00:09, 41.22it/s]
Testing DataLoader 0:  29%|██▉       | 155/538 [00:03<00:09, 41.21it/s]
Testing DataLoader 0:  29%|██▉       | 156/538 [00:03<00:09, 41.22it/s]
Testing DataLoader 0:  29%|██▉       | 157/538 [00:03<00:09, 41.22it/s]
Testing DataLoader 0:  29%|██▉       | 158/538 [00:03<00:09, 41.21it/s]
Testing DataLoader 0:  30%|██▉       | 159/538 [00:03<00:09, 41.21it/s]
Testing DataLoader 0:  30%|██▉       | 160/538 [00:03<00:09, 41.21it/s]
Testing DataLoader 0:  30%|██▉       | 161/538 [00:03<00:09, 41.21it/s]
Testing DataLoader 0:  30%|███       | 162/538 [00:03<00:09, 41.21it/s]
Testing DataLoader 0:  30%|███       | 163/538 [00:03<00:09, 41.21it/s]
Testing DataLoader 0:  30%|███       | 164/538 [00:03<00:09, 41.21it/s]
Testing DataLoader 0:  31%|███       | 165/538 [00:04<00:09, 41.21it/s]
Testing DataLoader 0:  31%|███       | 166/538 [00:04<00:09, 41.21it/s]
Testing DataLoader 0:  31%|███       | 167/538 [00:04<00:09, 41.22it/s]
Testing DataLoader 0:  31%|███       | 168/538 [00:04<00:08, 41.22it/s]
Testing DataLoader 0:  31%|███▏      | 169/538 [00:04<00:08, 41.22it/s]
Testing DataLoader 0:  32%|███▏      | 170/538 [00:04<00:08, 41.22it/s]
Testing DataLoader 0:  32%|███▏      | 171/538 [00:04<00:08, 41.22it/s]
Testing DataLoader 0:  32%|███▏      | 172/538 [00:04<00:08, 41.23it/s]
Testing DataLoader 0:  32%|███▏      | 173/538 [00:04<00:08, 41.23it/s]
Testing DataLoader 0:  32%|███▏      | 174/538 [00:04<00:08, 41.22it/s]
Testing DataLoader 0:  33%|███▎      | 175/538 [00:04<00:08, 41.22it/s]
Testing DataLoader 0:  33%|███▎      | 176/538 [00:04<00:08, 41.22it/s]
Testing DataLoader 0:  33%|███▎      | 177/538 [00:04<00:08, 41.22it/s]
Testing DataLoader 0:  33%|███▎      | 178/538 [00:04<00:08, 41.23it/s]
Testing DataLoader 0:  33%|███▎      | 179/538 [00:04<00:08, 41.23it/s]
Testing DataLoader 0:  33%|███▎      | 180/538 [00:04<00:08, 41.23it/s]
Testing DataLoader 0:  34%|███▎      | 181/538 [00:04<00:08, 41.23it/s]
Testing DataLoader 0:  34%|███▍      | 182/538 [00:04<00:08, 41.24it/s]
Testing DataLoader 0:  34%|███▍      | 183/538 [00:04<00:08, 41.24it/s]
Testing DataLoader 0:  34%|███▍      | 184/538 [00:04<00:08, 41.24it/s]
Testing DataLoader 0:  34%|███▍      | 185/538 [00:04<00:08, 41.23it/s]
Testing DataLoader 0:  35%|███▍      | 186/538 [00:04<00:08, 41.23it/s]
Testing DataLoader 0:  35%|███▍      | 187/538 [00:04<00:08, 41.24it/s]
Testing DataLoader 0:  35%|███▍      | 188/538 [00:04<00:08, 41.23it/s]
Testing DataLoader 0:  35%|███▌      | 189/538 [00:04<00:08, 41.23it/s]
Testing DataLoader 0:  35%|███▌      | 190/538 [00:04<00:08, 41.23it/s]
Testing DataLoader 0:  36%|███▌      | 191/538 [00:04<00:08, 41.23it/s]
Testing DataLoader 0:  36%|███▌      | 192/538 [00:04<00:08, 41.22it/s]
Testing DataLoader 0:  36%|███▌      | 193/538 [00:04<00:08, 41.23it/s]
Testing DataLoader 0:  36%|███▌      | 194/538 [00:04<00:08, 41.22it/s]
Testing DataLoader 0:  36%|███▌      | 195/538 [00:04<00:08, 41.22it/s]
Testing DataLoader 0:  36%|███▋      | 196/538 [00:04<00:08, 41.22it/s]
Testing DataLoader 0:  37%|███▋      | 197/538 [00:04<00:08, 41.23it/s]
Testing DataLoader 0:  37%|███▋      | 198/538 [00:04<00:08, 41.22it/s]
Testing DataLoader 0:  37%|███▋      | 199/538 [00:04<00:08, 41.23it/s]
Testing DataLoader 0:  37%|███▋      | 200/538 [00:04<00:08, 41.22it/s]
Testing DataLoader 0:  37%|███▋      | 201/538 [00:04<00:08, 41.22it/s]
Testing DataLoader 0:  38%|███▊      | 202/538 [00:04<00:08, 41.22it/s]
Testing DataLoader 0:  38%|███▊      | 203/538 [00:04<00:08, 41.21it/s]
Testing DataLoader 0:  38%|███▊      | 204/538 [00:04<00:08, 41.21it/s]
Testing DataLoader 0:  38%|███▊      | 205/538 [00:04<00:08, 41.21it/s]
Testing DataLoader 0:  38%|███▊      | 206/538 [00:04<00:08, 41.21it/s]
Testing DataLoader 0:  38%|███▊      | 207/538 [00:05<00:08, 41.21it/s]
Testing DataLoader 0:  39%|███▊      | 208/538 [00:05<00:08, 41.22it/s]
Testing DataLoader 0:  39%|███▉      | 209/538 [00:05<00:07, 41.22it/s]
Testing DataLoader 0:  39%|███▉      | 210/538 [00:05<00:07, 41.22it/s]
Testing DataLoader 0:  39%|███▉      | 211/538 [00:05<00:07, 41.22it/s]
Testing DataLoader 0:  39%|███▉      | 212/538 [00:05<00:07, 41.22it/s]
Testing DataLoader 0:  40%|███▉      | 213/538 [00:05<00:07, 41.22it/s]
Testing DataLoader 0:  40%|███▉      | 214/538 [00:05<00:07, 41.22it/s]
Testing DataLoader 0:  40%|███▉      | 215/538 [00:05<00:07, 41.21it/s]
Testing DataLoader 0:  40%|████      | 216/538 [00:05<00:07, 41.21it/s]
Testing DataLoader 0:  40%|████      | 217/538 [00:05<00:07, 41.22it/s]
Testing DataLoader 0:  41%|████      | 218/538 [00:05<00:07, 41.22it/s]
Testing DataLoader 0:  41%|████      | 219/538 [00:05<00:07, 41.22it/s]
Testing DataLoader 0:  41%|████      | 220/538 [00:05<00:07, 41.22it/s]
Testing DataLoader 0:  41%|████      | 221/538 [00:05<00:07, 41.21it/s]
Testing DataLoader 0:  41%|████▏     | 222/538 [00:05<00:07, 41.22it/s]
Testing DataLoader 0:  41%|████▏     | 223/538 [00:05<00:07, 41.21it/s]
Testing DataLoader 0:  42%|████▏     | 224/538 [00:05<00:07, 41.21it/s]
Testing DataLoader 0:  42%|████▏     | 225/538 [00:05<00:07, 41.21it/s]
Testing DataLoader 0:  42%|████▏     | 226/538 [00:05<00:07, 41.21it/s]
Testing DataLoader 0:  42%|████▏     | 227/538 [00:05<00:07, 41.21it/s]
Testing DataLoader 0:  42%|████▏     | 228/538 [00:05<00:07, 41.21it/s]
Testing DataLoader 0:  43%|████▎     | 229/538 [00:05<00:07, 41.21it/s]
Testing DataLoader 0:  43%|████▎     | 230/538 [00:05<00:07, 41.21it/s]
Testing DataLoader 0:  43%|████▎     | 231/538 [00:05<00:07, 41.21it/s]
Testing DataLoader 0:  43%|████▎     | 232/538 [00:05<00:07, 41.21it/s]
Testing DataLoader 0:  43%|████▎     | 233/538 [00:05<00:07, 41.21it/s]
Testing DataLoader 0:  43%|████▎     | 234/538 [00:05<00:07, 41.21it/s]
Testing DataLoader 0:  44%|████▎     | 235/538 [00:05<00:07, 41.20it/s]
Testing DataLoader 0:  44%|████▍     | 236/538 [00:05<00:07, 41.20it/s]
Testing DataLoader 0:  44%|████▍     | 237/538 [00:05<00:07, 41.20it/s]
Testing DataLoader 0:  44%|████▍     | 238/538 [00:05<00:07, 39.86it/s]
Testing DataLoader 0:  44%|████▍     | 239/538 [00:05<00:07, 39.85it/s]
Testing DataLoader 0:  45%|████▍     | 240/538 [00:06<00:07, 39.86it/s]
Testing DataLoader 0:  45%|████▍     | 241/538 [00:06<00:07, 39.86it/s]
Testing DataLoader 0:  45%|████▍     | 242/538 [00:06<00:07, 39.87it/s]
Testing DataLoader 0:  45%|████▌     | 243/538 [00:06<00:07, 39.87it/s]
Testing DataLoader 0:  45%|████▌     | 244/538 [00:06<00:07, 39.88it/s]
Testing DataLoader 0:  46%|████▌     | 245/538 [00:06<00:07, 39.88it/s]
Testing DataLoader 0:  46%|████▌     | 246/538 [00:06<00:07, 39.89it/s]
Testing DataLoader 0:  46%|████▌     | 247/538 [00:06<00:07, 39.89it/s]
Testing DataLoader 0:  46%|████▌     | 248/538 [00:06<00:07, 39.90it/s]
Testing DataLoader 0:  46%|████▋     | 249/538 [00:06<00:07, 39.90it/s]
Testing DataLoader 0:  46%|████▋     | 250/538 [00:06<00:07, 39.91it/s]
Testing DataLoader 0:  47%|████▋     | 251/538 [00:06<00:07, 39.91it/s]
Testing DataLoader 0:  47%|████▋     | 252/538 [00:06<00:07, 39.92it/s]
Testing DataLoader 0:  47%|████▋     | 253/538 [00:06<00:07, 39.93it/s]
Testing DataLoader 0:  47%|████▋     | 254/538 [00:06<00:07, 39.93it/s]
Testing DataLoader 0:  47%|████▋     | 255/538 [00:06<00:07, 39.94it/s]
Testing DataLoader 0:  48%|████▊     | 256/538 [00:06<00:07, 39.94it/s]
Testing DataLoader 0:  48%|████▊     | 257/538 [00:06<00:07, 39.95it/s]
Testing DataLoader 0:  48%|████▊     | 258/538 [00:06<00:07, 39.95it/s]
Testing DataLoader 0:  48%|████▊     | 259/538 [00:06<00:06, 39.95it/s]
Testing DataLoader 0:  48%|████▊     | 260/538 [00:06<00:06, 39.96it/s]
Testing DataLoader 0:  49%|████▊     | 261/538 [00:06<00:06, 39.96it/s]
Testing DataLoader 0:  49%|████▊     | 262/538 [00:06<00:06, 39.97it/s]
Testing DataLoader 0:  49%|████▉     | 263/538 [00:06<00:06, 39.97it/s]
Testing DataLoader 0:  49%|████▉     | 264/538 [00:06<00:06, 39.98it/s]
Testing DataLoader 0:  49%|████▉     | 265/538 [00:06<00:06, 39.98it/s]
Testing DataLoader 0:  49%|████▉     | 266/538 [00:06<00:06, 39.99it/s]
Testing DataLoader 0:  50%|████▉     | 267/538 [00:06<00:06, 39.99it/s]
Testing DataLoader 0:  50%|████▉     | 268/538 [00:06<00:06, 39.99it/s]
Testing DataLoader 0:  50%|█████     | 269/538 [00:06<00:06, 39.99it/s]
Testing DataLoader 0:  50%|█████     | 270/538 [00:06<00:06, 40.00it/s]
Testing DataLoader 0:  50%|█████     | 271/538 [00:06<00:06, 40.01it/s]
Testing DataLoader 0:  51%|█████     | 272/538 [00:06<00:06, 40.01it/s]
Testing DataLoader 0:  51%|█████     | 273/538 [00:06<00:06, 40.01it/s]
Testing DataLoader 0:  51%|█████     | 274/538 [00:06<00:06, 40.02it/s]
Testing DataLoader 0:  51%|█████     | 275/538 [00:06<00:06, 40.02it/s]
Testing DataLoader 0:  51%|█████▏    | 276/538 [00:06<00:06, 40.03it/s]
Testing DataLoader 0:  51%|█████▏    | 277/538 [00:06<00:06, 40.03it/s]
Testing DataLoader 0:  52%|█████▏    | 278/538 [00:06<00:06, 40.03it/s]
Testing DataLoader 0:  52%|█████▏    | 279/538 [00:06<00:06, 40.04it/s]
Testing DataLoader 0:  52%|█████▏    | 280/538 [00:06<00:06, 40.03it/s]
Testing DataLoader 0:  52%|█████▏    | 281/538 [00:07<00:06, 40.03it/s]
Testing DataLoader 0:  52%|█████▏    | 282/538 [00:07<00:06, 40.04it/s]
Testing DataLoader 0:  53%|█████▎    | 283/538 [00:07<00:06, 40.04it/s]
Testing DataLoader 0:  53%|█████▎    | 284/538 [00:07<00:06, 40.04it/s]
Testing DataLoader 0:  53%|█████▎    | 285/538 [00:07<00:06, 40.05it/s]
Testing DataLoader 0:  53%|█████▎    | 286/538 [00:07<00:06, 40.04it/s]
Testing DataLoader 0:  53%|█████▎    | 287/538 [00:07<00:06, 40.05it/s]
Testing DataLoader 0:  54%|█████▎    | 288/538 [00:07<00:06, 40.04it/s]
Testing DataLoader 0:  54%|█████▎    | 289/538 [00:07<00:06, 40.05it/s]
Testing DataLoader 0:  54%|█████▍    | 290/538 [00:07<00:06, 40.05it/s]
Testing DataLoader 0:  54%|█████▍    | 291/538 [00:07<00:06, 40.05it/s]
Testing DataLoader 0:  54%|█████▍    | 292/538 [00:07<00:06, 40.05it/s]
Testing DataLoader 0:  54%|█████▍    | 293/538 [00:07<00:06, 40.05it/s]
Testing DataLoader 0:  55%|█████▍    | 294/538 [00:07<00:06, 40.06it/s]
Testing DataLoader 0:  55%|█████▍    | 295/538 [00:07<00:06, 40.06it/s]
Testing DataLoader 0:  55%|█████▌    | 296/538 [00:07<00:06, 40.06it/s]
Testing DataLoader 0:  55%|█████▌    | 297/538 [00:07<00:06, 40.06it/s]
Testing DataLoader 0:  55%|█████▌    | 298/538 [00:07<00:05, 40.07it/s]
Testing DataLoader 0:  56%|█████▌    | 299/538 [00:07<00:05, 40.07it/s]
Testing DataLoader 0:  56%|█████▌    | 300/538 [00:07<00:05, 40.08it/s]
Testing DataLoader 0:  56%|█████▌    | 301/538 [00:07<00:05, 40.08it/s]
Testing DataLoader 0:  56%|█████▌    | 302/538 [00:07<00:05, 40.08it/s]
Testing DataLoader 0:  56%|█████▋    | 303/538 [00:07<00:05, 40.09it/s]
Testing DataLoader 0:  57%|█████▋    | 304/538 [00:07<00:05, 40.09it/s]
Testing DataLoader 0:  57%|█████▋    | 305/538 [00:07<00:05, 40.10it/s]
Testing DataLoader 0:  57%|█████▋    | 306/538 [00:07<00:05, 40.10it/s]
Testing DataLoader 0:  57%|█████▋    | 307/538 [00:07<00:05, 40.10it/s]
Testing DataLoader 0:  57%|█████▋    | 308/538 [00:07<00:05, 40.10it/s]
Testing DataLoader 0:  57%|█████▋    | 309/538 [00:07<00:05, 40.10it/s]
Testing DataLoader 0:  58%|█████▊    | 310/538 [00:07<00:05, 40.11it/s]
Testing DataLoader 0:  58%|█████▊    | 311/538 [00:07<00:05, 40.11it/s]
Testing DataLoader 0:  58%|█████▊    | 312/538 [00:07<00:05, 40.11it/s]
Testing DataLoader 0:  58%|█████▊    | 313/538 [00:07<00:05, 40.12it/s]
Testing DataLoader 0:  58%|█████▊    | 314/538 [00:07<00:05, 40.12it/s]
Testing DataLoader 0:  59%|█████▊    | 315/538 [00:07<00:05, 40.13it/s]
Testing DataLoader 0:  59%|█████▊    | 316/538 [00:07<00:05, 40.13it/s]
Testing DataLoader 0:  59%|█████▉    | 317/538 [00:07<00:05, 40.13it/s]
Testing DataLoader 0:  59%|█████▉    | 318/538 [00:07<00:05, 40.14it/s]
Testing DataLoader 0:  59%|█████▉    | 319/538 [00:07<00:05, 40.14it/s]
Testing DataLoader 0:  59%|█████▉    | 320/538 [00:07<00:05, 40.14it/s]
Testing DataLoader 0:  60%|█████▉    | 321/538 [00:07<00:05, 40.15it/s]
Testing DataLoader 0:  60%|█████▉    | 322/538 [00:08<00:05, 40.14it/s]
Testing DataLoader 0:  60%|██████    | 323/538 [00:08<00:05, 40.15it/s]
Testing DataLoader 0:  60%|██████    | 324/538 [00:08<00:05, 40.15it/s]
Testing DataLoader 0:  60%|██████    | 325/538 [00:08<00:05, 40.15it/s]
Testing DataLoader 0:  61%|██████    | 326/538 [00:08<00:05, 40.15it/s]
Testing DataLoader 0:  61%|██████    | 327/538 [00:08<00:05, 40.15it/s]
Testing DataLoader 0:  61%|██████    | 328/538 [00:08<00:05, 40.16it/s]
Testing DataLoader 0:  61%|██████    | 329/538 [00:08<00:05, 40.16it/s]
Testing DataLoader 0:  61%|██████▏   | 330/538 [00:08<00:05, 40.17it/s]
Testing DataLoader 0:  62%|██████▏   | 331/538 [00:08<00:05, 40.17it/s]
Testing DataLoader 0:  62%|██████▏   | 332/538 [00:08<00:05, 40.17it/s]
Testing DataLoader 0:  62%|██████▏   | 333/538 [00:08<00:05, 40.18it/s]
Testing DataLoader 0:  62%|██████▏   | 334/538 [00:08<00:05, 40.18it/s]
Testing DataLoader 0:  62%|██████▏   | 335/538 [00:08<00:05, 40.18it/s]
Testing DataLoader 0:  62%|██████▏   | 336/538 [00:08<00:05, 40.18it/s]
Testing DataLoader 0:  63%|██████▎   | 337/538 [00:08<00:05, 40.19it/s]
Testing DataLoader 0:  63%|██████▎   | 338/538 [00:08<00:04, 40.19it/s]
Testing DataLoader 0:  63%|██████▎   | 339/538 [00:08<00:04, 40.19it/s]
Testing DataLoader 0:  63%|██████▎   | 340/538 [00:08<00:04, 40.19it/s]
Testing DataLoader 0:  63%|██████▎   | 341/538 [00:08<00:04, 40.19it/s]
Testing DataLoader 0:  64%|██████▎   | 342/538 [00:08<00:04, 40.20it/s]
Testing DataLoader 0:  64%|██████▍   | 343/538 [00:08<00:04, 40.20it/s]
Testing DataLoader 0:  64%|██████▍   | 344/538 [00:08<00:04, 40.20it/s]
Testing DataLoader 0:  64%|██████▍   | 345/538 [00:08<00:04, 40.21it/s]
Testing DataLoader 0:  64%|██████▍   | 346/538 [00:08<00:04, 40.21it/s]
Testing DataLoader 0:  64%|██████▍   | 347/538 [00:08<00:04, 40.21it/s]
Testing DataLoader 0:  65%|██████▍   | 348/538 [00:08<00:04, 40.22it/s]
Testing DataLoader 0:  65%|██████▍   | 349/538 [00:08<00:04, 40.22it/s]
Testing DataLoader 0:  65%|██████▌   | 350/538 [00:08<00:04, 40.22it/s]
Testing DataLoader 0:  65%|██████▌   | 351/538 [00:08<00:04, 40.22it/s]
Testing DataLoader 0:  65%|██████▌   | 352/538 [00:08<00:04, 40.23it/s]
Testing DataLoader 0:  66%|██████▌   | 353/538 [00:08<00:04, 40.23it/s]
Testing DataLoader 0:  66%|██████▌   | 354/538 [00:08<00:04, 40.23it/s]
Testing DataLoader 0:  66%|██████▌   | 355/538 [00:08<00:04, 40.24it/s]
Testing DataLoader 0:  66%|██████▌   | 356/538 [00:08<00:04, 40.24it/s]
Testing DataLoader 0:  66%|██████▋   | 357/538 [00:08<00:04, 40.24it/s]
Testing DataLoader 0:  67%|██████▋   | 358/538 [00:08<00:04, 40.24it/s]
Testing DataLoader 0:  67%|██████▋   | 359/538 [00:08<00:04, 40.24it/s]
Testing DataLoader 0:  67%|██████▋   | 360/538 [00:08<00:04, 40.24it/s]
Testing DataLoader 0:  67%|██████▋   | 361/538 [00:08<00:04, 40.24it/s]
Testing DataLoader 0:  67%|██████▋   | 362/538 [00:08<00:04, 40.25it/s]
Testing DataLoader 0:  67%|██████▋   | 363/538 [00:09<00:04, 40.25it/s]
Testing DataLoader 0:  68%|██████▊   | 364/538 [00:09<00:04, 40.25it/s]
Testing DataLoader 0:  68%|██████▊   | 365/538 [00:09<00:04, 40.25it/s]
Testing DataLoader 0:  68%|██████▊   | 366/538 [00:09<00:04, 40.26it/s]
Testing DataLoader 0:  68%|██████▊   | 367/538 [00:09<00:04, 40.26it/s]
Testing DataLoader 0:  68%|██████▊   | 368/538 [00:09<00:04, 40.26it/s]
Testing DataLoader 0:  69%|██████▊   | 369/538 [00:09<00:04, 40.27it/s]
Testing DataLoader 0:  69%|██████▉   | 370/538 [00:09<00:04, 40.26it/s]
Testing DataLoader 0:  69%|██████▉   | 371/538 [00:09<00:04, 40.27it/s]
Testing DataLoader 0:  69%|██████▉   | 372/538 [00:09<00:04, 40.27it/s]
Testing DataLoader 0:  69%|██████▉   | 373/538 [00:09<00:04, 40.27it/s]
Testing DataLoader 0:  70%|██████▉   | 374/538 [00:09<00:04, 40.28it/s]
Testing DataLoader 0:  70%|██████▉   | 375/538 [00:09<00:04, 40.28it/s]
Testing DataLoader 0:  70%|██████▉   | 376/538 [00:09<00:04, 40.28it/s]
Testing DataLoader 0:  70%|███████   | 377/538 [00:09<00:03, 40.29it/s]
Testing DataLoader 0:  70%|███████   | 378/538 [00:09<00:03, 40.28it/s]
Testing DataLoader 0:  70%|███████   | 379/538 [00:09<00:03, 40.29it/s]
Testing DataLoader 0:  71%|███████   | 380/538 [00:09<00:03, 40.29it/s]
Testing DataLoader 0:  71%|███████   | 381/538 [00:09<00:03, 40.29it/s]
Testing DataLoader 0:  71%|███████   | 382/538 [00:09<00:03, 40.29it/s]
Testing DataLoader 0:  71%|███████   | 383/538 [00:09<00:03, 40.30it/s]
Testing DataLoader 0:  71%|███████▏  | 384/538 [00:09<00:03, 40.30it/s]
Testing DataLoader 0:  72%|███████▏  | 385/538 [00:09<00:03, 40.30it/s]
Testing DataLoader 0:  72%|███████▏  | 386/538 [00:09<00:03, 40.30it/s]
Testing DataLoader 0:  72%|███████▏  | 387/538 [00:09<00:03, 40.31it/s]
Testing DataLoader 0:  72%|███████▏  | 388/538 [00:09<00:03, 40.31it/s]
Testing DataLoader 0:  72%|███████▏  | 389/538 [00:09<00:03, 40.31it/s]
Testing DataLoader 0:  72%|███████▏  | 390/538 [00:09<00:03, 40.32it/s]
Testing DataLoader 0:  73%|███████▎  | 391/538 [00:09<00:03, 40.32it/s]
Testing DataLoader 0:  73%|███████▎  | 392/538 [00:09<00:03, 40.32it/s]
Testing DataLoader 0:  73%|███████▎  | 393/538 [00:09<00:03, 40.33it/s]
Testing DataLoader 0:  73%|███████▎  | 394/538 [00:09<00:03, 40.33it/s]
Testing DataLoader 0:  73%|███████▎  | 395/538 [00:09<00:03, 40.33it/s]
Testing DataLoader 0:  74%|███████▎  | 396/538 [00:09<00:03, 40.33it/s]
Testing DataLoader 0:  74%|███████▍  | 397/538 [00:09<00:03, 40.34it/s]
Testing DataLoader 0:  74%|███████▍  | 398/538 [00:09<00:03, 40.34it/s]
Testing DataLoader 0:  74%|███████▍  | 399/538 [00:09<00:03, 40.34it/s]
Testing DataLoader 0:  74%|███████▍  | 400/538 [00:09<00:03, 40.34it/s]
Testing DataLoader 0:  75%|███████▍  | 401/538 [00:09<00:03, 40.35it/s]
Testing DataLoader 0:  75%|███████▍  | 402/538 [00:09<00:03, 40.35it/s]
Testing DataLoader 0:  75%|███████▍  | 403/538 [00:09<00:03, 40.35it/s]
Testing DataLoader 0:  75%|███████▌  | 404/538 [00:10<00:03, 40.35it/s]
Testing DataLoader 0:  75%|███████▌  | 405/538 [00:10<00:03, 40.36it/s]
Testing DataLoader 0:  75%|███████▌  | 406/538 [00:10<00:03, 40.36it/s]
Testing DataLoader 0:  76%|███████▌  | 407/538 [00:10<00:03, 40.36it/s]
Testing DataLoader 0:  76%|███████▌  | 408/538 [00:10<00:03, 40.37it/s]
Testing DataLoader 0:  76%|███████▌  | 409/538 [00:10<00:03, 40.37it/s]
Testing DataLoader 0:  76%|███████▌  | 410/538 [00:10<00:03, 40.37it/s]
Testing DataLoader 0:  76%|███████▋  | 411/538 [00:10<00:03, 40.37it/s]
Testing DataLoader 0:  77%|███████▋  | 412/538 [00:10<00:03, 40.38it/s]
Testing DataLoader 0:  77%|███████▋  | 413/538 [00:10<00:03, 40.38it/s]
Testing DataLoader 0:  77%|███████▋  | 414/538 [00:10<00:03, 40.38it/s]
Testing DataLoader 0:  77%|███████▋  | 415/538 [00:10<00:03, 40.38it/s]
Testing DataLoader 0:  77%|███████▋  | 416/538 [00:10<00:03, 40.39it/s]
Testing DataLoader 0:  78%|███████▊  | 417/538 [00:10<00:02, 40.39it/s]
Testing DataLoader 0:  78%|███████▊  | 418/538 [00:10<00:02, 40.38it/s]
Testing DataLoader 0:  78%|███████▊  | 419/538 [00:10<00:02, 40.39it/s]
Testing DataLoader 0:  78%|███████▊  | 420/538 [00:10<00:02, 40.39it/s]
Testing DataLoader 0:  78%|███████▊  | 421/538 [00:10<00:02, 40.39it/s]
Testing DataLoader 0:  78%|███████▊  | 422/538 [00:10<00:02, 40.39it/s]
Testing DataLoader 0:  79%|███████▊  | 423/538 [00:10<00:02, 40.40it/s]
Testing DataLoader 0:  79%|███████▉  | 424/538 [00:10<00:02, 40.40it/s]
Testing DataLoader 0:  79%|███████▉  | 425/538 [00:10<00:02, 40.40it/s]
Testing DataLoader 0:  79%|███████▉  | 426/538 [00:10<00:02, 40.40it/s]
Testing DataLoader 0:  79%|███████▉  | 427/538 [00:10<00:02, 40.41it/s]
Testing DataLoader 0:  80%|███████▉  | 428/538 [00:10<00:02, 40.41it/s]
Testing DataLoader 0:  80%|███████▉  | 429/538 [00:10<00:02, 40.41it/s]
Testing DataLoader 0:  80%|███████▉  | 430/538 [00:10<00:02, 40.41it/s]
Testing DataLoader 0:  80%|████████  | 431/538 [00:10<00:02, 40.41it/s]
Testing DataLoader 0:  80%|████████  | 432/538 [00:10<00:02, 40.41it/s]
Testing DataLoader 0:  80%|████████  | 433/538 [00:10<00:02, 40.41it/s]
Testing DataLoader 0:  81%|████████  | 434/538 [00:10<00:02, 40.41it/s]
Testing DataLoader 0:  81%|████████  | 435/538 [00:10<00:02, 40.42it/s]
Testing DataLoader 0:  81%|████████  | 436/538 [00:10<00:02, 40.42it/s]
Testing DataLoader 0:  81%|████████  | 437/538 [00:10<00:02, 40.42it/s]
Testing DataLoader 0:  81%|████████▏ | 438/538 [00:10<00:02, 40.42it/s]
Testing DataLoader 0:  82%|████████▏ | 439/538 [00:10<00:02, 40.42it/s]
Testing DataLoader 0:  82%|████████▏ | 440/538 [00:10<00:02, 40.43it/s]
Testing DataLoader 0:  82%|████████▏ | 441/538 [00:10<00:02, 40.43it/s]
Testing DataLoader 0:  82%|████████▏ | 442/538 [00:10<00:02, 40.43it/s]
Testing DataLoader 0:  82%|████████▏ | 443/538 [00:10<00:02, 40.43it/s]
Testing DataLoader 0:  83%|████████▎ | 444/538 [00:10<00:02, 40.43it/s]
Testing DataLoader 0:  83%|████████▎ | 445/538 [00:11<00:02, 40.44it/s]
Testing DataLoader 0:  83%|████████▎ | 446/538 [00:11<00:02, 40.44it/s]
Testing DataLoader 0:  83%|████████▎ | 447/538 [00:11<00:02, 40.44it/s]
Testing DataLoader 0:  83%|████████▎ | 448/538 [00:11<00:02, 40.44it/s]
Testing DataLoader 0:  83%|████████▎ | 449/538 [00:11<00:02, 40.44it/s]
Testing DataLoader 0:  84%|████████▎ | 450/538 [00:11<00:02, 40.45it/s]
Testing DataLoader 0:  84%|████████▍ | 451/538 [00:11<00:02, 40.45it/s]
Testing DataLoader 0:  84%|████████▍ | 452/538 [00:11<00:02, 40.45it/s]
Testing DataLoader 0:  84%|████████▍ | 453/538 [00:11<00:02, 40.45it/s]
Testing DataLoader 0:  84%|████████▍ | 454/538 [00:11<00:02, 40.45it/s]
Testing DataLoader 0:  85%|████████▍ | 455/538 [00:11<00:02, 40.46it/s]
Testing DataLoader 0:  85%|████████▍ | 456/538 [00:11<00:02, 40.46it/s]
Testing DataLoader 0:  85%|████████▍ | 457/538 [00:11<00:02, 40.46it/s]
Testing DataLoader 0:  85%|████████▌ | 458/538 [00:11<00:01, 40.46it/s]
Testing DataLoader 0:  85%|████████▌ | 459/538 [00:11<00:01, 40.46it/s]
Testing DataLoader 0:  86%|████████▌ | 460/538 [00:11<00:01, 40.46it/s]
Testing DataLoader 0:  86%|████████▌ | 461/538 [00:11<00:01, 40.46it/s]
Testing DataLoader 0:  86%|████████▌ | 462/538 [00:11<00:01, 40.46it/s]
Testing DataLoader 0:  86%|████████▌ | 463/538 [00:11<00:01, 40.47it/s]
Testing DataLoader 0:  86%|████████▌ | 464/538 [00:11<00:01, 40.47it/s]
Testing DataLoader 0:  86%|████████▋ | 465/538 [00:11<00:01, 40.47it/s]
Testing DataLoader 0:  87%|████████▋ | 466/538 [00:11<00:01, 40.47it/s]
Testing DataLoader 0:  87%|████████▋ | 467/538 [00:11<00:01, 40.47it/s]
Testing DataLoader 0:  87%|████████▋ | 468/538 [00:11<00:01, 40.47it/s]
Testing DataLoader 0:  87%|████████▋ | 469/538 [00:11<00:01, 40.48it/s]
Testing DataLoader 0:  87%|████████▋ | 470/538 [00:11<00:01, 40.48it/s]
Testing DataLoader 0:  88%|████████▊ | 471/538 [00:11<00:01, 40.48it/s]
Testing DataLoader 0:  88%|████████▊ | 472/538 [00:11<00:01, 40.48it/s]
Testing DataLoader 0:  88%|████████▊ | 473/538 [00:11<00:01, 40.49it/s]
Testing DataLoader 0:  88%|████████▊ | 474/538 [00:11<00:01, 40.49it/s]
Testing DataLoader 0:  88%|████████▊ | 475/538 [00:11<00:01, 40.49it/s]
Testing DataLoader 0:  88%|████████▊ | 476/538 [00:11<00:01, 40.49it/s]
Testing DataLoader 0:  89%|████████▊ | 477/538 [00:11<00:01, 40.49it/s]
Testing DataLoader 0:  89%|████████▉ | 478/538 [00:11<00:01, 40.49it/s]
Testing DataLoader 0:  89%|████████▉ | 479/538 [00:11<00:01, 40.50it/s]
Testing DataLoader 0:  89%|████████▉ | 480/538 [00:11<00:01, 40.50it/s]
Testing DataLoader 0:  89%|████████▉ | 481/538 [00:11<00:01, 40.50it/s]
Testing DataLoader 0:  90%|████████▉ | 482/538 [00:11<00:01, 40.50it/s]
Testing DataLoader 0:  90%|████████▉ | 483/538 [00:11<00:01, 40.51it/s]
Testing DataLoader 0:  90%|████████▉ | 484/538 [00:11<00:01, 40.51it/s]
Testing DataLoader 0:  90%|█████████ | 485/538 [00:11<00:01, 40.51it/s]
Testing DataLoader 0:  90%|█████████ | 486/538 [00:11<00:01, 40.51it/s]
Testing DataLoader 0:  91%|█████████ | 487/538 [00:12<00:01, 40.51it/s]
Testing DataLoader 0:  91%|█████████ | 488/538 [00:12<00:01, 40.51it/s]
Testing DataLoader 0:  91%|█████████ | 489/538 [00:12<00:01, 40.52it/s]
Testing DataLoader 0:  91%|█████████ | 490/538 [00:12<00:01, 40.52it/s]
Testing DataLoader 0:  91%|█████████▏| 491/538 [00:12<00:01, 40.52it/s]
Testing DataLoader 0:  91%|█████████▏| 492/538 [00:12<00:01, 40.52it/s]
Testing DataLoader 0:  92%|█████████▏| 493/538 [00:12<00:01, 40.52it/s]
Testing DataLoader 0:  92%|█████████▏| 494/538 [00:12<00:01, 40.52it/s]
Testing DataLoader 0:  92%|█████████▏| 495/538 [00:12<00:01, 40.53it/s]
Testing DataLoader 0:  92%|█████████▏| 496/538 [00:12<00:01, 40.53it/s]
Testing DataLoader 0:  92%|█████████▏| 497/538 [00:12<00:01, 40.53it/s]
Testing DataLoader 0:  93%|█████████▎| 498/538 [00:12<00:00, 40.53it/s]
Testing DataLoader 0:  93%|█████████▎| 499/538 [00:12<00:00, 40.53it/s]
Testing DataLoader 0:  93%|█████████▎| 500/538 [00:12<00:00, 40.54it/s]
Testing DataLoader 0:  93%|█████████▎| 501/538 [00:12<00:00, 40.54it/s]
Testing DataLoader 0:  93%|█████████▎| 502/538 [00:12<00:00, 40.54it/s]
Testing DataLoader 0:  93%|█████████▎| 503/538 [00:12<00:00, 40.54it/s]
Testing DataLoader 0:  94%|█████████▎| 504/538 [00:12<00:00, 40.54it/s]
Testing DataLoader 0:  94%|█████████▍| 505/538 [00:12<00:00, 40.54it/s]
Testing DataLoader 0:  94%|█████████▍| 506/538 [00:12<00:00, 40.55it/s]
Testing DataLoader 0:  94%|█████████▍| 507/538 [00:12<00:00, 40.55it/s]
Testing DataLoader 0:  94%|█████████▍| 508/538 [00:12<00:00, 40.55it/s]
Testing DataLoader 0:  95%|█████████▍| 509/538 [00:12<00:00, 40.55it/s]
Testing DataLoader 0:  95%|█████████▍| 510/538 [00:12<00:00, 40.55it/s]
Testing DataLoader 0:  95%|█████████▍| 511/538 [00:12<00:00, 40.55it/s]
Testing DataLoader 0:  95%|█████████▌| 512/538 [00:12<00:00, 40.55it/s]
Testing DataLoader 0:  95%|█████████▌| 513/538 [00:12<00:00, 40.55it/s]
Testing DataLoader 0:  96%|█████████▌| 514/538 [00:12<00:00, 40.55it/s]
Testing DataLoader 0:  96%|█████████▌| 515/538 [00:12<00:00, 40.56it/s]
Testing DataLoader 0:  96%|█████████▌| 516/538 [00:12<00:00, 40.56it/s]
Testing DataLoader 0:  96%|█████████▌| 517/538 [00:12<00:00, 40.56it/s]
Testing DataLoader 0:  96%|█████████▋| 518/538 [00:12<00:00, 40.56it/s]
Testing DataLoader 0:  96%|█████████▋| 519/538 [00:12<00:00, 40.56it/s]
Testing DataLoader 0:  97%|█████████▋| 520/538 [00:12<00:00, 40.56it/s]
Testing DataLoader 0:  97%|█████████▋| 521/538 [00:12<00:00, 40.56it/s]
Testing DataLoader 0:  97%|█████████▋| 522/538 [00:12<00:00, 40.56it/s]
Testing DataLoader 0:  97%|█████████▋| 523/538 [00:12<00:00, 40.56it/s]
Testing DataLoader 0:  97%|█████████▋| 524/538 [00:12<00:00, 40.57it/s]
Testing DataLoader 0:  98%|█████████▊| 525/538 [00:12<00:00, 40.57it/s]
Testing DataLoader 0:  98%|█████████▊| 526/538 [00:12<00:00, 40.57it/s]
Testing DataLoader 0:  98%|█████████▊| 527/538 [00:12<00:00, 40.57it/s]
Testing DataLoader 0:  98%|█████████▊| 528/538 [00:13<00:00, 40.57it/s]
Testing DataLoader 0:  98%|█████████▊| 529/538 [00:13<00:00, 40.57it/s]
Testing DataLoader 0:  99%|█████████▊| 530/538 [00:13<00:00, 40.57it/s]
Testing DataLoader 0:  99%|█████████▊| 531/538 [00:13<00:00, 40.57it/s]
Testing DataLoader 0:  99%|█████████▉| 532/538 [00:13<00:00, 40.57it/s]
Testing DataLoader 0:  99%|█████████▉| 533/538 [00:13<00:00, 40.57it/s]
Testing DataLoader 0:  99%|█████████▉| 534/538 [00:13<00:00, 40.57it/s]
Testing DataLoader 0:  99%|█████████▉| 535/538 [00:13<00:00, 40.57it/s]
Testing DataLoader 0: 100%|█████████▉| 536/538 [00:13<00:00, 40.57it/s]
Testing DataLoader 0: 100%|█████████▉| 537/538 [00:13<00:00, 40.57it/s]
Testing DataLoader 0: 100%|██████████| 538/538 [00:13<00:00, 40.57it/s]
=======================================================
  Final Test Report for RF
=======================================================
              precision    recall  f1-score   support

      Normal     0.9980    0.3107    0.4738     68297
   Anomalous     0.5953    0.9994    0.7461     69289

    accuracy                         0.6575    137586
   macro avg     0.7967    0.6550    0.6100    137586
weighted avg     0.7952    0.6575    0.6110    137586

=======================================================

Testing DataLoader 0: 100%|██████████| 538/538 [00:13<00:00, 40.48it/s]
Model: rf, Dataset: Fox, Window Size: 60, Split Method: 1
✓ Successfully processed: rf Fox 60
---
All combinations processed! (3 total runs)
==================================
ML training batch job completed at Sat Aug  9 16:32:03 +01 2025
